{"type":"FeatureCollection","source":"Flanders Marine Institute: Maritime Boundaries Geodatabase, Exclusive Economic Zones (marineregions.org), via geo.vliz.be WFS","license":"CC-BY 4.0 — https://creativecommons.org/licenses/by/4.0/","generated_by":"packages/stations/fetch-maritime-zones.ts (clipped to coverage cells, simplified ~100m)","coverage":[[-61,45.5,-60.5,46],[-60.5,45.5,-60,46],[-60,45.5,-59.5,46],[-61,46,-60.5,46.5],[-60.5,46,-60,46.5],[-60,46,-59.5,46.5],[-61,46.5,-60.5,47],[-60.5,46.5,-60,47],[-60,46.5,-59.5,47],[-124.5,47.5,-124,48],[-124,47.5,-123.5,48],[-123.5,47.5,-123,48],[-123,47.5,-122.5,48],[-125,48,-124.5,48.5],[-124.5,48,-124,48.5],[-124,48,-123.5,48.5],[-123.5,48,-123,48.5],[-123,48,-122.5,48.5],[-126.5,48.5,-126,49],[-126,48.5,-125.5,49],[-125.5,48.5,-125,49],[-125,48.5,-124.5,49],[-124.5,48.5,-124,49],[-124,48.5,-123.5,49],[-123.5,48.5,-123,49],[-123,48.5,-122.5,49],[-126.5,49,-126,49.5],[-126,49,-125.5,49.5],[-125.5,49,-125,49.5],[-125,49,-124.5,49.5],[-124.5,49,-124,49.5],[-124,49,-123.5,49.5],[-123.5,49,-123,49.5],[-123,49,-122.5,49.5],[-127,49.5,-126.5,50],[-126.5,49.5,-126,50],[-126,49.5,-125.5,50],[-125.5,49.5,-125,50],[-125,49.5,-124.5,50],[-124.5,49.5,-124,50],[-124,49.5,-123.5,50],[-123.5,49.5,-123,50],[-123,49.5,-122.5,50],[-128.5,50,-128,50.5],[-128,50,-127.5,50.5],[-127.5,50,-127,50.5],[-127,50,-126.5,50.5],[-126.5,50,-126,50.5],[-126,50,-125.5,50.5],[-125.5,50,-125,50.5],[-125,50,-124.5,50.5],[-124.5,50,-124,50.5],[-124,50,-123.5,50.5],[-123.5,50,-123,50.5],[-128.5,50.5,-128,51],[-128,50.5,-127.5,51],[-127.5,50.5,-127,51],[-127,50.5,-126.5,51],[-126.5,50.5,-126,51],[-126,50.5,-125.5,51],[-125.5,50.5,-125,51],[-125,50.5,-124.5,51],[-124.5,50.5,-124,51],[-124,50.5,-123.5,51],[-123.5,50.5,-123,51],[-128.5,51,-128,51.5],[-128,51,-127.5,51.5],[-127.5,51,-127,51.5],[-127,51,-126.5,51.5],[-126.5,51,-126,51.5],[-128.5,51.5,-128,52],[-128,51.5,-127.5,52],[-127.5,51.5,-127,52],[-133,53.5,-132.5,54],[-132.5,53.5,-132,54],[-132,53.5,-131.5,54],[-133,54,-132.5,54.5],[-132.5,54,-132,54.5],[-132,54,-131.5,54.5],[-133,54.5,-132.5,55],[-132.5,54.5,-132,55],[-132,54.5,-131.5,55]],"features":[{"type":"Feature","properties":{"country":"US","name":"United States Exclusive Economic Zone","mrgid":8456},"geometry":{"type":"MultiPolygon","coordinates":[[[[-124.5,48],[-124.5,47.8231],[-124.4914,47.8177],[-124.4846,47.8067],[-124.4813,47.7948],[-124.4834,47.7934],[-124.4833,47.7898],[-124.4732,47.7718],[-124.4811,47.7684],[-124.4805,47.7668],[-124.4747,47.766],[-124.4659,47.7673],[-124.4628,47.7642],[-124.4546,47.7665],[-124.4516,47.7631],[-124.4515,47.7589],[-124.4413,47.7509],[-124.4308,47.7457],[-124.4253,47.7376],[-124.416,47.7098],[-124.4124,47.6922],[-124.3918,47.6571],[-124.3877,47.6475],[-124.3864,47.6394],[-124.3797,47.6237],[-124.3769,47.609],[-124.3652,47.5799],[-124.3604,47.558],[-124.3598,47.5485],[-124.3576,47.5427],[-124.3555,47.5396],[-124.3539,47.5433],[-124.3483,47.5395],[-124.3503,47.5371],[-124.3494,47.5352],[-124.3405,47.5359],[-124.3448,47.5335],[-124.3493,47.5335],[-124.3549,47.5367],[-124.3475,47.5],[-124.5,47.5],[-124.5,48]],[[-124.4887,47.6711],[-124.4824,47.6737],[-124.4806,47.6785],[-124.4853,47.6783],[-124.4941,47.6719],[-124.4887,47.6711]]],[[[-123,48],[-123,47.5],[-123,47.5391],[-123.0129,47.529],[-123.0171,47.5283],[-123.0306,47.5112],[-123.0314,47.5],[-123.0595,47.5],[-123.0552,47.5069],[-123.0567,47.5103],[-123.0505,47.5235],[-123.0501,47.5289],[-123.0428,47.5347],[-123.0372,47.5447],[-123.0389,47.5476],[-123.038,47.5509],[-123.0323,47.551],[-123.0153,47.5645],[-123.015,47.5683],[-123.0102,47.5717],[-123.0036,47.5843],[-123,47.5877],[-123,48],[-123.5,48],[-123.5,47.5],[-123.5,48],[-123,48]]],[[[-122.5,48],[-122.5,47.5],[-122.5047,47.5],[-122.5,47.5065],[-122.5,47.5147],[-122.5036,47.5182],[-122.5138,47.5192],[-122.5178,47.5177],[-122.5218,47.5237],[-122.5316,47.5221],[-122.5469,47.5255],[-122.5475,47.5275],[-122.5398,47.5427],[-122.5402,47.549],[-122.5433,47.5545],[-122.5422,47.5578],[-122.5384,47.5621],[-122.533,47.565],[-122.5411,47.5687],[-122.5476,47.5684],[-122.5507,47.5705],[-122.5444,47.5768],[-122.5495,47.579],[-122.5488,47.5876],[-122.5548,47.5903],[-122.571,47.5839],[-122.5763,47.5759],[-122.581,47.5738],[-122.5899,47.5657],[-122.6082,47.5465],[-122.6209,47.5482],[-122.625,47.544],[-122.634,47.5427],[-122.6387,47.5442],[-122.6413,47.5401],[-122.6461,47.538],[-122.663,47.5394],[-122.6682,47.5319],[-122.6827,47.5277],[-122.6914,47.527],[-122.6961,47.5286],[-122.6756,47.5383],[-122.675,47.5432],[-122.6724,47.5467],[-122.6613,47.5509],[-122.6568,47.5545],[-122.6394,47.5567],[-122.637,47.5591],[-122.6312,47.5605],[-122.6265,47.5601],[-122.6225,47.5677],[-122.6237,47.5718],[-122.6299,47.5775],[-122.6326,47.5788],[-122.64,47.578],[-122.6472,47.5804],[-122.6557,47.5884],[-122.6577,47.5875],[-122.6603,47.5802],[-122.6657,47.5823],[-122.6666,47.5856],[-122.662,47.5977],[-122.6644,47.6014],[-122.6683,47.6032],[-122.6701,47.6017],[-122.6721,47.5937],[-122.6723,47.5804],[-122.6733,47.5928],[-122.6772,47.5948],[-122.6787,47.593],[-122.6766,47.5756],[-122.6727,47.5774],[-122.6718,47.5735],[-122.6683,47.5693],[-122.6767,47.5696],[-122.6806,47.572],[-122.6782,47.575],[-122.6783,47.5814],[-122.6799,47.581],[-122.6821,47.5755],[-122.6848,47.5767],[-122.6894,47.5839],[-122.6891,47.5875],[-122.6857,47.5921],[-122.6927,47.5983],[-122.6871,47.597],[-122.6871,47.6066],[-122.6926,47.6089],[-122.6967,47.603],[-122.7059,47.6033],[-122.7077,47.6046],[-122.7092,47.6121],[-122.7061,47.6273],[-122.7028,47.6312],[-122.699,47.6418],[-122.6933,47.644],[-122.6915,47.6483],[-122.6853,47.6484],[-122.6733,47.6368],[-122.6779,47.6237],[-122.671,47.6191],[-122.661,47.6153],[-122.661,47.603],[-122.6566,47.5995],[-122.6564,47.5967],[-122.6521,47.5908],[-122.6418,47.5829],[-122.6246,47.5783],[-122.6155,47.568],[-122.6089,47.5682],[-122.6033,47.5737],[-122.5922,47.5949],[-122.5982,47.6024],[-122.5953,47.6092],[-122.5956,47.6146],[-122.591,47.6344],[-122.5917,47.6377],[-122.601,47.6384],[-122.6046,47.6446],[-122.6178,47.6511],[-122.6142,47.6533],[-122.6126,47.663],[-122.6145,47.6664],[-122.6154,47.6825],[-122.6185,47.6917],[-122.6177,47.6945],[-122.6233,47.695],[-122.6137,47.7007],[-122.6202,47.7046],[-122.6301,47.7056],[-122.6328,47.7048],[-122.633,47.7023],[-122.6309,47.7022],[-122.6268,47.6984],[-122.6317,47.6997],[-122.6344,47.6987],[-122.6373,47.7001],[-122.6357,47.7071],[-122.6369,47.7113],[-122.6405,47.7065],[-122.6447,47.714],[-122.6468,47.7139],[-122.6482,47.7099],[-122.6486,47.7138],[-122.6519,47.7186],[-122.6568,47.7197],[-122.658,47.7235],[-122.6622,47.7275],[-122.6524,47.7444],[-122.6511,47.7444],[-122.6499,47.7363],[-122.6443,47.7279],[-122.6348,47.7215],[-122.6277,47.7205],[-122.6244,47.7177],[-122.6288,47.7138],[-122.6278,47.7088],[-122.626,47.708],[-122.6198,47.7121],[-122.6139,47.7121],[-122.6046,47.7044],[-122.6054,47.6986],[-122.6038,47.6963],[-122.5949,47.6943],[-122.5921,47.691],[-122.5883,47.6904],[-122.5857,47.6961],[-122.5822,47.6981],[-122.5816,47.7036],[-122.5758,47.7089],[-122.5665,47.7132],[-122.5623,47.7174],[-122.5607,47.7223],[-122.5542,47.7256],[-122.5489,47.7328],[-122.55,47.7409],[-122.5605,47.7503],[-122.5554,47.7572],[-122.5557,47.7618],[-122.5527,47.7603],[-122.5507,47.7514],[-122.5457,47.7492],[-122.5468,47.7478],[-122.5536,47.7479],[-122.5536,47.7463],[-122.5382,47.7474],[-122.5211,47.7466],[-122.5137,47.7433],[-122.5,47.7442],[-122.5,47.7878],[-122.506,47.7949],[-122.5028,47.7972],[-122.5,47.7965],[-122.5,47.825],[-122.5061,47.8319],[-122.5061,47.8493],[-122.5078,47.8511],[-122.5079,47.855],[-122.5144,47.8654],[-122.5135,47.8805],[-122.5199,47.8873],[-122.5219,47.893],[-122.5274,47.9005],[-122.5282,47.9051],[-122.5264,47.912],[-122.5357,47.9112],[-122.5466,47.9183],[-122.5502,47.9191],[-122.59,47.9215],[-122.5993,47.928],[-122.6043,47.9401],[-122.6126,47.9408],[-122.6174,47.9387],[-122.6203,47.9328],[-122.6198,47.9312],[-122.6141,47.9298],[-122.6173,47.9259],[-122.5963,47.9195],[-122.5853,47.9103],[-122.5902,47.909],[-122.5846,47.9082],[-122.5825,47.9062],[-122.583,47.905],[-122.5848,47.9068],[-122.5855,47.9038],[-122.5871,47.9073],[-122.5925,47.9064],[-122.5861,47.9017],[-122.5802,47.8863],[-122.5736,47.8749],[-122.5728,47.8625],[-122.5754,47.8553],[-122.5711,47.8508],[-122.5685,47.844],[-122.5666,47.8346],[-122.5687,47.8284],[-122.5671,47.8243],[-122.5636,47.8232],[-122.5642,47.822],[-122.5734,47.8186],[-122.576,47.8152],[-122.5805,47.8137],[-122.5782,47.8175],[-122.5843,47.825],[-122.5859,47.8414],[-122.5834,47.8498],[-122.5788,47.854],[-122.5804,47.8576],[-122.6075,47.857],[-122.6139,47.8531],[-122.6239,47.8361],[-122.6311,47.8348],[-122.6403,47.8303],[-122.6481,47.8249],[-122.6538,47.8159],[-122.6573,47.8138],[-122.6637,47.8135],[-122.6741,47.8041],[-122.6842,47.7986],[-122.69,47.7795],[-122.6944,47.7762],[-122.7031,47.7744],[-122.7072,47.7699],[-122.7146,47.7678],[-122.7222,47.756],[-122.7223,47.7499],[-122.7275,47.7485],[-122.7288,47.7464],[-122.7285,47.7412],[-122.7339,47.7375],[-122.7405,47.736],[-122.7388,47.7321],[-122.7439,47.7298],[-122.7443,47.7248],[-122.7487,47.72],[-122.7487,47.7075],[-122.7455,47.7005],[-122.7459,47.6823],[-122.7533,47.6676],[-122.777,47.6603],[-122.7826,47.6572],[-122.7838,47.6546],[-122.7891,47.657],[-122.807,47.6512],[-122.8214,47.6431],[-122.8299,47.6415],[-122.8339,47.6378],[-122.8372,47.6385],[-122.8373,47.6416],[-122.827,47.6547],[-122.8313,47.6548],[-122.8533,47.6481],[-122.8559,47.6458],[-122.8599,47.6373],[-122.8671,47.6327],[-122.8676,47.6277],[-122.8696,47.626],[-122.8717,47.6268],[-122.8699,47.63],[-122.8706,47.6323],[-122.8753,47.6331],[-122.8911,47.6283],[-122.8969,47.6248],[-122.9158,47.6213],[-122.9197,47.6159],[-122.9163,47.6092],[-122.9226,47.5975],[-122.9289,47.5957],[-122.9444,47.5863],[-122.9641,47.5845],[-122.9696,47.5749],[-122.9713,47.5673],[-122.9762,47.5654],[-122.9756,47.5595],[-122.984,47.5584],[-123,47.5391],[-123,47.5],[-123,47.5877],[-122.9893,47.6006],[-122.983,47.6032],[-122.983,47.6052],[-122.9883,47.6052],[-122.9837,47.6091],[-122.9824,47.6146],[-122.9669,47.6191],[-122.9566,47.6243],[-122.9554,47.6269],[-122.9441,47.6306],[-122.9419,47.636],[-122.9365,47.6386],[-122.9364,47.6431],[-122.9295,47.6455],[-122.9267,47.6508],[-122.9221,47.6503],[-122.9173,47.6465],[-122.9049,47.6463],[-122.9053,47.6483],[-122.9017,47.6527],[-122.906,47.6587],[-122.9035,47.6633],[-122.9091,47.6645],[-122.9175,47.6598],[-122.9209,47.6601],[-122.9088,47.666],[-122.9062,47.6708],[-122.8983,47.6779],[-122.8985,47.6815],[-122.8891,47.688],[-122.892,47.6965],[-122.8957,47.6995],[-122.8952,47.7051],[-122.8857,47.7125],[-122.8837,47.7307],[-122.8809,47.7327],[-122.8729,47.7309],[-122.8753,47.7377],[-122.8723,47.7443],[-122.8627,47.7448],[-122.8576,47.7364],[-122.8521,47.7376],[-122.8534,47.7456],[-122.8494,47.7515],[-122.8505,47.7611],[-122.8569,47.7631],[-122.8646,47.7696],[-122.8669,47.7772],[-122.8657,47.7807],[-122.8679,47.7835],[-122.8695,47.7939],[-122.8668,47.8014],[-122.8694,47.8107],[-122.8674,47.8105],[-122.8568,47.8173],[-122.8589,47.8228],[-122.8564,47.8264],[-122.8549,47.8269],[-122.8512,47.823],[-122.8505,47.8142],[-122.8465,47.8095],[-122.8449,47.8042],[-122.8462,47.7996],[-122.8499,47.7959],[-122.8511,47.7843],[-122.8542,47.7823],[-122.8533,47.7807],[-122.8415,47.7799],[-122.8273,47.7856],[-122.8228,47.7895],[-122.8159,47.8091],[-122.8168,47.8106],[-122.8205,47.8105],[-122.8265,47.8206],[-122.8215,47.8274],[-122.8217,47.8385],[-122.8186,47.8417],[-122.8097,47.8462],[-122.8129,47.8476],[-122.8064,47.85],[-122.8067,47.851],[-122.8137,47.8487],[-122.8141,47.8551],[-122.8126,47.858],[-122.8071,47.8553],[-122.8049,47.8516],[-122.8062,47.8464],[-122.8043,47.8428],[-122.8046,47.8377],[-122.8062,47.8369],[-122.8076,47.8426],[-122.8105,47.8439],[-122.8101,47.8419],[-122.8046,47.8303],[-122.7999,47.8281],[-122.7942,47.8209],[-122.7962,47.8118],[-122.7871,47.8044],[-122.7889,47.7983],[-122.7894,47.7852],[-122.7961,47.7733],[-122.7954,47.7697],[-122.7998,47.761],[-122.7997,47.7577],[-122.8099,47.7465],[-122.8093,47.741],[-122.8063,47.7356],[-122.8064,47.7314],[-122.8136,47.7249],[-122.811,47.7202],[-122.8122,47.7161],[-122.8146,47.7136],[-122.8243,47.7109],[-122.8273,47.7052],[-122.8274,47.6974],[-122.8323,47.6916],[-122.8131,47.6821],[-122.7916,47.6869],[-122.7854,47.687],[-122.7721,47.6919],[-122.7725,47.695],[-122.7841,47.704],[-122.7819,47.7089],[-122.7834,47.7215],[-122.7729,47.7387],[-122.7671,47.743],[-122.7599,47.7457],[-122.7562,47.751],[-122.7578,47.758],[-122.7524,47.7668],[-122.7489,47.7691],[-122.7509,47.7706],[-122.7505,47.7734],[-122.7462,47.7762],[-122.7496,47.78],[-122.7493,47.7881],[-122.7443,47.7935],[-122.748,47.8002],[-122.7478,47.8027],[-122.7428,47.809],[-122.7377,47.8104],[-122.73,47.8097],[-122.721,47.8121],[-122.7037,47.8253],[-122.695,47.8277],[-122.6869,47.8321],[-122.6834,47.8405],[-122.6861,47.8536],[-122.6883,47.858],[-122.6909,47.8595],[-122.6933,47.8674],[-122.6914,47.8689],[-122.6685,47.8677],[-122.6535,47.8638],[-122.6364,47.8663],[-122.6331,47.8713],[-122.6302,47.8802],[-122.6308,47.8836],[-122.6271,47.8885],[-122.6251,47.8874],[-122.6255,47.8787],[-122.6226,47.8773],[-122.6119,47.8874],[-122.6182,47.8903],[-122.6374,47.8899],[-122.6429,47.8916],[-122.6475,47.8952],[-122.6477,47.8994],[-122.6542,47.9035],[-122.6554,47.9065],[-122.6519,47.9216],[-122.6561,47.9241],[-122.6571,47.929],[-122.6597,47.9306],[-122.6636,47.9293],[-122.6751,47.9166],[-122.6861,47.9148],[-122.6901,47.9178],[-122.6944,47.9181],[-122.693,47.915],[-122.6986,47.9143],[-122.6998,47.9178],[-122.6955,47.9202],[-122.6895,47.9221],[-122.6816,47.9218],[-122.6808,47.9325],[-122.6852,47.9418],[-122.6789,47.9546],[-122.6762,47.9566],[-122.6768,47.9591],[-122.6796,47.9618],[-122.6848,47.9615],[-122.6857,47.9513],[-122.6871,47.9508],[-122.6897,47.9509],[-122.6944,47.9561],[-122.6914,47.959],[-122.6875,47.958],[-122.6857,47.9623],[-122.6791,47.9637],[-122.6789,47.9677],[-122.6831,47.9715],[-122.7016,47.9734],[-122.7086,47.9809],[-122.7182,47.9879],[-122.72,48],[-122.8433,48],[-122.8516,47.9955],[-122.8696,47.9931],[-122.878,47.9938],[-122.8873,47.9913],[-122.887,47.9936],[-122.8812,47.9989],[-122.8757,47.9989],[-122.8751,48],[-123,48],[-123,47.5],[-123,48],[-122.5,48]],[[-122.5477,48],[-122.5415,47.9934],[-122.5424,47.9883],[-122.5514,47.9771],[-122.5519,47.9731],[-122.5481,47.9706],[-122.5462,47.9671],[-122.5224,47.9724],[-122.5184,47.9747],[-122.5123,47.9826],[-122.5,47.9873],[-122.5,47.9907],[-122.5016,47.9913],[-122.5,47.9917],[-122.5,47.994],[-122.5058,47.9951],[-122.5,47.9973],[-122.5,48],[-122.5477,48]],[[-122.5664,47.6894],[-122.5648,47.681],[-122.5597,47.6743],[-122.5646,47.6718],[-122.5657,47.6667],[-122.5686,47.6638],[-122.5697,47.6734],[-122.5726,47.6746],[-122.586,47.6651],[-122.5923,47.6628],[-122.5818,47.6458],[-122.5745,47.6442],[-122.5789,47.6425],[-122.5794,47.6367],[-122.5778,47.6313],[-122.5788,47.6227],[-122.5744,47.6153],[-122.5776,47.5998],[-122.5744,47.5946],[-122.5668,47.5905],[-122.5617,47.5937],[-122.556,47.6013],[-122.5489,47.6033],[-122.5462,47.5972],[-122.5401,47.5958],[-122.5346,47.5918],[-122.5232,47.5753],[-122.5197,47.574],[-122.5037,47.5753],[-122.5,47.5774],[-122.5,47.5906],[-122.507,47.5943],[-122.5116,47.5938],[-122.5182,47.5961],[-122.5,47.5967],[-122.5,47.6171],[-122.506,47.6161],[-122.5086,47.6179],[-122.5126,47.6178],[-122.5152,47.616],[-122.5265,47.618],[-122.5307,47.6226],[-122.5357,47.6222],[-122.5388,47.6257],[-122.538,47.627],[-122.5354,47.6246],[-122.5298,47.6248],[-122.5248,47.62],[-122.5203,47.6219],[-122.5145,47.6206],[-122.5019,47.6261],[-122.5,47.6246],[-122.5,47.6378],[-122.5172,47.653],[-122.5,47.66],[-122.5,47.6626],[-122.5043,47.6642],[-122.5085,47.6706],[-122.5085,47.6797],[-122.5053,47.6837],[-122.506,47.6881],[-122.5037,47.6942],[-122.5057,47.7022],[-122.512,47.7093],[-122.5174,47.7062],[-122.5124,47.7074],[-122.51,47.7051],[-122.5204,47.7054],[-122.5246,47.7081],[-122.5283,47.6995],[-122.5373,47.6951],[-122.5411,47.6962],[-122.5433,47.692],[-122.5478,47.692],[-122.5401,47.6984],[-122.5368,47.6983],[-122.5342,47.7017],[-122.5319,47.7],[-122.5296,47.7019],[-122.5308,47.7049],[-122.5391,47.708],[-122.5433,47.7116],[-122.5449,47.719],[-122.5516,47.7209],[-122.5563,47.7187],[-122.5651,47.7102],[-122.5637,47.7006],[-122.5664,47.6894]],[[-122.5,47.545],[-122.5057,47.5443],[-122.5,47.5355],[-122.5,47.545]]],[[[-124.5,48.3376],[-124.5122,48.3446],[-124.526,48.3497],[-124.5399,48.3505],[-124.565,48.3674],[-124.5722,48.3671],[-124.5771,48.37],[-124.5897,48.3731],[-124.6007,48.3703],[-124.6066,48.3665],[-124.6089,48.3665],[-124.6116,48.3691],[-124.6182,48.3663],[-124.6223,48.3673],[-124.6287,48.3721],[-124.6297,48.3762],[-124.621,48.3762],[-124.604,48.3793],[-124.5999,48.377],[-124.5941,48.378],[-124.5942,48.3799],[-124.601,48.3871],[-124.6024,48.3858],[-124.6005,48.3832],[-124.6016,48.3809],[-124.6115,48.3784],[-124.6295,48.3773],[-124.6375,48.383],[-124.6385,48.3856],[-124.6371,48.3878],[-124.6467,48.3881],[-124.6578,48.3908],[-124.668,48.3885],[-124.6778,48.392],[-124.694,48.3897],[-124.6951,48.3876],[-124.7023,48.3887],[-124.7057,48.3857],[-124.7176,48.3909],[-124.7214,48.3896],[-124.7233,48.3866],[-124.7319,48.3813],[-124.7307,48.3756],[-124.7276,48.3746],[-124.728,48.372],[-124.7123,48.365],[-124.7131,48.3634],[-124.7075,48.359],[-124.7089,48.3557],[-124.7077,48.3537],[-124.6969,48.35],[-124.6948,48.3455],[-124.6963,48.3437],[-124.6888,48.3396],[-124.6752,48.3412],[-124.6698,48.3395],[-124.6633,48.3343],[-124.6597,48.3269],[-124.6616,48.3236],[-124.6689,48.3183],[-124.6649,48.3181],[-124.6621,48.313],[-124.6653,48.3],[-124.6686,48.2972],[-124.6742,48.2958],[-124.6782,48.2956],[-124.6812,48.298],[-124.6831,48.2929],[-124.6878,48.2873],[-124.6839,48.2811],[-124.6864,48.279],[-124.6802,48.2741],[-124.6827,48.2588],[-124.6867,48.2533],[-124.6977,48.2475],[-124.7015,48.242],[-124.7082,48.2428],[-124.7024,48.2388],[-124.7043,48.2366],[-124.699,48.2323],[-124.6978,48.2271],[-124.6928,48.2239],[-124.6909,48.2191],[-124.6909,48.2145],[-124.7004,48.1899],[-124.7074,48.1819],[-124.7144,48.1827],[-124.7157,48.1818],[-124.7143,48.1796],[-124.7262,48.1717],[-124.7329,48.1698],[-124.7344,48.1641],[-124.7205,48.1514],[-124.7162,48.1411],[-124.7074,48.1318],[-124.7086,48.1278],[-124.7132,48.1255],[-124.7043,48.1231],[-124.6984,48.1191],[-124.6935,48.1099],[-124.6942,48.1028],[-124.6917,48.1022],[-124.6874,48.0971],[-124.6874,48.0945],[-124.6902,48.0911],[-124.6943,48.0915],[-124.6968,48.0897],[-124.6952,48.0832],[-124.697,48.0715],[-124.6925,48.0649],[-124.697,48.0628],[-124.6925,48.056],[-124.6885,48.0544],[-124.6845,48.0474],[-124.6862,48.0448],[-124.6818,48.036],[-124.6832,48.0299],[-124.6818,48.0229],[-124.6835,48.0216],[-124.6792,48.0163],[-124.6784,48.0117],[-124.6802,48],[-125,48],[-125,48.4773],[-124.9523,48.4866],[-124.9038,48.4935],[-124.8574,48.4975],[-124.8135,48.4984],[-124.7272,48.4934],[-124.5,48.4309],[-124.5,48.3376]],[[-124.7229,48.0023],[-124.7227,48.0055],[-124.7272,48.0058],[-124.7267,48.0027],[-124.7229,48.0023]],[[-124.7331,48.3928],[-124.7369,48.3925],[-124.7367,48.3944],[-124.7389,48.3944],[-124.7375,48.3931],[-124.7439,48.3911],[-124.7397,48.3906],[-124.7392,48.3922],[-124.7378,48.3897],[-124.7333,48.39],[-124.7331,48.3928]],[[-124.7437,48.394],[-124.7469,48.392],[-124.7454,48.3911],[-124.7437,48.394]],[[-124.7464,48.1544],[-124.7456,48.1564],[-124.7542,48.1617],[-124.7558,48.1581],[-124.7464,48.1544]],[[-124.7547,48.1736],[-124.7539,48.1758],[-124.7625,48.1765],[-124.7618,48.1751],[-124.7547,48.1736]]],[[[-124,48.1709],[-124.0024,48.1725],[-124.0138,48.1718],[-124.0227,48.1729],[-124.0253,48.1751],[-124.0325,48.1742],[-124.0506,48.1779],[-124.0597,48.1817],[-124.062,48.1871],[-124.0663,48.1866],[-124.0923,48.1967],[-124.1094,48.2012],[-124.1101,48.2028],[-124.1057,48.2058],[-124.1047,48.2118],[-124.1021,48.216],[-124.1052,48.2185],[-124.1118,48.2204],[-124.1196,48.2191],[-124.129,48.2205],[-124.1439,48.2288],[-124.1536,48.231],[-124.1921,48.2456],[-124.216,48.2524],[-124.2227,48.2565],[-124.2313,48.258],[-124.2366,48.2619],[-124.2492,48.2637],[-124.2595,48.2561],[-124.2753,48.2546],[-124.2792,48.2553],[-124.2821,48.2587],[-124.2894,48.2577],[-124.297,48.2597],[-124.3003,48.2631],[-124.2987,48.2672],[-124.3031,48.2693],[-124.3404,48.2763],[-124.3487,48.2834],[-124.3589,48.2875],[-124.3713,48.2852],[-124.3855,48.2855],[-124.4176,48.3021],[-124.4388,48.3075],[-124.4478,48.3168],[-124.4688,48.3238],[-124.4802,48.3303],[-124.4892,48.3322],[-124.4952,48.3366],[-124.5,48.3376],[-124.5,48],[-124.5,48.4309],[-124.0121,48.2967],[-124,48.2946],[-124,48.1709]]],[[[-123.5,48.1323],[-123.5184,48.1337],[-123.5276,48.1385],[-123.5351,48.1462],[-123.5515,48.1513],[-123.5664,48.148],[-123.5743,48.1412],[-123.583,48.1369],[-123.5937,48.1351],[-123.6111,48.1384],[-123.6275,48.139],[-123.6407,48.1459],[-123.6407,48.1481],[-123.6379,48.1506],[-123.6442,48.1546],[-123.6722,48.163],[-123.6855,48.1638],[-123.7042,48.1673],[-123.706,48.1662],[-123.7048,48.1641],[-123.709,48.1616],[-123.7214,48.1586],[-123.7268,48.1596],[-123.7282,48.1614],[-123.7266,48.1645],[-123.7303,48.1654],[-123.7355,48.1642],[-123.7387,48.1605],[-123.7518,48.1612],[-123.7786,48.1561],[-123.8132,48.1552],[-123.827,48.1607],[-123.8334,48.1575],[-123.8433,48.1554],[-123.8637,48.1544],[-123.8674,48.1552],[-123.8721,48.1593],[-123.8816,48.1618],[-123.9133,48.1594],[-123.9365,48.1607],[-123.9429,48.166],[-123.9579,48.1655],[-123.9615,48.1671],[-123.9638,48.1651],[-123.9711,48.1644],[-123.9964,48.1684],[-124,48.1709],[-124,48],[-124,48.2946],[-123.6791,48.24],[-123.5412,48.2246],[-123.5,48.2329],[-123.5,48.1323]]],[[[-123,48.5],[-123,48],[-123,48.0919],[-123.0074,48.0904],[-123.015,48.0856],[-123.0414,48.0807],[-123.04,48.079],[-123.025,48.0828],[-123.0213,48.0817],[-123.0198,48.0795],[-123.0235,48.0811],[-123.0203,48.0774],[-123.0077,48.0681],[-123.0062,48.0617],[-123.0114,48.0535],[-123,48.0379],[-123,48.0234],[-123.0042,48.0233],[-123.0107,48.0275],[-123.0141,48.0274],[-123.0195,48.0325],[-123.0187,48.0365],[-123.0268,48.0418],[-123.0387,48.0546],[-123.0453,48.0579],[-123.0441,48.0603],[-123.0373,48.0627],[-123.0431,48.0673],[-123.0454,48.0803],[-123.0466,48.0815],[-123.0502,48.0809],[-123.0525,48.083],[-123.0469,48.0865],[-123.0469,48.0921],[-123.0445,48.0852],[-123.046,48.0822],[-123.0413,48.0832],[-123.0411,48.0865],[-123.0469,48.0985],[-123.062,48.1177],[-123.0671,48.1211],[-123.0845,48.127],[-123.1073,48.143],[-123.1151,48.1512],[-123.1303,48.1544],[-123.1371,48.151],[-123.1409,48.151],[-123.1496,48.1529],[-123.151,48.1555],[-123.1531,48.1511],[-123.1558,48.1499],[-123.1623,48.1503],[-123.1754,48.1468],[-123.1831,48.1467],[-123.1833,48.1486],[-123.1771,48.1548],[-123.1509,48.1727],[-123.1432,48.1753],[-123.138,48.1725],[-123.1405,48.1683],[-123.1418,48.1694],[-123.1401,48.1722],[-123.142,48.1737],[-123.1427,48.1641],[-123.1462,48.1578],[-123.1434,48.1563],[-123.1382,48.1675],[-123.1334,48.1737],[-123.1252,48.1757],[-123.1188,48.1794],[-123.1001,48.1823],[-123.0995,48.1837],[-123.1015,48.1852],[-123.133,48.1758],[-123.1443,48.1761],[-123.1513,48.1737],[-123.1674,48.1641],[-123.186,48.1479],[-123.2152,48.1281],[-123.2427,48.1169],[-123.277,48.1167],[-123.2878,48.121],[-123.3181,48.1134],[-123.3364,48.1131],[-123.3448,48.1174],[-123.3511,48.1182],[-123.3724,48.1141],[-123.3957,48.1144],[-123.4087,48.1188],[-123.4141,48.1164],[-123.425,48.1183],[-123.4314,48.1221],[-123.4388,48.1225],[-123.4434,48.1254],[-123.4538,48.1256],[-123.4599,48.1298],[-123.4619,48.1334],[-123.4646,48.1335],[-123.4599,48.1375],[-123.4469,48.1403],[-123.4189,48.1411],[-123.4035,48.14],[-123.4029,48.141],[-123.405,48.142],[-123.4372,48.1425],[-123.4565,48.1397],[-123.4748,48.1337],[-123.5,48.1323],[-123.5,48],[-123.5,48.2329],[-123.2484,48.284],[-123.1151,48.4228],[-123.1599,48.4535],[-123.1887,48.5],[-123,48.5]],[[-123,48.4668],[-123.0091,48.4731],[-123.0098,48.4784],[-123.007,48.4851],[-123.0118,48.4847],[-123.0216,48.4946],[-123.018,48.4971],[-123.0197,48.5],[-123.1348,48.5],[-123.1335,48.4981],[-123.1266,48.4976],[-123.1193,48.4922],[-123.1052,48.4901],[-123.0941,48.4819],[-123.0871,48.4829],[-123.0851,48.4848],[-123.079,48.4812],[-123.0745,48.4814],[-123.0766,48.486],[-123.0721,48.4898],[-123.0645,48.4892],[-123.0624,48.4878],[-123.0622,48.4839],[-123.0669,48.4824],[-123.0683,48.4798],[-123.0664,48.4784],[-123.0671,48.4762],[-123.0656,48.473],[-123.0517,48.4693],[-123.0474,48.4639],[-123.0372,48.4583],[-123.0321,48.4611],[-123.0273,48.4587],[-123.0236,48.4588],[-123.0224,48.4568],[-123,48.4561],[-123,48.4668]],[[-123.0082,48.0273],[-123.0069,48.028],[-123.0083,48.03],[-123.0105,48.0299],[-123.0082,48.0273]]],[[[-122.5,48.5],[-122.5,48.4592],[-122.5015,48.4604],[-122.502,48.4578],[-122.5062,48.4603],[-122.5092,48.4585],[-122.5118,48.4605],[-122.5098,48.4616],[-122.5125,48.4645],[-122.516,48.4668],[-122.5169,48.465],[-122.5136,48.4598],[-122.5123,48.4503],[-122.5,48.4365],[-122.5,48.3879],[-122.5052,48.3851],[-122.5059,48.3803],[-122.5093,48.3746],[-122.5081,48.3715],[-122.506,48.3708],[-122.5058,48.3673],[-122.5083,48.3603],[-122.5,48.3591],[-122.5,48.2563],[-122.5008,48.2572],[-122.5312,48.2495],[-122.5354,48.2392],[-122.5346,48.2241],[-122.5387,48.213],[-122.5387,48.2021],[-122.5321,48.1918],[-122.5322,48.189],[-122.5369,48.1835],[-122.5299,48.1736],[-122.5291,48.17],[-122.5234,48.1656],[-122.5238,48.1626],[-122.5205,48.1566],[-122.5134,48.1482],[-122.5155,48.1413],[-122.511,48.133],[-122.5,48.1279],[-122.5,48],[-122.72,48],[-122.7206,48.0045],[-122.7274,48.0136],[-122.7271,48.0166],[-122.7304,48.0188],[-122.7267,48.0241],[-122.7274,48.0269],[-122.7339,48.0329],[-122.7372,48.0335],[-122.7493,48.027],[-122.7524,48.0284],[-122.7525,48.0352],[-122.7647,48.0406],[-122.7705,48.0485],[-122.7701,48.0535],[-122.7666,48.0579],[-122.7753,48.0609],[-122.7845,48.0689],[-122.7877,48.0782],[-122.8,48.0856],[-122.8011,48.0879],[-122.7995,48.0913],[-122.796,48.0909],[-122.7926,48.0934],[-122.7935,48.0955],[-122.7918,48.0976],[-122.7803,48.1053],[-122.7666,48.109],[-122.7482,48.1171],[-122.7622,48.1298],[-122.7609,48.1377],[-122.7541,48.1447],[-122.7627,48.1429],[-122.7843,48.1431],[-122.8306,48.1346],[-122.8382,48.1363],[-122.849,48.1259],[-122.8682,48.1144],[-122.8803,48.1096],[-122.8846,48.1059],[-122.8854,48.1032],[-122.8793,48.0967],[-122.88,48.0901],[-122.8825,48.0853],[-122.8919,48.0759],[-122.884,48.0772],[-122.8696,48.0719],[-122.8574,48.0652],[-122.8573,48.0618],[-122.8528,48.0582],[-122.8527,48.0553],[-122.8449,48.0519],[-122.8298,48.0485],[-122.8273,48.0464],[-122.8305,48.0216],[-122.8344,48.0141],[-122.8347,48.0095],[-122.8398,48.0021],[-122.8433,48],[-122.8751,48],[-122.8649,48.0042],[-122.8614,48.0082],[-122.8596,48.0157],[-122.8571,48.0173],[-122.8614,48.0213],[-122.8673,48.0379],[-122.8707,48.0386],[-122.8745,48.0442],[-122.8743,48.0475],[-122.8793,48.0472],[-122.9176,48.0575],[-122.9275,48.0657],[-122.9244,48.0796],[-122.9199,48.0894],[-122.9144,48.0937],[-122.9155,48.0958],[-122.9378,48.0963],[-122.9488,48.0988],[-122.975,48.097],[-123,48.0919],[-123,48.0379],[-122.9969,48.0269],[-123,48.0234],[-123,48],[-123,48.5],[-122.5,48.5]],[[-122.5862,48.3863],[-122.5847,48.397],[-122.5862,48.3975],[-122.5868,48.3941],[-122.5954,48.3972],[-122.5968,48.4053],[-122.6018,48.4099],[-122.6075,48.4112],[-122.615,48.4084],[-122.6286,48.3973],[-122.6376,48.3966],[-122.6371,48.3984],[-122.632,48.4006],[-122.6368,48.4056],[-122.6443,48.4057],[-122.6531,48.4023],[-122.6646,48.4018],[-122.6652,48.3738],[-122.6696,48.3615],[-122.6762,48.352],[-122.6882,48.3398],[-122.6934,48.331],[-122.6999,48.3281],[-122.7026,48.3224],[-122.7129,48.3104],[-122.7229,48.3046],[-122.7315,48.2799],[-122.7388,48.2748],[-122.7515,48.261],[-122.7576,48.2521],[-122.7629,48.2382],[-122.7702,48.2284],[-122.7702,48.2242],[-122.7616,48.2143],[-122.7444,48.2095],[-122.7361,48.2001],[-122.7094,48.1922],[-122.6999,48.1841],[-122.6924,48.1809],[-122.6859,48.1733],[-122.6832,48.1617],[-122.6797,48.1546],[-122.6735,48.1557],[-122.6731,48.159],[-122.6702,48.1577],[-122.6508,48.1632],[-122.6273,48.1624],[-122.6147,48.1571],[-122.6047,48.1424],[-122.602,48.1345],[-122.5986,48.1085],[-122.6078,48.0871],[-122.6137,48.0795],[-122.6139,48.0732],[-122.6131,48.071],[-122.607,48.0674],[-122.6052,48.0639],[-122.5971,48.0588],[-122.5944,48.0548],[-122.5937,48.0499],[-122.5936,48.0462],[-122.5986,48.0371],[-122.6072,48.0309],[-122.5988,48.027],[-122.594,48.0202],[-122.5815,48.0101],[-122.5612,48.0066],[-122.5477,48],[-122.5,48],[-122.5,48.096],[-122.5138,48.0979],[-122.525,48.0965],[-122.5184,48.0826],[-122.5117,48.0749],[-122.5119,48.0714],[-122.5174,48.0633],[-122.5148,48.0606],[-122.5166,48.057],[-122.5098,48.0404],[-122.5198,48.0214],[-122.5266,48.0162],[-122.5402,48.0161],[-122.5416,48.0188],[-122.5369,48.025],[-122.537,48.0427],[-122.5385,48.0498],[-122.5489,48.0537],[-122.5452,48.0599],[-122.5461,48.0756],[-122.5539,48.0769],[-122.5717,48.1031],[-122.5701,48.1063],[-122.561,48.1124],[-122.5581,48.1163],[-122.5619,48.1281],[-122.5668,48.1341],[-122.5669,48.1468],[-122.5711,48.153],[-122.5801,48.1595],[-122.5811,48.1678],[-122.5876,48.1861],[-122.6045,48.1997],[-122.6056,48.208],[-122.6174,48.2128],[-122.6271,48.222],[-122.6342,48.2203],[-122.6423,48.2218],[-122.6455,48.2229],[-122.6486,48.2274],[-122.6592,48.223],[-122.6709,48.2246],[-122.6778,48.2207],[-122.691,48.222],[-122.7096,48.2146],[-122.7211,48.2142],[-122.7267,48.2192],[-122.7261,48.2225],[-122.7303,48.2243],[-122.7342,48.2297],[-122.7331,48.2338],[-122.7298,48.2322],[-122.7026,48.2388],[-122.6901,48.2378],[-122.6825,48.2402],[-122.6775,48.2385],[-122.6686,48.2403],[-122.6571,48.2453],[-122.6541,48.2491],[-122.6527,48.2542],[-122.6526,48.2652],[-122.661,48.2708],[-122.663,48.2744],[-122.6624,48.278],[-122.6574,48.2829],[-122.6422,48.2895],[-122.6338,48.2878],[-122.6372,48.2869],[-122.6373,48.2856],[-122.6318,48.2828],[-122.6347,48.2804],[-122.6456,48.2809],[-122.6445,48.2767],[-122.6405,48.2723],[-122.6325,48.2682],[-122.6287,48.2677],[-122.6237,48.2692],[-122.6254,48.2716],[-122.6252,48.275],[-122.6209,48.2822],[-122.6214,48.2847],[-122.6261,48.2888],[-122.6237,48.2922],[-122.6016,48.2982],[-122.5851,48.2981],[-122.5738,48.2941],[-122.5585,48.2825],[-122.5612,48.275],[-122.5583,48.2721],[-122.5577,48.2758],[-122.559,48.2785],[-122.5568,48.2805],[-122.5302,48.2825],[-122.52,48.2867],[-122.5044,48.2991],[-122.5062,48.3099],[-122.5176,48.3219],[-122.5263,48.3246],[-122.5349,48.332],[-122.5435,48.3355],[-122.5514,48.3418],[-122.5608,48.3464],[-122.5833,48.3539],[-122.5909,48.3544],[-122.5973,48.3567],[-122.5885,48.3624],[-122.5793,48.3735],[-122.5862,48.3863]],[[-122.697,48.5],[-122.7013,48.499],[-122.7031,48.4933],[-122.7022,48.4915],[-122.6934,48.4903],[-122.6878,48.4918],[-122.6771,48.4897],[-122.6836,48.4921],[-122.6834,48.4953],[-122.6823,48.4936],[-122.6806,48.4953],[-122.6804,48.4938],[-122.6782,48.4944],[-122.6787,48.4932],[-122.6765,48.4931],[-122.6776,48.4917],[-122.6763,48.4892],[-122.666,48.4847],[-122.6664,48.4788],[-122.6574,48.4717],[-122.6552,48.4545],[-122.6612,48.4525],[-122.6624,48.4476],[-122.6681,48.4423],[-122.6777,48.4438],[-122.6772,48.4406],[-122.6795,48.4393],[-122.6762,48.4364],[-122.6746,48.4255],[-122.6691,48.4209],[-122.6648,48.4199],[-122.6659,48.4169],[-122.6649,48.4158],[-122.6534,48.4179],[-122.651,48.4161],[-122.6522,48.4125],[-122.6578,48.4127],[-122.658,48.4086],[-122.6519,48.408],[-122.6512,48.4112],[-122.6501,48.4081],[-122.6477,48.4095],[-122.6413,48.4063],[-122.6403,48.407],[-122.6437,48.4089],[-122.6351,48.4103],[-122.6297,48.4149],[-122.6261,48.4153],[-122.6227,48.413],[-122.6143,48.4139],[-122.6143,48.4172],[-122.6104,48.4224],[-122.6051,48.4241],[-122.5974,48.4225],[-122.5811,48.4291],[-122.5783,48.4338],[-122.5791,48.4421],[-122.5772,48.4459],[-122.5705,48.447],[-122.566,48.4451],[-122.554,48.4449],[-122.5475,48.4526],[-122.5492,48.4463],[-122.5486,48.443],[-122.5585,48.4267],[-122.5591,48.4213],[-122.5553,48.4192],[-122.5528,48.4124],[-122.5559,48.4059],[-122.5511,48.4047],[-122.548,48.3997],[-122.539,48.3964],[-122.5338,48.3852],[-122.5337,48.3751],[-122.5235,48.3764],[-122.5183,48.3727],[-122.5127,48.3709],[-122.5104,48.3718],[-122.5111,48.3751],[-122.5068,48.3849],[-122.5,48.3898],[-122.5,48.4146],[-122.5026,48.4226],[-122.5003,48.4301],[-122.5011,48.4347],[-122.5033,48.439],[-122.5145,48.4493],[-122.5158,48.4591],[-122.5205,48.463],[-122.5248,48.4627],[-122.5391,48.4683],[-122.5573,48.5],[-122.5704,48.4989],[-122.5815,48.4916],[-122.5757,48.4907],[-122.5777,48.4879],[-122.5751,48.4847],[-122.5712,48.4716],[-122.5717,48.4654],[-122.5753,48.4635],[-122.5839,48.466],[-122.5925,48.4803],[-122.5912,48.4821],[-122.5872,48.481],[-122.5866,48.4823],[-122.5952,48.4855],[-122.6004,48.4923],[-122.5995,48.4972],[-122.603,48.5],[-122.697,48.5]],[[-122.5234,48.4652],[-122.5252,48.4705],[-122.5294,48.4737],[-122.5307,48.4722],[-122.527,48.4671],[-122.5234,48.4652]],[[-122.5272,48.3597],[-122.5234,48.3629],[-122.5282,48.3654],[-122.532,48.3661],[-122.5384,48.3629],[-122.5361,48.3608],[-122.5272,48.3597]],[[-122.5311,48.3675],[-122.5269,48.3687],[-122.5285,48.3695],[-122.5311,48.3675]],[[-122.5706,48.4007],[-122.5749,48.4007],[-122.5786,48.3956],[-122.5733,48.3949],[-122.5606,48.3976],[-122.5595,48.4015],[-122.5625,48.4029],[-122.5706,48.4007]],[[-122.5638,48.4221],[-122.5685,48.4215],[-122.5749,48.4176],[-122.5641,48.4181],[-122.5605,48.42],[-122.5638,48.4221]],[[-122.5779,48.4158],[-122.5807,48.4147],[-122.5812,48.4122],[-122.5778,48.4138],[-122.5779,48.4158]],[[-122.63,48.4019],[-122.6275,48.4039],[-122.6314,48.4031],[-122.63,48.4019]],[[-122.6953,48.1035],[-122.7187,48.0976],[-122.729,48.0922],[-122.7244,48.094],[-122.718,48.0913],[-122.7149,48.0825],[-122.7033,48.0708],[-122.7032,48.0649],[-122.7001,48.0586],[-122.6943,48.058],[-122.6906,48.0543],[-122.6921,48.0502],[-122.6933,48.0531],[-122.6976,48.0552],[-122.7032,48.0519],[-122.7017,48.043],[-122.6979,48.0372],[-122.6909,48.031],[-122.7002,48.0211],[-122.7015,48.0211],[-122.7055,48.0302],[-122.7058,48.0347],[-122.7157,48.041],[-122.7129,48.0456],[-122.7154,48.0473],[-122.7158,48.0515],[-122.7198,48.0591],[-122.7177,48.0701],[-122.7257,48.0787],[-122.727,48.0817],[-122.726,48.087],[-122.7396,48.0801],[-122.7483,48.0716],[-122.7422,48.0712],[-122.7392,48.069],[-122.74,48.0529],[-122.7417,48.0496],[-122.7363,48.0429],[-122.7364,48.0383],[-122.7328,48.0336],[-122.7249,48.0261],[-122.7142,48.0231],[-122.7105,48.0199],[-122.6968,48.0148],[-122.6915,48.0088],[-122.6877,48.0082],[-122.671,48.0165],[-122.6714,48.0207],[-122.6683,48.0311],[-122.6693,48.0329],[-122.6771,48.0366],[-122.6827,48.0445],[-122.6853,48.0735],[-122.6923,48.0872],[-122.6923,48.0933],[-122.6874,48.1017],[-122.6953,48.1035]],[[-122.6695,48.4094],[-122.6721,48.408],[-122.6704,48.4067],[-122.6685,48.4079],[-122.6695,48.4094]],[[-122.7136,48.4792],[-122.7141,48.477],[-122.7048,48.474],[-122.6953,48.4738],[-122.6885,48.477],[-122.6891,48.4832],[-122.6857,48.4873],[-122.6878,48.4882],[-122.6964,48.4847],[-122.7077,48.484],[-122.7136,48.4792]],[[-122.7012,48.4576],[-122.6946,48.4619],[-122.6984,48.4686],[-122.7006,48.4701],[-122.7112,48.4685],[-122.7131,48.4667],[-122.7104,48.4614],[-122.7065,48.4609],[-122.7012,48.4576]],[[-122.7346,48.0908],[-122.7374,48.0855],[-122.7361,48.0843],[-122.735,48.0844],[-122.7346,48.0908]],[[-122.8207,48.5],[-122.8166,48.4988],[-122.8154,48.4918],[-122.8209,48.4868],[-122.8208,48.4826],[-122.8184,48.4811],[-122.8157,48.4876],[-122.7997,48.4944],[-122.7941,48.5],[-122.8207,48.5]],[[-122.868,48.4214],[-122.8645,48.4195],[-122.8545,48.4197],[-122.8557,48.4225],[-122.8528,48.4238],[-122.863,48.4267],[-122.8599,48.4299],[-122.8461,48.4276],[-122.8404,48.4245],[-122.8428,48.4292],[-122.8403,48.4316],[-122.8381,48.4309],[-122.837,48.4281],[-122.8314,48.4263],[-122.8296,48.4295],[-122.8277,48.43],[-122.825,48.4282],[-122.8285,48.4257],[-122.8273,48.4241],[-122.8139,48.4211],[-122.8092,48.4255],[-122.8029,48.4269],[-122.8042,48.4311],[-122.814,48.4306],[-122.8087,48.4358],[-122.807,48.4434],[-122.8021,48.4448],[-122.8003,48.4469],[-122.8035,48.4518],[-122.8145,48.4537],[-122.8189,48.4575],[-122.8186,48.4634],[-122.8129,48.4722],[-122.816,48.4736],[-122.8196,48.4783],[-122.8274,48.4753],[-122.8336,48.4695],[-122.8333,48.4681],[-122.8301,48.4674],[-122.8286,48.4649],[-122.8225,48.4614],[-122.8312,48.4568],[-122.8379,48.4499],[-122.847,48.4459],[-122.8515,48.4459],[-122.8542,48.4478],[-122.8441,48.4596],[-122.857,48.4582],[-122.8615,48.4605],[-122.8552,48.4664],[-122.8546,48.4736],[-122.851,48.4775],[-122.8509,48.4802],[-122.8545,48.4826],[-122.8547,48.4858],[-122.861,48.4882],[-122.862,48.4913],[-122.8711,48.5],[-122.9392,48.5],[-122.9432,48.4925],[-122.9457,48.4766],[-122.9425,48.4704],[-122.9455,48.4653],[-122.9415,48.4584],[-122.9348,48.455],[-122.934,48.4579],[-122.9286,48.4604],[-122.9213,48.459],[-122.9196,48.4566],[-122.9128,48.4537],[-122.9175,48.4516],[-122.915,48.45],[-122.9152,48.4479],[-122.9107,48.4462],[-122.9016,48.4478],[-122.8969,48.446],[-122.8975,48.4491],[-122.8937,48.4498],[-122.8909,48.4476],[-122.8927,48.4453],[-122.8764,48.4456],[-122.8636,48.4412],[-122.8639,48.4374],[-122.8689,48.4353],[-122.87,48.4322],[-122.8758,48.4332],[-122.8758,48.4362],[-122.8737,48.4373],[-122.8763,48.4393],[-122.8787,48.4373],[-122.885,48.4383],[-122.8887,48.4368],[-122.8885,48.435],[-122.8777,48.4318],[-122.8774,48.4288],[-122.8795,48.4271],[-122.8846,48.4266],[-122.8887,48.4233],[-122.8945,48.4224],[-122.8825,48.4183],[-122.8763,48.418],[-122.8724,48.4185],[-122.868,48.4214]],[[-122.8028,48.4314],[-122.8008,48.4322],[-122.8016,48.4334],[-122.8028,48.4314]],[[-122.8218,48.4165],[-122.825,48.4158],[-122.8199,48.4149],[-122.8218,48.4165]],[[-122.8201,48.4219],[-122.8243,48.4217],[-122.8221,48.4205],[-122.8201,48.4219]],[[-122.8225,48.4812],[-122.8238,48.4841],[-122.8257,48.4821],[-122.8225,48.4812]],[[-122.8311,48.4945],[-122.8361,48.4935],[-122.837,48.4904],[-122.8345,48.4849],[-122.8306,48.4849],[-122.8244,48.4898],[-122.8253,48.4925],[-122.8311,48.4945]],[[-122.8301,48.4792],[-122.8335,48.4755],[-122.8309,48.4756],[-122.8301,48.4792]],[[-122.8425,48.3218],[-122.8454,48.3169],[-122.8411,48.3167],[-122.8368,48.3198],[-122.8425,48.3218]],[[-122.9049,48.44],[-122.9089,48.4447],[-122.9132,48.443],[-122.9049,48.44]],[[-122.9458,48.1183],[-122.9426,48.1209],[-122.9348,48.1212],[-122.9228,48.1255],[-122.9089,48.1264],[-122.93,48.1326],[-122.9405,48.1256],[-122.9467,48.1194],[-122.9458,48.1183]],[[-122.9177,48.4414],[-122.9259,48.4434],[-122.9315,48.4419],[-122.9265,48.4395],[-122.9177,48.4393],[-122.9177,48.4414]],[[-122.962,48.4583],[-122.9596,48.4612],[-122.9613,48.4649],[-122.9678,48.4683],[-122.9706,48.4677],[-122.9706,48.4637],[-122.9728,48.4621],[-122.9906,48.4628],[-123,48.4668],[-123,48.5],[-123,48.4561],[-122.9762,48.4539],[-122.963,48.45],[-122.9618,48.4512],[-122.962,48.4583]]],[[[-123,49],[-123,48.5],[-123.1887,48.5],[-123.2189,48.5487],[-123.2679,48.694],[-123.0085,48.7671],[-123.0085,48.8312],[-123.3184,49],[-123.0906,49],[-123.0838,48.9808],[-123.085,48.9719],[-123.0802,48.9715],[-123.0433,48.977],[-123.028,48.9736],[-123.021,48.9767],[-123.0247,48.9803],[-123.0249,48.9844],[-123.0297,48.9933],[-123.0358,49],[-123,49]],[[-123,48.6605],[-123.0113,48.6534],[-123.0194,48.6384],[-123.0304,48.6305],[-123.0307,48.622],[-123.0288,48.6134],[-123.026,48.6103],[-123.0194,48.6097],[-123.0101,48.6139],[-123.0058,48.6208],[-123,48.618],[-123,48.6605]],[[-123,48.5869],[-123.0047,48.585],[-123.0081,48.5872],[-123.0092,48.5846],[-123.0099,48.5871],[-123.0124,48.5869],[-123.0143,48.5856],[-123.0127,48.5818],[-123.0157,48.5819],[-123.0175,48.5796],[-123.002,48.5802],[-123,48.5818],[-123,48.5869]],[[-123.0197,48.5],[-123.0211,48.5023],[-123.0172,48.5031],[-123.0152,48.5063],[-123.0201,48.5082],[-123.0173,48.5144],[-123.0199,48.5169],[-123.0155,48.5186],[-123.0158,48.521],[-123.0098,48.5211],[-123.0138,48.5195],[-123.0139,48.5177],[-123.0059,48.5203],[-123,48.5193],[-123,48.5266],[-123.0052,48.5336],[-123.0205,48.5384],[-123.0164,48.5412],[-123.0168,48.5446],[-123.0075,48.546],[-123.0053,48.5503],[-123.0063,48.5532],[-123.0106,48.5558],[-123.0132,48.5598],[-123.0174,48.5617],[-123.0366,48.5642],[-123.0477,48.5687],[-123.0617,48.5835],[-123.0677,48.5859],[-123.0758,48.5926],[-123.0837,48.5931],[-123.102,48.5984],[-123.1023,48.6024],[-123.0984,48.6092],[-123.0982,48.6134],[-123.101,48.6159],[-123.1014,48.619],[-123.1057,48.6214],[-123.1138,48.6208],[-123.1174,48.6221],[-123.1205,48.6201],[-123.1291,48.6216],[-123.1336,48.62],[-123.1475,48.6203],[-123.1486,48.6212],[-123.1472,48.6219],[-123.1389,48.6226],[-123.1449,48.6242],[-123.1529,48.6234],[-123.1536,48.622],[-123.1507,48.6202],[-123.1574,48.615],[-123.1519,48.6098],[-123.1625,48.6088],[-123.1677,48.6044],[-123.1641,48.6],[-123.1678,48.5973],[-123.1707,48.5978],[-123.17,48.5943],[-123.1716,48.5908],[-123.168,48.5913],[-123.1638,48.5943],[-123.16,48.5998],[-123.1547,48.598],[-123.1504,48.599],[-123.1487,48.6036],[-123.1431,48.6072],[-123.1375,48.6029],[-123.1432,48.5969],[-123.1465,48.5957],[-123.145,48.5947],[-123.1462,48.5934],[-123.1557,48.594],[-123.1573,48.5927],[-123.1579,48.5906],[-123.1558,48.5873],[-123.1513,48.5862],[-123.1495,48.5798],[-123.1524,48.5831],[-123.1611,48.5836],[-123.1636,48.5868],[-123.1611,48.5887],[-123.1629,48.5904],[-123.1705,48.5881],[-123.1687,48.5836],[-123.1736,48.5778],[-123.1679,48.5732],[-123.1636,48.5728],[-123.1631,48.5696],[-123.1541,48.575],[-123.156,48.5686],[-123.162,48.5682],[-123.1709,48.5725],[-123.1769,48.567],[-123.1763,48.5615],[-123.1723,48.5549],[-123.1626,48.5474],[-123.1619,48.5389],[-123.1642,48.5357],[-123.1632,48.5294],[-123.1577,48.5244],[-123.157,48.5214],[-123.153,48.5193],[-123.1522,48.5146],[-123.1454,48.512],[-123.1429,48.5064],[-123.1371,48.5034],[-123.1348,48.5],[-123.0197,48.5]],[[-123.0075,48.5988],[-123.0061,48.5933],[-123,48.5928],[-123,48.6003],[-123.0075,48.5988]],[[-123.001,48.5349],[-123,48.5384],[-123.0027,48.5405],[-123.0083,48.5407],[-123.0095,48.5383],[-123.001,48.5349]],[[-123.0381,48.6838],[-123.0438,48.6765],[-123.0424,48.6753],[-123.0353,48.6763],[-123.0191,48.6821],[-123.0054,48.6935],[-123.0056,48.6972],[-123.0104,48.7018],[-123.0101,48.7032],[-123.0048,48.703],[-123.0044,48.7046],[-123.0087,48.7098],[-123.01,48.7163],[-123.0081,48.7193],[-123.0107,48.723],[-123.0128,48.7214],[-123.0191,48.7213],[-123.0276,48.717],[-123.0403,48.718],[-123.0469,48.7084],[-123.0544,48.7037],[-123.0716,48.6997],[-123.0634,48.6976],[-123.0551,48.6978],[-123.0455,48.6948],[-123.0375,48.6897],[-123.0381,48.6838]],[[-123.0086,48.5065],[-123.0084,48.5083],[-123.0113,48.5086],[-123.0086,48.5065]],[[-123.012,48.5919],[-123.0171,48.5904],[-123.0189,48.5883],[-123.014,48.5889],[-123.012,48.5919]],[[-123.0163,48.6024],[-123.0145,48.6041],[-123.0163,48.607],[-123.0176,48.603],[-123.0163,48.6024]],[[-123.0231,48.5996],[-123.0249,48.5949],[-123.024,48.5938],[-123.0202,48.5963],[-123.0231,48.5996]],[[-123.0293,48.5923],[-123.0302,48.5936],[-123.0337,48.5929],[-123.0334,48.5911],[-123.0293,48.5923]],[[-123.0387,48.7333],[-123.0395,48.7324],[-123.0368,48.7313],[-123.033,48.7314],[-123.0319,48.7329],[-123.0387,48.7333]],[[-123.0469,48.6105],[-123.043,48.6116],[-123.0383,48.6102],[-123.0394,48.6169],[-123.044,48.6196],[-123.0475,48.6172],[-123.05,48.6212],[-123.0549,48.6175],[-123.0505,48.6117],[-123.0469,48.6105]],[[-123.0876,48.6452],[-123.0793,48.6458],[-123.0768,48.6487],[-123.0801,48.6496],[-123.086,48.6477],[-123.0876,48.6452]],[[-123.1473,48.6463],[-123.1585,48.6499],[-123.1641,48.648],[-123.1381,48.6378],[-123.1194,48.6326],[-123.1059,48.6338],[-123.1149,48.6365],[-123.1176,48.6396],[-123.1279,48.6434],[-123.1473,48.6463]],[[-123.1335,48.649],[-123.1272,48.6474],[-123.1285,48.6503],[-123.1335,48.649]],[[-123.1313,48.6582],[-123.1322,48.6568],[-123.1302,48.656],[-123.1295,48.6572],[-123.1313,48.6582]],[[-123.1452,48.66],[-123.1369,48.658],[-123.1349,48.66],[-123.1441,48.6649],[-123.1471,48.6648],[-123.1482,48.6679],[-123.1587,48.6719],[-123.1645,48.6701],[-123.1634,48.6682],[-123.1452,48.66]],[[-123.1355,48.6494],[-123.1371,48.6519],[-123.1389,48.6499],[-123.1355,48.6494]],[[-123.1517,48.6415],[-123.1538,48.6402],[-123.152,48.6385],[-123.1479,48.6398],[-123.1517,48.6415]],[[-123.1591,48.6134],[-123.16,48.6165],[-123.1693,48.6168],[-123.1702,48.6156],[-123.1591,48.6134]],[[-123.1813,48.6589],[-123.1799,48.6662],[-123.1944,48.67],[-123.2044,48.6746],[-123.2031,48.6761],[-123.1755,48.6698],[-123.1711,48.6641],[-123.1673,48.6631],[-123.1654,48.6667],[-123.169,48.6718],[-123.1679,48.6732],[-123.1628,48.6737],[-123.1686,48.6757],[-123.1718,48.6797],[-123.1778,48.6796],[-123.185,48.6741],[-123.206,48.6791],[-123.2096,48.6846],[-123.2029,48.6856],[-123.2066,48.6891],[-123.2294,48.6897],[-123.2373,48.688],[-123.2368,48.6829],[-123.2313,48.68],[-123.2304,48.6766],[-123.2239,48.6749],[-123.2185,48.6695],[-123.1856,48.6578],[-123.1813,48.6589]],[[-123.1798,48.5942],[-123.17,48.6014],[-123.1723,48.604],[-123.1778,48.6039],[-123.1835,48.5988],[-123.186,48.6014],[-123.178,48.6059],[-123.1785,48.6079],[-123.1815,48.6085],[-123.1741,48.6142],[-123.1747,48.6188],[-123.1806,48.6211],[-123.1828,48.6155],[-123.188,48.6107],[-123.1967,48.6068],[-123.1979,48.6022],[-123.2034,48.5939],[-123.2016,48.5877],[-123.1952,48.5863],[-123.1931,48.5882],[-123.1935,48.5915],[-123.186,48.597],[-123.1838,48.5934],[-123.1865,48.5886],[-123.1833,48.5843],[-123.1803,48.5831],[-123.1762,48.5858],[-123.1798,48.5942]],[[-123.1848,48.685],[-123.1984,48.6851],[-123.1994,48.6823],[-123.1963,48.6824],[-123.1962,48.6799],[-123.1861,48.6773],[-123.1873,48.6809],[-123.1831,48.6828],[-123.1848,48.685]]],[[[-122.7576,49],[-122.7662,48.9913],[-122.7562,48.9916],[-122.751,48.9866],[-122.7406,48.9827],[-122.7385,48.9758],[-122.7313,48.9727],[-122.7343,48.9723],[-122.7349,48.9622],[-122.7491,48.9592],[-122.7835,48.9698],[-122.788,48.9742],[-122.7897,48.9787],[-122.782,48.9837],[-122.7682,48.9876],[-122.7691,48.9895],[-122.7736,48.9913],[-122.7917,48.9796],[-122.8095,48.9613],[-122.8165,48.9572],[-122.823,48.9457],[-122.8229,48.9418],[-122.8181,48.9385],[-122.7929,48.9314],[-122.7866,48.9318],[-122.7701,48.9416],[-122.7655,48.9415],[-122.7541,48.9375],[-122.7458,48.9293],[-122.7458,48.9201],[-122.7516,48.911],[-122.7571,48.9083],[-122.7672,48.9068],[-122.7837,48.895],[-122.7915,48.8953],[-122.7939,48.893],[-122.7853,48.8845],[-122.7552,48.8676],[-122.7535,48.8655],[-122.7589,48.8626],[-122.7585,48.8599],[-122.7568,48.86],[-122.757,48.8622],[-122.7522,48.8649],[-122.747,48.8603],[-122.7251,48.854],[-122.7189,48.8489],[-122.7159,48.8419],[-122.7221,48.8407],[-122.7147,48.8398],[-122.7119,48.829],[-122.7123,48.8272],[-122.7196,48.8273],[-122.7205,48.8255],[-122.7154,48.8264],[-122.7106,48.825],[-122.7094,48.8154],[-122.7114,48.792],[-122.7094,48.7864],[-122.7024,48.7866],[-122.7,48.7881],[-122.7055,48.8001],[-122.6989,48.8032],[-122.6917,48.8003],[-122.6829,48.8021],[-122.6773,48.7963],[-122.6798,48.795],[-122.6702,48.7923],[-122.6716,48.7885],[-122.6635,48.789],[-122.6571,48.7868],[-122.6569,48.7853],[-122.65,48.7856],[-122.6469,48.7842],[-122.6468,48.7801],[-122.653,48.7784],[-122.6566,48.7736],[-122.6551,48.773],[-122.6532,48.776],[-122.6489,48.7783],[-122.6482,48.7729],[-122.656,48.7644],[-122.6609,48.7541],[-122.669,48.7452],[-122.6728,48.7358],[-122.6729,48.732],[-122.6642,48.7315],[-122.6568,48.7192],[-122.6498,48.7158],[-122.6355,48.7368],[-122.6188,48.7515],[-122.6092,48.7577],[-122.6079,48.7632],[-122.6051,48.7645],[-122.607,48.7626],[-122.6035,48.7632],[-122.6004,48.7711],[-122.5985,48.77],[-122.6001,48.7655],[-122.5966,48.7631],[-122.5947,48.7655],[-122.5949,48.7683],[-122.5836,48.768],[-122.5815,48.7699],[-122.5783,48.7694],[-122.5782,48.7731],[-122.5746,48.769],[-122.572,48.7718],[-122.5641,48.774],[-122.5628,48.7761],[-122.5601,48.7729],[-122.5598,48.7766],[-122.5613,48.7781],[-122.5365,48.7757],[-122.5289,48.7681],[-122.5141,48.7629],[-122.5134,48.7601],[-122.5087,48.7606],[-122.5116,48.7566],[-122.5072,48.753],[-122.5037,48.7537],[-122.5033,48.7563],[-122.5,48.7538],[-122.5,48.7575],[-122.5,48.7345],[-122.5072,48.7266],[-122.5064,48.7234],[-122.5094,48.7221],[-122.5124,48.7229],[-122.5157,48.7207],[-122.5192,48.7164],[-122.5198,48.713],[-122.5151,48.7057],[-122.5159,48.7008],[-122.5094,48.6914],[-122.505,48.689],[-122.5042,48.6914],[-122.5076,48.6981],[-122.5,48.7023],[-122.5,48.6648],[-122.501,48.6641],[-122.5079,48.6693],[-122.5102,48.6693],[-122.5115,48.6669],[-122.5032,48.6562],[-122.5,48.6557],[-122.5,48.576],[-122.5371,48.5762],[-122.5512,48.5818],[-122.5512,48.5853],[-122.5549,48.5884],[-122.5608,48.5825],[-122.5569,48.5775],[-122.5586,48.5737],[-122.5534,48.5752],[-122.5365,48.5743],[-122.5234,48.5672],[-122.5072,48.5654],[-122.5037,48.5632],[-122.5,48.5576],[-122.5,48.5],[-123,48.5],[-123,49],[-122.7576,49]],[[-122.6116,48.5229],[-122.6233,48.5201],[-122.6364,48.5139],[-122.6459,48.5127],[-122.6484,48.5103],[-122.6708,48.5042],[-122.6766,48.5041],[-122.6767,48.5079],[-122.6856,48.5088],[-122.6926,48.5002],[-122.697,48.5],[-122.5573,48.5],[-122.5621,48.5008],[-122.5689,48.5095],[-122.5713,48.5084],[-122.5684,48.5072],[-122.5638,48.5001],[-122.603,48.5],[-122.6041,48.501],[-122.6015,48.502],[-122.6017,48.5039],[-122.6065,48.5065],[-122.6055,48.5123],[-122.6038,48.5141],[-122.5976,48.5126],[-122.5988,48.5185],[-122.6009,48.5211],[-122.6116,48.5229]],[[-122.5031,48.6758],[-122.5015,48.6763],[-122.5019,48.678],[-122.5035,48.6773],[-122.5031,48.6758]],[[-122.5533,48.5251],[-122.5502,48.5207],[-122.5466,48.5196],[-122.5426,48.5236],[-122.5492,48.5284],[-122.5521,48.5274],[-122.5533,48.5251]],[[-122.5587,48.5347],[-122.5527,48.5328],[-122.5544,48.537],[-122.5578,48.5377],[-122.5587,48.5347]],[[-122.5679,48.5355],[-122.5666,48.5361],[-122.5693,48.5383],[-122.5701,48.5362],[-122.5679,48.5355]],[[-122.6519,48.5837],[-122.6508,48.5759],[-122.6523,48.5716],[-122.6462,48.564],[-122.6453,48.5587],[-122.6497,48.5551],[-122.6535,48.5483],[-122.6543,48.538],[-122.651,48.5297],[-122.6403,48.5259],[-122.6329,48.5264],[-122.6222,48.5282],[-122.6016,48.5368],[-122.597,48.537],[-122.5907,48.5364],[-122.5894,48.5335],[-122.5733,48.5289],[-122.5728,48.5317],[-122.5769,48.535],[-122.576,48.5426],[-122.5805,48.5476],[-122.5785,48.548],[-122.5832,48.551],[-122.5964,48.5541],[-122.6019,48.5579],[-122.6105,48.5607],[-122.6279,48.5714],[-122.6355,48.5786],[-122.6373,48.5839],[-122.6421,48.5881],[-122.6466,48.589],[-122.6498,48.5877],[-122.6519,48.5837]],[[-122.593,48.6494],[-122.5849,48.6504],[-122.5817,48.6483],[-122.5835,48.6449],[-122.5804,48.6445],[-122.5779,48.6472],[-122.586,48.6607],[-122.588,48.6538],[-122.5929,48.6519],[-122.593,48.6494]],[[-122.6057,48.6056],[-122.6013,48.6055],[-122.5976,48.6091],[-122.5993,48.6122],[-122.6107,48.6159],[-122.615,48.6134],[-122.6148,48.6106],[-122.6057,48.6056]],[[-122.6171,48.708],[-122.6188,48.7069],[-122.6267,48.7076],[-122.6339,48.7111],[-122.6426,48.7088],[-122.6493,48.7116],[-122.6462,48.7077],[-122.63,48.6967],[-122.6228,48.6941],[-122.6161,48.6939],[-122.611,48.6957],[-122.6067,48.6986],[-122.6056,48.7028],[-122.6122,48.7152],[-122.6207,48.7206],[-122.6251,48.7215],[-122.6294,48.7203],[-122.6211,48.7199],[-122.6144,48.715],[-122.6171,48.708]],[[-122.7221,48.7323],[-122.7204,48.7266],[-122.7226,48.7236],[-122.719,48.7209],[-122.7191,48.7166],[-122.7032,48.717],[-122.6994,48.7157],[-122.6997,48.7132],[-122.6915,48.711],[-122.6738,48.6801],[-122.6672,48.6776],[-122.6548,48.6665],[-122.6501,48.6646],[-122.6374,48.6526],[-122.6224,48.6495],[-122.6085,48.6404],[-122.6095,48.6505],[-122.6132,48.6561],[-122.6133,48.6606],[-122.6177,48.666],[-122.6183,48.6708],[-122.6234,48.6714],[-122.6232,48.6742],[-122.6264,48.6795],[-122.6319,48.6809],[-122.6444,48.6914],[-122.6521,48.6945],[-122.6582,48.6948],[-122.6597,48.6967],[-122.6646,48.6982],[-122.6666,48.7034],[-122.6721,48.7098],[-122.6824,48.7163],[-122.6808,48.7198],[-122.6902,48.7289],[-122.6904,48.732],[-122.6887,48.7337],[-122.6928,48.7347],[-122.7041,48.7441],[-122.7156,48.749],[-122.7221,48.7323]],[[-122.6143,48.5793],[-122.6105,48.5825],[-122.614,48.5816],[-122.6153,48.5801],[-122.6143,48.5793]],[[-122.6977,48.6167],[-122.6946,48.6172],[-122.6763,48.6096],[-122.6652,48.6083],[-122.6567,48.61],[-122.6616,48.6139],[-122.6621,48.62],[-122.6702,48.6239],[-122.6745,48.6299],[-122.698,48.623],[-122.699,48.6209],[-122.6977,48.6167]],[[-122.7106,48.6088],[-122.7144,48.6088],[-122.7257,48.6028],[-122.7245,48.5977],[-122.7295,48.5953],[-122.7307,48.588],[-122.7407,48.585],[-122.7379,48.5805],[-122.7394,48.5738],[-122.7374,48.5698],[-122.7298,48.5646],[-122.7245,48.5652],[-122.7195,48.5617],[-122.7248,48.5526],[-122.7244,48.549],[-122.7223,48.5479],[-122.7227,48.5413],[-122.7209,48.5399],[-122.7166,48.5395],[-122.7001,48.5435],[-122.6844,48.5437],[-122.6814,48.547],[-122.6816,48.5517],[-122.6896,48.5546],[-122.6947,48.5522],[-122.6965,48.5521],[-122.696,48.5536],[-122.6861,48.5584],[-122.6759,48.5659],[-122.6721,48.5637],[-122.6681,48.5672],[-122.6776,48.5765],[-122.6875,48.5804],[-122.6989,48.5899],[-122.698,48.591],[-122.6964,48.5896],[-122.6912,48.5902],[-122.6948,48.5936],[-122.6938,48.5961],[-122.7046,48.6047],[-122.7107,48.6073],[-122.7106,48.6088]],[[-122.7349,48.5602],[-122.7343,48.5627],[-122.7357,48.5641],[-122.7363,48.5613],[-122.7349,48.5602]],[[-122.8191,48.6914],[-122.835,48.6989],[-122.8667,48.706],[-122.8767,48.7127],[-122.8862,48.7122],[-122.893,48.7148],[-122.9087,48.7146],[-122.9391,48.7096],[-122.9478,48.7124],[-122.9493,48.7107],[-122.9422,48.7058],[-122.9421,48.7016],[-122.9492,48.6937],[-122.954,48.6912],[-122.9605,48.6906],[-122.9611,48.6889],[-122.9581,48.6877],[-122.961,48.6843],[-122.973,48.6805],[-122.9858,48.674],[-122.9856,48.6724],[-122.9898,48.6674],[-122.9956,48.6652],[-123,48.6605],[-123,48.618],[-122.9987,48.6139],[-122.9938,48.6106],[-122.9908,48.6019],[-122.9781,48.5999],[-122.9759,48.6035],[-122.977,48.608],[-122.9798,48.6094],[-122.9769,48.6128],[-122.9799,48.6158],[-122.9794,48.6179],[-122.9837,48.6215],[-122.9884,48.6211],[-122.9887,48.6252],[-122.9854,48.6268],[-122.9853,48.6292],[-122.9928,48.6326],[-122.9904,48.64],[-122.9867,48.6411],[-122.9874,48.6431],[-122.98,48.6406],[-122.9683,48.6284],[-122.9653,48.6302],[-122.9572,48.6313],[-122.9524,48.6245],[-122.9564,48.6177],[-122.9523,48.608],[-122.9546,48.605],[-122.9486,48.5978],[-122.9356,48.5987],[-122.9373,48.5958],[-122.9356,48.5931],[-122.927,48.5911],[-122.9269,48.5934],[-122.9146,48.5913],[-122.9067,48.5926],[-122.9054,48.5942],[-122.9063,48.5965],[-122.9043,48.5973],[-122.9041,48.5945],[-122.8998,48.5913],[-122.8922,48.5911],[-122.8874,48.5885],[-122.8845,48.5905],[-122.8858,48.5948],[-122.8817,48.5915],[-122.8732,48.5952],[-122.8696,48.6],[-122.8645,48.6026],[-122.8625,48.6068],[-122.8643,48.6095],[-122.8631,48.6121],[-122.8694,48.615],[-122.8757,48.6221],[-122.8828,48.6386],[-122.8904,48.6423],[-122.8926,48.6451],[-122.9028,48.6482],[-122.9109,48.6549],[-122.9129,48.6655],[-122.9094,48.6705],[-122.9156,48.6764],[-122.9176,48.6834],[-122.923,48.6849],[-122.9224,48.6861],[-122.9201,48.6854],[-122.9201,48.6888],[-122.9184,48.6905],[-122.9112,48.6914],[-122.909,48.694],[-122.9061,48.6931],[-122.9043,48.69],[-122.8991,48.689],[-122.9,48.6933],[-122.893,48.6955],[-122.8852,48.6895],[-122.8833,48.686],[-122.8824,48.6758],[-122.8843,48.6594],[-122.8822,48.6538],[-122.8749,48.6444],[-122.8732,48.6435],[-122.8694,48.6469],[-122.8664,48.6455],[-122.8495,48.6229],[-122.8452,48.6199],[-122.8373,48.6175],[-122.8306,48.6216],[-122.8316,48.6181],[-122.8288,48.6145],[-122.8289,48.6084],[-122.8308,48.6053],[-122.8298,48.6011],[-122.8201,48.6011],[-122.818,48.6046],[-122.8144,48.6065],[-122.8054,48.6023],[-122.7987,48.6016],[-122.7983,48.6031],[-122.8049,48.6108],[-122.8042,48.6126],[-122.8085,48.6157],[-122.8089,48.6176],[-122.8069,48.6212],[-122.7992,48.6251],[-122.799,48.6272],[-122.7964,48.6293],[-122.7976,48.6325],[-122.784,48.6351],[-122.7862,48.6382],[-122.7826,48.6401],[-122.7767,48.6398],[-122.7655,48.6429],[-122.7648,48.6449],[-122.7549,48.6496],[-122.7546,48.6563],[-122.7415,48.661],[-122.7993,48.6795],[-122.8047,48.6844],[-122.8191,48.6914]],[[-122.7662,48.7012],[-122.7644,48.696],[-122.76,48.6941],[-122.7593,48.6958],[-122.7629,48.698],[-122.7638,48.7058],[-122.7655,48.7078],[-122.7662,48.7012]],[[-122.7769,48.5122],[-122.7788,48.5086],[-122.7773,48.5077],[-122.7725,48.5078],[-122.769,48.5107],[-122.7741,48.5127],[-122.7729,48.5156],[-122.7759,48.5178],[-122.7813,48.5156],[-122.7769,48.5122]],[[-122.8147,48.5876],[-122.8185,48.584],[-122.8235,48.584],[-122.828,48.581],[-122.828,48.5743],[-122.8321,48.5729],[-122.8285,48.5673],[-122.8296,48.5608],[-122.8279,48.5548],[-122.8243,48.5522],[-122.8197,48.5545],[-122.8161,48.5521],[-122.8224,48.5462],[-122.8131,48.5362],[-122.8112,48.5321],[-122.8027,48.5322],[-122.8027,48.5348],[-122.8,48.5357],[-122.7992,48.5384],[-122.7931,48.5375],[-122.7914,48.5406],[-122.7873,48.5414],[-122.7862,48.5436],[-122.7716,48.5523],[-122.77,48.561],[-122.7924,48.5817],[-122.8105,48.5887],[-122.8147,48.5876]],[[-122.7749,48.7035],[-122.7774,48.6982],[-122.7765,48.6956],[-122.7734,48.6972],[-122.7749,48.7035]],[[-122.8004,48.5243],[-122.8162,48.525],[-122.8282,48.5226],[-122.832,48.5183],[-122.832,48.5137],[-122.8368,48.5159],[-122.8399,48.5121],[-122.8385,48.5097],[-122.8314,48.5091],[-122.8284,48.5045],[-122.8241,48.5032],[-122.8207,48.5],[-122.7941,48.5],[-122.7922,48.5061],[-122.7835,48.5106],[-122.7851,48.5134],[-122.7879,48.5102],[-122.7932,48.5106],[-122.7967,48.5146],[-122.7959,48.5197],[-122.7866,48.5232],[-122.7895,48.5249],[-122.7982,48.5254],[-122.8004,48.5243]],[[-122.7892,48.6325],[-122.7858,48.6331],[-122.7878,48.6339],[-122.7892,48.6325]],[[-122.7972,48.5341],[-122.7949,48.5357],[-122.797,48.5366],[-122.7972,48.5341]],[[-122.8711,48.5],[-122.8733,48.5021],[-122.8732,48.5058],[-122.8682,48.5097],[-122.8646,48.5156],[-122.8611,48.5305],[-122.8569,48.5347],[-122.8594,48.5416],[-122.8641,48.5426],[-122.8722,48.5415],[-122.8755,48.5429],[-122.8767,48.5452],[-122.8717,48.5518],[-122.8654,48.554],[-122.8657,48.5615],[-122.8698,48.5646],[-122.8724,48.5637],[-122.8734,48.5608],[-122.8724,48.5533],[-122.8833,48.5544],[-122.8823,48.5575],[-122.8842,48.5593],[-122.8842,48.5663],[-122.8827,48.5707],[-122.8847,48.5728],[-122.8885,48.5712],[-122.8913,48.5674],[-122.8915,48.5574],[-122.8996,48.5552],[-122.9052,48.5501],[-122.9119,48.5492],[-122.9197,48.5509],[-122.9222,48.5396],[-122.9165,48.5239],[-122.9184,48.5197],[-122.9136,48.518],[-122.9121,48.5156],[-122.9137,48.5107],[-122.9193,48.5055],[-122.9247,48.5037],[-122.9301,48.506],[-122.931,48.502],[-122.9365,48.5004],[-122.9372,48.5013],[-122.9315,48.5082],[-122.9236,48.5112],[-122.921,48.5149],[-122.9182,48.5158],[-122.9214,48.52],[-122.9189,48.5221],[-122.9241,48.522],[-122.9328,48.5166],[-122.9341,48.5063],[-122.9392,48.5],[-122.8711,48.5]],[[-122.8222,48.5879],[-122.8104,48.5917],[-122.8037,48.5971],[-122.8117,48.6006],[-122.8153,48.6006],[-122.8161,48.5972],[-122.8228,48.589],[-122.8222,48.5879]],[[-122.8221,48.7456],[-122.8223,48.7442],[-122.8192,48.744],[-122.8221,48.7456]],[[-122.8214,48.5391],[-122.8213,48.5408],[-122.8234,48.542],[-122.8235,48.5397],[-122.8214,48.5391]],[[-122.8487,48.7471],[-122.8387,48.7435],[-122.8319,48.7428],[-122.8331,48.745],[-122.8271,48.7436],[-122.8271,48.7467],[-122.8396,48.7497],[-122.8447,48.7497],[-122.8487,48.7471]],[[-122.8376,48.5065],[-122.8403,48.5036],[-122.8369,48.5021],[-122.8352,48.5051],[-122.8376,48.5065]],[[-122.8435,48.5413],[-122.8457,48.5425],[-122.8501,48.5386],[-122.8475,48.5338],[-122.8447,48.5338],[-122.8428,48.5389],[-122.8435,48.5413]],[[-122.8786,48.7629],[-122.8765,48.7636],[-122.8786,48.7646],[-122.8854,48.7659],[-122.8786,48.7629]],[[-122.8822,48.7512],[-122.8795,48.7512],[-122.8835,48.7541],[-122.8924,48.7583],[-122.8925,48.7565],[-122.8822,48.7512]],[[-122.9191,48.764],[-122.9155,48.7651],[-122.9146,48.7599],[-122.9194,48.7613],[-122.9199,48.7603],[-122.9137,48.7547],[-122.9086,48.7524],[-122.91,48.7512],[-122.9127,48.7519],[-122.9123,48.7504],[-122.905,48.7494],[-122.8971,48.746],[-122.8955,48.7465],[-122.8969,48.7479],[-122.9069,48.7517],[-122.9011,48.7536],[-122.8928,48.7479],[-122.89,48.7475],[-122.8942,48.7501],[-122.8841,48.7478],[-122.9117,48.762],[-122.9079,48.7672],[-122.8859,48.7635],[-122.8889,48.765],[-122.8875,48.7665],[-122.8912,48.7683],[-122.9001,48.7701],[-122.9121,48.7699],[-122.9169,48.7684],[-122.92,48.7649],[-122.9191,48.764]],[[-122.8872,48.7512],[-122.9004,48.7587],[-122.9009,48.7575],[-122.8976,48.7554],[-122.8872,48.7512]],[[-122.9688,48.5943],[-122.9682,48.5925],[-122.9699,48.5912],[-122.9772,48.5926],[-122.9884,48.5915],[-123,48.5869],[-123,48.5818],[-122.9844,48.5693],[-122.9852,48.566],[-122.9799,48.5686],[-122.9792,48.5645],[-122.9724,48.5591],[-122.9755,48.5578],[-122.9843,48.5618],[-122.9883,48.5612],[-122.9876,48.5581],[-122.9819,48.5552],[-122.979,48.5517],[-122.9743,48.5519],[-122.9687,48.5552],[-122.9664,48.5493],[-122.9617,48.5509],[-122.9495,48.5467],[-122.944,48.548],[-122.9408,48.5519],[-122.945,48.558],[-122.9483,48.5591],[-122.9482,48.561],[-122.9465,48.5619],[-122.9438,48.5583],[-122.9391,48.5572],[-122.9375,48.5589],[-122.9397,48.5626],[-122.9354,48.5644],[-122.9292,48.5646],[-122.9223,48.5622],[-122.9251,48.5647],[-122.9246,48.5658],[-122.9182,48.5645],[-122.9049,48.5757],[-122.9024,48.5799],[-122.9041,48.582],[-122.9211,48.5872],[-122.9243,48.5852],[-122.9301,48.585],[-122.9302,48.5818],[-122.9327,48.5802],[-122.9298,48.5751],[-122.9352,48.5733],[-122.944,48.5797],[-122.9436,48.5813],[-122.9403,48.5828],[-122.9415,48.5854],[-122.9464,48.5874],[-122.9658,48.5903],[-122.9662,48.5958],[-122.9688,48.5943]],[[-122.922,48.7558],[-122.9239,48.7554],[-122.9164,48.7523],[-122.9153,48.7532],[-122.9169,48.7551],[-122.922,48.7558]],[[-122.9289,48.5572],[-122.9253,48.5548],[-122.9232,48.5574],[-122.9265,48.5604],[-122.9285,48.5594],[-122.9289,48.5572]],[[-122.9524,48.781],[-122.9467,48.7813],[-122.9402,48.7847],[-122.9447,48.7875],[-122.9501,48.7855],[-122.9717,48.7895],[-122.9712,48.7878],[-122.9671,48.7858],[-122.9711,48.7846],[-122.9524,48.781]],[[-123,48.5],[-123,48.5193],[-122.9968,48.5156],[-122.9831,48.5146],[-122.9776,48.5193],[-122.9717,48.5215],[-122.9712,48.5245],[-122.9735,48.5276],[-122.9791,48.5278],[-122.979,48.5329],[-122.9828,48.5357],[-122.9953,48.5351],[-122.9969,48.5272],[-122.999,48.5257],[-123,48.5266],[-123,48.5]],[[-122.9743,48.5307],[-122.9693,48.5324],[-122.9714,48.5359],[-122.9743,48.5307]],[[-122.9696,48.5275],[-122.9705,48.529],[-122.9729,48.5285],[-122.9696,48.5275]],[[-122.9724,48.6099],[-122.9751,48.6065],[-122.9724,48.6034],[-122.9712,48.608],[-122.9724,48.6099]],[[-122.9756,48.6144],[-122.9756,48.6131],[-122.9739,48.6136],[-122.9756,48.6144]],[[-122.9799,48.5952],[-122.9813,48.5972],[-122.982,48.5957],[-122.9799,48.5952]],[[-123,48.5928],[-122.9896,48.5935],[-122.9882,48.5956],[-122.9918,48.6012],[-122.9967,48.6022],[-123,48.6003],[-123,48.5928]],[[-123,48.5352],[-122.9978,48.5363],[-123,48.5384],[-123,48.5352]]],[[[-123,49],[-123.3184,49],[-123.3222,49.0021],[-123.0935,49.0021],[-123.0914,49.002],[-123.0906,49],[-123.0358,49],[-123.0355,49.0021],[-123,49.0021],[-123,49]]],[[[-122.7574,49.0015],[-122.7576,49],[-123,49],[-123,49.0021],[-122.7574,49.0015]]]]}},{"type":"Feature","properties":{"country":"US","name":"United States Exclusive Economic Zone (Alaska)","mrgid":8463},"geometry":{"type":"MultiPolygon","coordinates":[[[[-133,54.5],[-132.5,54.5],[-132.5,54.4117],[-132.6413,54.4104],[-132.7462,54.4356],[-132.8623,54.4601],[-132.9477,54.4769],[-133,54.4839],[-133,54.5]]],[[[-132.5,54.5],[-132,54.5],[-132,54.3967],[-132.0501,54.381],[-132.248,54.405],[-132.3642,54.4151],[-132.3875,54.4154],[-132.3973,54.4131],[-132.5,54.4117],[-132.5,54.5]]],[[[-132,54.5],[-131.6044,54.5],[-131.9728,54.4052],[-132,54.3967],[-132,54.5]]],[[[-133,54.5],[-133,55],[-132.5,55],[-132.5,54.5],[-133,54.5]],[[-132.5744,55],[-132.5796,54.9931],[-132.5778,54.991],[-132.5671,54.9862],[-132.5526,54.989],[-132.5417,54.9884],[-132.5448,54.9865],[-132.5418,54.986],[-132.5439,54.9838],[-132.5624,54.9793],[-132.5797,54.9804],[-132.5927,54.9701],[-132.5947,54.9702],[-132.5961,54.9728],[-132.5929,54.9772],[-132.5947,54.9795],[-132.5932,54.9812],[-132.5966,54.9848],[-132.5957,54.988],[-132.6027,54.9913],[-132.6114,54.9922],[-132.6164,54.9812],[-132.6108,54.9736],[-132.6163,54.9703],[-132.6067,54.9617],[-132.5933,54.9602],[-132.596,54.9568],[-132.5854,54.9534],[-132.5867,54.9515],[-132.5809,54.9434],[-132.572,54.9421],[-132.5626,54.934],[-132.5513,54.9338],[-132.547,54.9313],[-132.5424,54.9326],[-132.544,54.9345],[-132.537,54.9399],[-132.5314,54.9371],[-132.5304,54.9326],[-132.5202,54.9346],[-132.5235,54.9371],[-132.5215,54.9419],[-132.5143,54.9455],[-132.5196,54.9474],[-132.5127,54.9506],[-132.5135,54.9526],[-132.511,54.9546],[-132.5147,54.9558],[-132.5191,54.9518],[-132.5214,54.9535],[-132.5418,54.9507],[-132.5349,54.9575],[-132.5219,54.9623],[-132.5134,54.9623],[-132.5112,54.9594],[-132.5007,54.9604],[-132.504,54.9658],[-132.5026,54.9692],[-132.5084,54.9744],[-132.5023,54.9806],[-132.5024,54.9848],[-132.5049,54.9865],[-132.5056,54.9901],[-132.5014,54.9932],[-132.5014,54.9968],[-132.505,55],[-132.5,55],[-132.5,54.9324],[-132.5103,54.9305],[-132.5135,54.9283],[-132.514,54.9257],[-132.52,54.9252],[-132.5183,54.9226],[-132.5274,54.922],[-132.5266,54.9184],[-132.5119,54.9045],[-132.5066,54.9024],[-132.5029,54.8984],[-132.5,54.8991],[-132.5,55],[-132.5744,55]],[[-132.5,54.9492],[-132.5035,54.9465],[-132.5122,54.9439],[-132.5072,54.9429],[-132.5,54.9388],[-132.5,54.9492]],[[-132.5,54.7879],[-132.5043,54.7836],[-132.5,54.7817],[-132.5,54.7879]],[[-132.508,54.8955],[-132.5043,54.8943],[-132.5014,54.8952],[-132.5075,54.9003],[-132.5134,54.9023],[-132.5139,54.8996],[-132.508,54.8955]],[[-132.5056,54.9381],[-132.515,54.9394],[-132.5078,54.9358],[-132.5033,54.9361],[-132.5056,54.9381]],[[-132.5049,54.78],[-132.509,54.7814],[-132.5084,54.7781],[-132.5057,54.7765],[-132.5037,54.7768],[-132.5049,54.78]],[[-132.5074,54.949],[-132.5111,54.95],[-132.5097,54.9482],[-132.5074,54.949]],[[-132.528,54.9066],[-132.53,54.9007],[-132.5205,54.8949],[-132.5202,54.8969],[-132.525,54.9015],[-132.5248,54.9056],[-132.528,54.9066]],[[-132.5271,54.9262],[-132.5222,54.9245],[-132.5225,54.9263],[-132.5271,54.9262]],[[-132.5391,54.9174],[-132.5391,54.9135],[-132.5354,54.9139],[-132.5367,54.9166],[-132.5391,54.9174]],[[-132.5858,54.9866],[-132.581,54.9866],[-132.5807,54.9884],[-132.5836,54.9896],[-132.5871,54.9877],[-132.5858,54.9866]],[[-132.6074,54.9943],[-132.5969,54.9956],[-132.5931,54.9999],[-132.6033,55],[-132.6006,54.9968],[-132.6098,54.9967],[-132.6074,54.9943]],[[-132.7315,54.9406],[-132.7419,54.9345],[-132.7413,54.9329],[-132.7482,54.9345],[-132.7471,54.9308],[-132.7449,54.9295],[-132.7475,54.9276],[-132.7496,54.9279],[-132.7488,54.9306],[-132.752,54.9327],[-132.7646,54.9332],[-132.7665,54.9308],[-132.7659,54.9269],[-132.7597,54.9211],[-132.7645,54.9236],[-132.7738,54.9246],[-132.7764,54.9276],[-132.7853,54.9322],[-132.8009,54.9333],[-132.8041,54.9321],[-132.8039,54.9301],[-132.8081,54.9306],[-132.8113,54.9333],[-132.8104,54.9298],[-132.8036,54.9267],[-132.7913,54.9274],[-132.7885,54.9261],[-132.7948,54.9255],[-132.7931,54.9228],[-132.7994,54.9201],[-132.7929,54.9088],[-132.7928,54.9054],[-132.7899,54.9024],[-132.7911,54.9018],[-132.7998,54.9061],[-132.8002,54.9128],[-132.8047,54.9145],[-132.8085,54.9201],[-132.8082,54.9229],[-132.8183,54.9239],[-132.8157,54.9191],[-132.8177,54.917],[-132.8129,54.9126],[-132.8141,54.9089],[-132.8103,54.9058],[-132.8102,54.9011],[-132.8076,54.8996],[-132.8106,54.885],[-132.8087,54.8827],[-132.8089,54.8795],[-132.8057,54.875],[-132.8006,54.8719],[-132.8056,54.8713],[-132.8043,54.8684],[-132.7971,54.8653],[-132.7872,54.8566],[-132.7769,54.8536],[-132.7751,54.8514],[-132.7731,54.8518],[-132.7736,54.8546],[-132.7606,54.8493],[-132.756,54.8509],[-132.7555,54.8475],[-132.7646,54.8474],[-132.7632,54.8456],[-132.7496,54.8432],[-132.7466,54.8402],[-132.74,54.8389],[-132.7358,54.8358],[-132.7352,54.8297],[-132.7291,54.8282],[-132.7166,54.8208],[-132.7139,54.8145],[-132.7115,54.8165],[-132.7047,54.8146],[-132.7012,54.8078],[-132.7042,54.8067],[-132.6995,54.8061],[-132.6962,54.7956],[-132.689,54.7895],[-132.6821,54.7809],[-132.6846,54.7767],[-132.6805,54.7732],[-132.6779,54.7661],[-132.6758,54.767],[-132.6724,54.7651],[-132.6689,54.7655],[-132.6649,54.7602],[-132.6573,54.7568],[-132.6584,54.7539],[-132.6526,54.7513],[-132.6521,54.754],[-132.65,54.7548],[-132.646,54.7513],[-132.6382,54.7511],[-132.6355,54.7489],[-132.63,54.7562],[-132.625,54.7574],[-132.6258,54.7641],[-132.6229,54.7679],[-132.6148,54.7638],[-132.6104,54.7635],[-132.6118,54.7648],[-132.61,54.7686],[-132.6127,54.7707],[-132.6103,54.7721],[-132.6098,54.7759],[-132.6155,54.7768],[-132.619,54.7848],[-132.6135,54.7875],[-132.6206,54.7901],[-132.621,54.7927],[-132.6331,54.7953],[-132.6228,54.7988],[-132.6267,54.8016],[-132.6243,54.8038],[-132.6351,54.8073],[-132.6394,54.8119],[-132.639,54.816],[-132.6518,54.82],[-132.6644,54.8201],[-132.6717,54.8246],[-132.6764,54.822],[-132.6809,54.8233],[-132.678,54.8242],[-132.6771,54.8267],[-132.6693,54.8257],[-132.667,54.8274],[-132.6637,54.8268],[-132.6648,54.8296],[-132.6607,54.8282],[-132.6599,54.8291],[-132.6703,54.832],[-132.6728,54.8357],[-132.6849,54.8351],[-132.6896,54.8411],[-132.7097,54.8454],[-132.7142,54.8477],[-132.7033,54.8479],[-132.6966,54.8448],[-132.6904,54.85],[-132.6863,54.8503],[-132.6734,54.8422],[-132.6693,54.8438],[-132.6665,54.8469],[-132.6716,54.8548],[-132.6701,54.857],[-132.6636,54.8534],[-132.6608,54.8487],[-132.6499,54.8411],[-132.6439,54.8422],[-132.6407,54.8393],[-132.6325,54.8364],[-132.6344,54.8437],[-132.6366,54.8447],[-132.6267,54.8436],[-132.631,54.8503],[-132.6301,54.8519],[-132.641,54.8534],[-132.644,54.8566],[-132.6507,54.8594],[-132.6556,54.8593],[-132.6585,54.8649],[-132.6613,54.8661],[-132.6564,54.8688],[-132.6531,54.8682],[-132.6553,54.8726],[-132.6531,54.8739],[-132.6491,54.8742],[-132.6463,54.8719],[-132.6407,54.8712],[-132.6461,54.8749],[-132.6438,54.8757],[-132.6342,54.8748],[-132.6251,54.8703],[-132.6231,54.8735],[-132.6298,54.8783],[-132.6279,54.8807],[-132.6283,54.884],[-132.6343,54.8852],[-132.6322,54.887],[-132.6319,54.8905],[-132.6393,54.895],[-132.6461,54.9022],[-132.6528,54.9049],[-132.6598,54.8988],[-132.6536,54.8979],[-132.6482,54.8941],[-132.655,54.8959],[-132.6679,54.8948],[-132.6739,54.896],[-132.6683,54.898],[-132.6685,54.9011],[-132.6665,54.903],[-132.6696,54.9058],[-132.6632,54.9103],[-132.6738,54.9137],[-132.6756,54.9132],[-132.6748,54.9112],[-132.6767,54.9089],[-132.6817,54.9082],[-132.6859,54.9128],[-132.6858,54.917],[-132.6893,54.9165],[-132.6964,54.9224],[-132.6951,54.9242],[-132.6964,54.9251],[-132.7079,54.923],[-132.7082,54.92],[-132.7148,54.9168],[-132.7244,54.9193],[-132.7332,54.9175],[-132.7361,54.9101],[-132.7321,54.9075],[-132.7422,54.9102],[-132.7497,54.9151],[-132.7497,54.9169],[-132.7369,54.9193],[-132.7316,54.9225],[-132.7263,54.923],[-132.7211,54.9281],[-132.7122,54.9296],[-132.7125,54.9318],[-132.7225,54.9392],[-132.7315,54.9406]],[[-132.6211,54.8554],[-132.6163,54.8563],[-132.6201,54.8582],[-132.6233,54.8565],[-132.6211,54.8554]],[[-132.6286,54.8693],[-132.6243,54.8648],[-132.6229,54.8668],[-132.6239,54.8695],[-132.6286,54.8693]],[[-132.6598,54.9086],[-132.6562,54.907],[-132.6524,54.9077],[-132.6598,54.9086]],[[-132.6819,54.6818],[-132.7191,54.6931],[-132.7303,54.7002],[-132.7283,54.702],[-132.7231,54.7028],[-132.7179,54.699],[-132.7019,54.697],[-132.6975,54.6985],[-132.6974,54.7008],[-132.6994,54.7022],[-132.7098,54.6998],[-132.7192,54.7038],[-132.7065,54.7021],[-132.7016,54.703],[-132.7044,54.7045],[-132.7027,54.7068],[-132.7067,54.7095],[-132.7067,54.7117],[-132.7052,54.7134],[-132.6999,54.7144],[-132.7025,54.7194],[-132.6997,54.7208],[-132.7042,54.7232],[-132.7052,54.7273],[-132.6966,54.7301],[-132.7066,54.7312],[-132.7112,54.7338],[-132.7265,54.7331],[-132.7271,54.738],[-132.7326,54.7375],[-132.7451,54.7414],[-132.7554,54.7399],[-132.7758,54.746],[-132.7613,54.7483],[-132.7445,54.7459],[-132.7424,54.7477],[-132.7314,54.7428],[-132.7209,54.7444],[-132.7237,54.7458],[-132.7213,54.7499],[-132.7432,54.7558],[-132.75,54.7553],[-132.7504,54.758],[-132.7536,54.7603],[-132.7499,54.7624],[-132.728,54.7553],[-132.7263,54.7557],[-132.7271,54.7565],[-132.7419,54.7624],[-132.7428,54.7656],[-132.7361,54.7657],[-132.7235,54.7601],[-132.7162,54.7616],[-132.7281,54.7696],[-132.7165,54.7694],[-132.7217,54.7743],[-132.7252,54.7748],[-132.7279,54.774],[-132.7283,54.7724],[-132.7311,54.7724],[-132.7412,54.7798],[-132.739,54.7814],[-132.7332,54.7778],[-132.729,54.7849],[-132.7356,54.788],[-132.7378,54.7911],[-132.7463,54.7929],[-132.7483,54.7963],[-132.7555,54.8],[-132.7486,54.8001],[-132.7427,54.7981],[-132.7424,54.8015],[-132.7602,54.8079],[-132.7652,54.8076],[-132.7665,54.805],[-132.7709,54.8065],[-132.784,54.8059],[-132.7918,54.8077],[-132.7795,54.8123],[-132.7711,54.8119],[-132.7647,54.8166],[-132.751,54.8148],[-132.7509,54.818],[-132.749,54.8191],[-132.7598,54.8228],[-132.7645,54.8228],[-132.7698,54.8268],[-132.7659,54.8273],[-132.7652,54.829],[-132.7711,54.8338],[-132.7998,54.8477],[-132.8409,54.8417],[-132.8453,54.8426],[-132.842,54.8473],[-132.8291,54.8511],[-132.8203,54.8496],[-132.8223,54.8512],[-132.8195,54.8536],[-132.8147,54.8536],[-132.8144,54.8569],[-132.8164,54.8602],[-132.8374,54.8744],[-132.8408,54.8798],[-132.8451,54.8821],[-132.8477,54.8827],[-132.8459,54.88],[-132.8482,54.8774],[-132.8553,54.8769],[-132.8538,54.8788],[-132.8551,54.8813],[-132.8511,54.8796],[-132.8491,54.8806],[-132.854,54.8922],[-132.8492,54.891],[-132.8555,54.896],[-132.8628,54.8965],[-132.8659,54.8948],[-132.88,54.8983],[-132.886,54.8973],[-132.8884,54.8997],[-132.893,54.9],[-132.8939,54.9039],[-132.9077,54.9131],[-132.9178,54.9105],[-132.9268,54.9103],[-132.9239,54.914],[-132.9183,54.913],[-132.9142,54.9142],[-132.9136,54.922],[-132.9015,54.9254],[-132.8965,54.929],[-132.9029,54.932],[-132.9164,54.9327],[-132.9237,54.9315],[-132.9223,54.9301],[-132.9243,54.9288],[-132.9343,54.929],[-132.9347,54.9313],[-132.9281,54.9326],[-132.9318,54.935],[-132.9275,54.9371],[-132.9211,54.9388],[-132.9073,54.9387],[-132.9089,54.942],[-132.9067,54.9449],[-132.9123,54.9466],[-132.9174,54.9513],[-132.9279,54.9538],[-132.933,54.9512],[-132.9422,54.9499],[-132.9416,54.9477],[-132.9446,54.9443],[-132.9566,54.9409],[-132.9625,54.941],[-132.9664,54.9435],[-132.9755,54.9428],[-132.9842,54.9474],[-132.9829,54.9496],[-132.9754,54.9486],[-132.9708,54.9517],[-132.9532,54.9485],[-132.9513,54.9516],[-132.9544,54.9551],[-132.9518,54.9578],[-132.953,54.9591],[-132.9442,54.9655],[-132.9435,54.9687],[-132.9477,54.9723],[-132.9581,54.975],[-132.956,54.9767],[-132.9588,54.9815],[-132.9555,54.9865],[-132.9633,54.9893],[-132.961,54.9932],[-132.9615,54.9966],[-132.957,55],[-133,55],[-133,54.8281],[-132.9839,54.8306],[-132.9799,54.8332],[-132.9742,54.8333],[-132.96,54.8384],[-132.9529,54.8385],[-132.9437,54.8462],[-132.9367,54.848],[-132.9335,54.8471],[-132.9294,54.8422],[-132.9269,54.8426],[-132.9283,54.8464],[-132.9241,54.8457],[-132.924,54.8487],[-132.9221,54.8487],[-132.9147,54.8436],[-132.9234,54.8438],[-132.9248,54.8367],[-132.9319,54.8357],[-132.9344,54.8338],[-132.9241,54.8324],[-132.9293,54.8305],[-132.9275,54.8264],[-132.9327,54.8259],[-132.9386,54.8217],[-132.9483,54.8223],[-132.9539,54.8183],[-132.9678,54.8151],[-132.975,54.8104],[-132.9767,54.8045],[-132.9728,54.7994],[-132.9523,54.7933],[-132.9527,54.7915],[-132.9505,54.7895],[-132.9514,54.7867],[-132.9484,54.7863],[-132.9413,54.7886],[-132.9431,54.7839],[-132.9416,54.7829],[-132.9202,54.7788],[-132.9194,54.7811],[-132.9175,54.7816],[-132.9072,54.7762],[-132.9046,54.7766],[-132.9027,54.7755],[-132.9038,54.7744],[-132.9025,54.773],[-132.9058,54.7724],[-132.9062,54.771],[-132.8868,54.765],[-132.8891,54.763],[-132.8879,54.7614],[-132.8635,54.7464],[-132.8581,54.7458],[-132.858,54.7482],[-132.853,54.7482],[-132.8448,54.7462],[-132.8237,54.7503],[-132.8259,54.7484],[-132.8263,54.7433],[-132.8437,54.7397],[-132.8493,54.7397],[-132.8633,54.7444],[-132.8749,54.7455],[-132.887,54.7408],[-132.8858,54.7383],[-132.8824,54.7372],[-132.8854,54.7346],[-132.88,54.7337],[-132.8823,54.7314],[-132.8773,54.7295],[-132.8701,54.7293],[-132.8735,54.7273],[-132.8729,54.7264],[-132.8639,54.7271],[-132.8663,54.7237],[-132.8684,54.7237],[-132.8736,54.7194],[-132.8676,54.7194],[-132.8663,54.7177],[-132.874,54.7149],[-132.8714,54.7138],[-132.8652,54.7155],[-132.8585,54.7098],[-132.8598,54.7078],[-132.8648,54.7066],[-132.8765,54.7072],[-132.8777,54.7059],[-132.8757,54.7051],[-132.8776,54.7031],[-132.8707,54.7056],[-132.8747,54.7013],[-132.8698,54.7022],[-132.8604,54.6966],[-132.8588,54.6972],[-132.8603,54.6991],[-132.8557,54.7001],[-132.8506,54.6927],[-132.8435,54.6918],[-132.848,54.6867],[-132.846,54.6864],[-132.843,54.689],[-132.8437,54.6865],[-132.8424,54.6865],[-132.8372,54.69],[-132.8244,54.6906],[-132.8197,54.6924],[-132.8197,54.6946],[-132.817,54.6965],[-132.8186,54.7009],[-132.8188,54.7038],[-132.8165,54.7063],[-132.8181,54.7114],[-132.8152,54.7122],[-132.8116,54.7082],[-132.8107,54.702],[-132.8051,54.6942],[-132.7977,54.6925],[-132.7995,54.688],[-132.7923,54.6872],[-132.7919,54.6858],[-132.7964,54.6852],[-132.7959,54.6837],[-132.7792,54.6891],[-132.7713,54.6878],[-132.7637,54.6944],[-132.7491,54.6902],[-132.7467,54.6866],[-132.7489,54.6843],[-132.7605,54.6807],[-132.7643,54.6819],[-132.7704,54.6799],[-132.7701,54.6769],[-132.7762,54.6787],[-132.7771,54.6779],[-132.7729,54.6755],[-132.7793,54.6739],[-132.7799,54.6718],[-132.7672,54.6719],[-132.7695,54.6748],[-132.7587,54.6741],[-132.7535,54.677],[-132.7476,54.6746],[-132.75,54.6692],[-132.744,54.6655],[-132.7428,54.667],[-132.745,54.6684],[-132.7438,54.6691],[-132.7392,54.668],[-132.7335,54.6688],[-132.7299,54.668],[-132.7328,54.6663],[-132.727,54.6646],[-132.7244,54.666],[-132.7268,54.6682],[-132.7147,54.6685],[-132.7136,54.6708],[-132.7085,54.6719],[-132.7017,54.6707],[-132.6969,54.6648],[-132.6896,54.6631],[-132.6863,54.6638],[-132.6834,54.6622],[-132.6817,54.6667],[-132.6775,54.666],[-132.6721,54.6696],[-132.6734,54.6732],[-132.6631,54.6727],[-132.6615,54.6745],[-132.6739,54.6767],[-132.6819,54.6818]],[[-132.6771,54.7186],[-132.6793,54.7176],[-132.6762,54.7151],[-132.6747,54.7166],[-132.6771,54.7186]],[[-132.6846,54.7092],[-132.6772,54.7091],[-132.6847,54.7112],[-132.6863,54.7104],[-132.6846,54.7092]],[[-132.6894,54.7239],[-132.6854,54.7227],[-132.6792,54.7256],[-132.6864,54.7296],[-132.6888,54.7277],[-132.6894,54.7239]],[[-132.7679,55],[-132.7671,54.9982],[-132.7583,54.9943],[-132.7567,54.9886],[-132.7485,54.9893],[-132.7496,54.9904],[-132.7465,54.9963],[-132.7485,55],[-132.7679,55]],[[-132.6929,54.7042],[-132.6845,54.7051],[-132.6833,54.7077],[-132.6853,54.7082],[-132.6929,54.7042]],[[-132.6915,54.9769],[-132.6898,54.9767],[-132.6883,54.9788],[-132.6909,54.9809],[-132.6929,54.98],[-132.6915,54.9769]],[[-132.7378,54.9883],[-132.7418,54.9802],[-132.7364,54.9792],[-132.7369,54.9813],[-132.7325,54.9826],[-132.7282,54.9815],[-132.7288,54.9794],[-132.7272,54.9781],[-132.721,54.9757],[-132.7159,54.9772],[-132.7158,54.982],[-132.723,54.9893],[-132.7378,54.9883]],[[-132.729,54.7796],[-132.7305,54.7787],[-132.7264,54.7764],[-132.7254,54.7776],[-132.729,54.7796]],[[-132.7393,54.9476],[-132.7421,54.9459],[-132.7379,54.9444],[-132.7369,54.9465],[-132.7393,54.9476]],[[-132.7457,54.9515],[-132.7505,54.9504],[-132.7515,54.9488],[-132.7464,54.9477],[-132.7421,54.9501],[-132.7457,54.9515]],[[-132.7472,54.8089],[-132.7539,54.8092],[-132.7494,54.8069],[-132.7467,54.8075],[-132.7472,54.8089]],[[-132.7766,54.9351],[-132.7783,54.9373],[-132.7806,54.9355],[-132.7766,54.9351]],[[-132.7839,54.9642],[-132.7794,54.9625],[-132.7761,54.9636],[-132.7772,54.965],[-132.7839,54.9642]],[[-132.809,54.9566],[-132.8029,54.9584],[-132.8067,54.9594],[-132.8102,54.9578],[-132.809,54.9566]],[[-132.8167,54.8798],[-132.826,54.8828],[-132.8286,54.8815],[-132.8192,54.8781],[-132.8147,54.8782],[-132.8167,54.8798]],[[-132.8252,54.9193],[-132.8289,54.9198],[-132.8266,54.9164],[-132.8212,54.912],[-132.8183,54.9123],[-132.8179,54.9151],[-132.8228,54.9193],[-132.8252,54.9193]],[[-132.8267,54.9457],[-132.8229,54.9465],[-132.8237,54.9494],[-132.8289,54.9488],[-132.8267,54.9457]],[[-132.8373,54.9824],[-132.8279,54.9795],[-132.8243,54.9798],[-132.8252,54.9808],[-132.8411,54.9882],[-132.8529,54.9912],[-132.8462,54.9861],[-132.8373,54.9824]],[[-132.8308,54.9451],[-132.8297,54.9469],[-132.8322,54.9485],[-132.8352,54.9452],[-132.8324,54.943],[-132.8277,54.9438],[-132.8308,54.9451]],[[-132.8364,54.942],[-132.8444,54.9448],[-132.844,54.9423],[-132.8413,54.9402],[-132.8426,54.9379],[-132.8382,54.9346],[-132.8345,54.9361],[-132.8363,54.9379],[-132.8364,54.942]],[[-132.8468,54.9605],[-132.8366,54.9627],[-132.835,54.9646],[-132.8381,54.967],[-132.8386,54.9696],[-132.8476,54.9739],[-132.8492,54.9726],[-132.8503,54.9641],[-132.8468,54.9605]],[[-132.8418,54.9522],[-132.841,54.9508],[-132.8366,54.9509],[-132.8391,54.9534],[-132.8418,54.9522]],[[-132.8438,54.9566],[-132.8408,54.9565],[-132.8414,54.9599],[-132.8443,54.9583],[-132.8438,54.9566]],[[-132.8468,54.9519],[-132.8436,54.9527],[-132.8474,54.9541],[-132.8484,54.953],[-132.8468,54.9519]],[[-132.863,54.9779],[-132.8646,54.9786],[-132.8706,54.9756],[-132.8696,54.9705],[-132.8765,54.968],[-132.8687,54.9671],[-132.8711,54.9646],[-132.8703,54.9632],[-132.868,54.9653],[-132.8637,54.9659],[-132.8637,54.962],[-132.8593,54.9567],[-132.849,54.9595],[-132.8577,54.9626],[-132.8595,54.9658],[-132.8571,54.9679],[-132.8572,54.9707],[-132.8633,54.9739],[-132.863,54.9779]],[[-132.8659,54.9539],[-132.8747,54.9568],[-132.8767,54.9558],[-132.8746,54.9546],[-132.878,54.9536],[-132.871,54.949],[-132.8649,54.9487],[-132.8597,54.9508],[-132.8562,54.9547],[-132.8659,54.9539]],[[-132.8582,54.9448],[-132.8602,54.9467],[-132.8673,54.945],[-132.8611,54.9435],[-132.8582,54.9448]],[[-132.8713,54.9818],[-132.8735,54.9817],[-132.8729,54.9806],[-132.8694,54.9801],[-132.8713,54.9818]],[[-132.8742,54.7234],[-132.8789,54.7212],[-132.8733,54.722],[-132.8742,54.7234]],[[-132.8753,54.9791],[-132.8752,54.982],[-132.8795,54.9822],[-132.8775,54.9792],[-132.8753,54.9791]],[[-132.8821,54.8992],[-132.8825,54.9021],[-132.8841,54.9008],[-132.8821,54.8992]],[[-132.8869,54.9746],[-132.8906,54.9754],[-132.8906,54.9741],[-132.8869,54.9746]],[[-132.9347,54.9597],[-132.9384,54.958],[-132.9345,54.9582],[-132.9347,54.9597]],[[-132.9456,54.8289],[-132.9389,54.8306],[-132.9372,54.8342],[-132.9411,54.8358],[-132.9456,54.835],[-132.9472,54.8314],[-132.9456,54.8289]],[[-132.941,54.8399],[-132.9418,54.8412],[-132.9478,54.8393],[-132.9448,54.8379],[-132.941,54.8399]],[[-132.9894,54.8263],[-132.9934,54.8208],[-132.9865,54.8144],[-132.982,54.8137],[-132.9686,54.8172],[-132.966,54.8222],[-132.9556,54.8249],[-132.9516,54.8229],[-132.9498,54.8235],[-132.9536,54.8262],[-132.9727,54.8321],[-132.9748,54.8292],[-132.9815,54.8297],[-132.9894,54.8263]],[[-132.9935,54.8259],[-133,54.8242],[-133,54.8206],[-132.9975,54.8208],[-132.9935,54.8259]]],[[[-132.5,54.5],[-132.5,55],[-132,55],[-132,54.5],[-132.5,54.5]],[[-132.4981,55],[-132.4957,54.9998],[-132.4946,54.9973],[-132.4977,54.9976],[-132.499,54.9951],[-132.4918,54.9933],[-132.4874,54.9941],[-132.4881,54.9926],[-132.485,54.9883],[-132.4796,54.9874],[-132.4795,54.9851],[-132.4755,54.9826],[-132.4742,54.9793],[-132.4702,54.9797],[-132.4673,54.9819],[-132.4664,54.9909],[-132.4563,54.9844],[-132.4571,54.9824],[-132.4631,54.9794],[-132.4714,54.9718],[-132.471,54.9633],[-132.475,54.9586],[-132.4714,54.9552],[-132.4704,54.9462],[-132.4738,54.9426],[-132.4721,54.9399],[-132.4767,54.9379],[-132.4851,54.9383],[-132.4931,54.9336],[-132.5,54.9324],[-132.5,54.8991],[-132.4984,54.8994],[-132.4959,54.8961],[-132.485,54.8969],[-132.4866,54.9008],[-132.4847,54.9047],[-132.4746,54.9009],[-132.467,54.902],[-132.4687,54.9074],[-132.4663,54.9109],[-132.4608,54.9118],[-132.4545,54.9101],[-132.4529,54.9078],[-132.4559,54.9059],[-132.4505,54.9059],[-132.4484,54.9037],[-132.4428,54.9097],[-132.4439,54.9119],[-132.4414,54.9156],[-132.4482,54.9158],[-132.4484,54.9187],[-132.4466,54.9198],[-132.4401,54.9178],[-132.4361,54.921],[-132.4328,54.9212],[-132.43,54.9193],[-132.4313,54.9143],[-132.427,54.9089],[-132.4146,54.9067],[-132.4176,54.9086],[-132.4231,54.9199],[-132.4329,54.9313],[-132.4327,54.9349],[-132.4258,54.9368],[-132.4298,54.9397],[-132.4253,54.941],[-132.4339,54.9471],[-132.4292,54.9515],[-132.4286,54.9553],[-132.4264,54.9572],[-132.4289,54.9587],[-132.4239,54.96],[-132.4271,54.9669],[-132.4256,54.9728],[-132.4275,54.9775],[-132.4259,54.9792],[-132.4262,54.9854],[-132.4235,54.9878],[-132.4286,54.9928],[-132.4228,55],[-132.4098,55],[-132.4043,54.9979],[-132.408,54.9959],[-132.4084,54.9862],[-132.411,54.9836],[-132.4075,54.9798],[-132.4108,54.977],[-132.4111,54.9688],[-132.4058,54.9615],[-132.3968,54.9554],[-132.3915,54.949],[-132.391,54.946],[-132.3866,54.942],[-132.3782,54.9393],[-132.3705,54.9421],[-132.366,54.941],[-132.3661,54.9374],[-132.3686,54.9343],[-132.366,54.9335],[-132.3654,54.9314],[-132.3594,54.9292],[-132.3556,54.9252],[-132.357,54.9232],[-132.3597,54.9228],[-132.3684,54.926],[-132.3781,54.9333],[-132.3912,54.9402],[-132.393,54.9445],[-132.401,54.9493],[-132.4011,54.9518],[-132.4083,54.9521],[-132.4108,54.9481],[-132.3988,54.941],[-132.3963,54.9371],[-132.4036,54.9297],[-132.4018,54.9253],[-132.3865,54.9145],[-132.3832,54.9165],[-132.3746,54.9165],[-132.3725,54.9198],[-132.3688,54.9207],[-132.3662,54.9196],[-132.3689,54.9183],[-132.3642,54.9186],[-132.3608,54.9169],[-132.3597,54.9114],[-132.3654,54.9065],[-132.366,54.9019],[-132.3724,54.9005],[-132.3692,54.8981],[-132.3733,54.8984],[-132.3756,54.8938],[-132.3739,54.8902],[-132.3696,54.8905],[-132.3685,54.8871],[-132.364,54.8867],[-132.3591,54.8829],[-132.354,54.8841],[-132.3544,54.888],[-132.3615,54.8915],[-132.3624,54.8958],[-132.3548,54.8893],[-132.3487,54.8905],[-132.3497,54.8933],[-132.3471,54.8953],[-132.3429,54.893],[-132.3499,54.8874],[-132.3447,54.8873],[-132.3383,54.8906],[-132.3388,54.8874],[-132.3428,54.8862],[-132.3429,54.8831],[-132.346,54.8816],[-132.3435,54.8783],[-132.3535,54.8827],[-132.3569,54.8795],[-132.351,54.8792],[-132.3442,54.8741],[-132.3355,54.8721],[-132.3322,54.8725],[-132.3308,54.8806],[-132.3196,54.8862],[-132.3164,54.8861],[-132.3166,54.8881],[-132.3252,54.8913],[-132.3184,54.8921],[-132.3107,54.8955],[-132.3123,54.9041],[-132.3102,54.9045],[-132.305,54.9017],[-132.306,54.9005],[-132.3044,54.8985],[-132.2956,54.8969],[-132.3006,54.8949],[-132.2997,54.8929],[-132.325,54.8822],[-132.3278,54.8741],[-132.3248,54.872],[-132.3124,54.8728],[-132.3032,54.8709],[-132.2961,54.8722],[-132.2936,54.8683],[-132.3054,54.8702],[-132.3138,54.8678],[-132.3299,54.8685],[-132.3433,54.8725],[-132.3529,54.8727],[-132.3618,54.8776],[-132.3651,54.8763],[-132.3599,54.8732],[-132.3649,54.8712],[-132.3574,54.87],[-132.3608,54.8685],[-132.3567,54.8641],[-132.3485,54.8632],[-132.3475,54.8662],[-132.345,54.8671],[-132.3426,54.8625],[-132.3277,54.8547],[-132.3224,54.8542],[-132.3113,54.8498],[-132.3109,54.848],[-132.3053,54.8451],[-132.3066,54.8385],[-132.3001,54.8395],[-132.3025,54.8374],[-132.3005,54.8365],[-132.293,54.8369],[-132.2911,54.8385],[-132.2958,54.8476],[-132.299,54.8494],[-132.3026,54.8491],[-132.2988,54.8532],[-132.3023,54.8567],[-132.2953,54.8558],[-132.2944,54.8474],[-132.2911,54.8442],[-132.2861,54.8315],[-132.2924,54.8348],[-132.2986,54.8353],[-132.3008,54.8327],[-132.2953,54.8289],[-132.2972,54.8278],[-132.3034,54.8331],[-132.313,54.8367],[-132.3201,54.8354],[-132.3241,54.8322],[-132.3295,54.8309],[-132.3322,54.8261],[-132.3387,54.8278],[-132.344,54.8259],[-132.3418,54.8233],[-132.3346,54.8212],[-132.3322,54.8179],[-132.3449,54.8219],[-132.3483,54.8248],[-132.3509,54.8209],[-132.3654,54.8184],[-132.3682,54.8142],[-132.3672,54.8115],[-132.3753,54.8082],[-132.3736,54.8054],[-132.3693,54.8039],[-132.3736,54.8007],[-132.3693,54.8004],[-132.3596,54.8088],[-132.3506,54.8065],[-132.3499,54.802],[-132.3478,54.8005],[-132.3426,54.8004],[-132.3451,54.7973],[-132.3441,54.7952],[-132.3397,54.7952],[-132.3366,54.7973],[-132.33,54.7924],[-132.3209,54.7944],[-132.3148,54.7925],[-132.3117,54.7975],[-132.3095,54.7981],[-132.3082,54.7893],[-132.3104,54.7827],[-132.31,54.7808],[-132.3078,54.7803],[-132.296,54.7896],[-132.2894,54.8016],[-132.2869,54.8017],[-132.2862,54.7986],[-132.2777,54.8058],[-132.2772,54.809],[-132.2802,54.8118],[-132.2756,54.8152],[-132.272,54.8117],[-132.2631,54.8103],[-132.2557,54.8136],[-132.25,54.8134],[-132.2464,54.8185],[-132.248,54.8207],[-132.2469,54.8212],[-132.2422,54.8183],[-132.2433,54.816],[-132.2406,54.8143],[-132.2422,54.8111],[-132.2378,54.8101],[-132.2458,54.8079],[-132.2491,54.8045],[-132.2427,54.7986],[-132.2339,54.8032],[-132.2294,54.8016],[-132.235,54.8015],[-132.2347,54.795],[-132.2322,54.7925],[-132.2369,54.7891],[-132.24,54.7915],[-132.2692,54.7999],[-132.2723,54.7944],[-132.2693,54.7891],[-132.279,54.7829],[-132.2773,54.782],[-132.2745,54.7835],[-132.2738,54.782],[-132.2805,54.7788],[-132.2842,54.7788],[-132.2828,54.7803],[-132.2839,54.7816],[-132.2772,54.7858],[-132.2783,54.7881],[-132.2827,54.7889],[-132.2831,54.7931],[-132.2873,54.794],[-132.2906,54.7917],[-132.2867,54.7895],[-132.2873,54.7884],[-132.2954,54.7822],[-132.3005,54.7835],[-132.3097,54.7766],[-132.3101,54.7699],[-132.319,54.7658],[-132.3159,54.763],[-132.3195,54.7624],[-132.3216,54.7532],[-132.3236,54.751],[-132.3236,54.7456],[-132.3278,54.7431],[-132.3252,54.7418],[-132.3195,54.7431],[-132.3213,54.7494],[-132.3174,54.748],[-132.3138,54.7499],[-132.3146,54.746],[-132.3127,54.7431],[-132.3157,54.7434],[-132.3171,54.7402],[-132.3138,54.7377],[-132.3155,54.7337],[-132.3024,54.7303],[-132.3132,54.73],[-132.3127,54.7238],[-132.3181,54.7247],[-132.3173,54.7221],[-132.312,54.7214],[-132.3039,54.7262],[-132.3082,54.7194],[-132.3011,54.7137],[-132.2974,54.7146],[-132.2984,54.7116],[-132.2888,54.7133],[-132.287,54.7168],[-132.2846,54.7148],[-132.286,54.7127],[-132.2807,54.7118],[-132.2776,54.7131],[-132.2804,54.7148],[-132.2787,54.7164],[-132.2804,54.7193],[-132.2797,54.7232],[-132.2876,54.726],[-132.2765,54.7265],[-132.2741,54.7281],[-132.2665,54.7252],[-132.2665,54.7272],[-132.254,54.7337],[-132.2536,54.7354],[-132.2493,54.7381],[-132.2494,54.7454],[-132.2444,54.7476],[-132.2449,54.7529],[-132.2425,54.7543],[-132.239,54.7627],[-132.2386,54.7686],[-132.2368,54.7699],[-132.2386,54.7716],[-132.236,54.7722],[-132.2313,54.771],[-132.2329,54.768],[-132.2301,54.7661],[-132.2301,54.7624],[-132.2226,54.7579],[-132.2314,54.7602],[-132.23,54.7578],[-132.2322,54.7535],[-132.241,54.7478],[-132.2396,54.741],[-132.2361,54.7417],[-132.2336,54.7449],[-132.2315,54.7428],[-132.2327,54.741],[-132.2287,54.7401],[-132.2307,54.7377],[-132.2349,54.7362],[-132.2417,54.7262],[-132.2362,54.7242],[-132.2335,54.7281],[-132.2339,54.7317],[-132.2247,54.7326],[-132.2338,54.7264],[-132.2331,54.7216],[-132.2283,54.7218],[-132.2307,54.7181],[-132.2286,54.7176],[-132.2196,54.7231],[-132.2146,54.7215],[-132.2141,54.7272],[-132.2022,54.7256],[-132.1987,54.7219],[-132.1999,54.7183],[-132.1973,54.7169],[-132.2003,54.7116],[-132.1958,54.706],[-132.1893,54.7058],[-132.183,54.7032],[-132.1659,54.7079],[-132.1632,54.7045],[-132.163,54.7003],[-132.1644,54.6971],[-132.1675,54.6955],[-132.1655,54.691],[-132.1319,54.6902],[-132.1312,54.6947],[-132.1264,54.6963],[-132.124,54.6991],[-132.1254,54.7002],[-132.1181,54.7014],[-132.1168,54.7002],[-132.1225,54.6942],[-132.1228,54.6913],[-132.1189,54.6902],[-132.1157,54.6934],[-132.1122,54.6943],[-132.1134,54.6899],[-132.1187,54.6869],[-132.1141,54.6841],[-132.1067,54.6886],[-132.099,54.6881],[-132.0927,54.6828],[-132.0855,54.6852],[-132.0939,54.688],[-132.0958,54.6891],[-132.095,54.691],[-132.1008,54.6938],[-132.1116,54.695],[-132.1091,54.698],[-132.1314,54.7138],[-132.1289,54.7162],[-132.1218,54.7179],[-132.1233,54.7198],[-132.1259,54.7211],[-132.1322,54.7207],[-132.1333,54.7187],[-132.1394,54.7202],[-132.1447,54.7239],[-132.1437,54.7273],[-132.146,54.7303],[-132.1578,54.733],[-132.1568,54.7365],[-132.1624,54.7393],[-132.1644,54.7432],[-132.1494,54.7392],[-132.1434,54.7341],[-132.131,54.7313],[-132.1199,54.7216],[-132.0903,54.7012],[-132.0856,54.7025],[-132.0827,54.701],[-132.0786,54.7015],[-132.074,54.699],[-132.0572,54.7011],[-132.0429,54.6956],[-132.024,54.6988],[-132.0248,54.6935],[-132.0185,54.6902],[-132.0141,54.6918],[-132.0144,54.696],[-132.0163,54.6968],[-132.0135,54.7003],[-132.0164,54.7037],[-132.0144,54.7061],[-132.0178,54.7085],[-132.0181,54.712],[-132.0121,54.7148],[-132.0157,54.717],[-132.0136,54.72],[-132.0064,54.7224],[-132.0049,54.7253],[-132,54.7287],[-132,54.7455],[-132.0021,54.746],[-132,54.7474],[-132,54.7513],[-132.0035,54.7525],[-132.0081,54.7515],[-132.0116,54.7549],[-132.0151,54.7541],[-132.0163,54.7567],[-132.0129,54.756],[-132.011,54.7589],[-132.0192,54.7601],[-132.0141,54.7625],[-132.015,54.7681],[-132,54.7664],[-132,54.774],[-132.0097,54.7802],[-132.0208,54.7839],[-132.017,54.7844],[-132,54.7809],[-132,54.7937],[-132.0102,54.7924],[-132.0131,54.7939],[-132.0427,54.7967],[-132.0484,54.7959],[-132.0508,54.7988],[-132.0589,54.8009],[-132.0578,54.8055],[-132.0709,54.8082],[-132.0865,54.8155],[-132.063,54.8097],[-132.0598,54.8119],[-132.0605,54.8174],[-132.059,54.8185],[-132.0467,54.8056],[-132.0395,54.804],[-132.0356,54.8008],[-132.0212,54.7983],[-132.0155,54.8002],[-132,54.7999],[-132,54.8272],[-132.0028,54.8286],[-132,54.8307],[-132,54.8618],[-132.0294,54.8721],[-132.0373,54.8668],[-132.0384,54.8615],[-132.0436,54.856],[-132.0416,54.8527],[-132.0478,54.8528],[-132.0519,54.8475],[-132.0505,54.8465],[-132.0523,54.8439],[-132.0589,54.8391],[-132.0564,54.8488],[-132.0526,54.8514],[-132.0526,54.8538],[-132.041,54.8706],[-132.0462,54.8675],[-132.0522,54.8686],[-132.0653,54.8617],[-132.0752,54.8597],[-132.0692,54.8623],[-132.0702,54.8637],[-132.0606,54.8695],[-132.0418,54.8746],[-132.0412,54.878],[-132.0498,54.8807],[-132.0535,54.8779],[-132.0576,54.8806],[-132.0629,54.8805],[-132.0637,54.8833],[-132.0665,54.8799],[-132.0688,54.8796],[-132.0692,54.8846],[-132.0592,54.885],[-132.0578,54.8867],[-132.0589,54.8881],[-132.07,54.8909],[-132.0774,54.8951],[-132.0872,54.895],[-132.0943,54.8967],[-132.0957,54.8939],[-132.1019,54.8948],[-132.1035,54.8973],[-132.1129,54.8997],[-132.0993,54.9038],[-132.0882,54.9037],[-132.0827,54.9009],[-132.0654,54.8973],[-132.055,54.8929],[-132.0517,54.8933],[-132.0516,54.8955],[-132.0493,54.8967],[-132.0378,54.8992],[-132.0285,54.8975],[-132.0255,54.9011],[-132.0166,54.9007],[-132,54.8958],[-132,54.9425],[-132.0022,54.9428],[-132.0051,54.9392],[-132.012,54.9371],[-132.0169,54.9311],[-132.0216,54.9298],[-132.0226,54.9318],[-132.0276,54.9337],[-132.0198,54.9361],[-132.0171,54.9397],[-132.0108,54.9387],[-132.0016,54.9453],[-132.0032,54.9464],[-132,54.9473],[-132,54.9737],[-132.0065,54.9701],[-132.0046,54.9686],[-132.0058,54.9677],[-132.0176,54.9688],[-132.0182,54.9672],[-132.0158,54.9652],[-132.0192,54.9637],[-132.0165,54.9622],[-132.0176,54.9615],[-132.028,54.9617],[-132.0421,54.9653],[-132.0421,54.9639],[-132.0562,54.9565],[-132.0552,54.9549],[-132.0575,54.9537],[-132.0659,54.9499],[-132.0688,54.9512],[-132.0635,54.9588],[-132.0479,54.9685],[-132.0487,54.97],[-132.0529,54.9692],[-132.055,54.9711],[-132.0527,54.9735],[-132.0443,54.9739],[-132.0415,54.9728],[-132.041,54.9677],[-132.0293,54.9671],[-132.0284,54.9718],[-132.0113,54.9749],[-132.0053,54.9778],[-132.0012,54.9833],[-132.0017,54.9865],[-132.0047,54.988],[-132.0232,54.9818],[-132.0333,54.9811],[-132.0344,54.9831],[-132.028,54.9884],[-132.0139,54.9869],[-132.0114,54.9902],[-132.008,54.9906],[-132,54.9879],[-132,55],[-132.0959,55],[-132.1007,54.9969],[-132.1001,55],[-132.1033,55],[-132.1046,54.9973],[-132.1028,54.9963],[-132.1029,54.994],[-132.098,54.9923],[-132.0995,54.9892],[-132.1036,54.9889],[-132.1055,54.987],[-132.1039,54.983],[-132.0908,54.9718],[-132.0931,54.9708],[-132.1105,54.9759],[-132.1128,54.9799],[-132.1092,54.985],[-132.1092,54.9908],[-132.1107,54.994],[-132.116,54.9981],[-132.1092,54.9955],[-132.1073,55],[-132.1192,55],[-132.122,54.9965],[-132.1208,54.9943],[-132.1249,54.987],[-132.1241,54.9837],[-132.1278,54.9848],[-132.1271,54.9872],[-132.1288,54.9891],[-132.1269,54.9943],[-132.1311,54.9963],[-132.1346,54.9947],[-132.1314,54.9918],[-132.1355,54.9891],[-132.1348,54.9874],[-132.1443,54.9836],[-132.1421,54.9766],[-132.1399,54.9765],[-132.1345,54.9806],[-132.1322,54.9802],[-132.1381,54.9743],[-132.1347,54.9711],[-132.1458,54.9737],[-132.1513,54.9694],[-132.1548,54.9624],[-132.1591,54.9605],[-132.1613,54.962],[-132.1657,54.9609],[-132.1711,54.9534],[-132.1773,54.9516],[-132.1772,54.9497],[-132.1875,54.9425],[-132.1931,54.9354],[-132.1939,54.9319],[-132.2008,54.9311],[-132.2003,54.9288],[-132.2051,54.9262],[-132.2115,54.926],[-132.2109,54.9177],[-132.2138,54.9192],[-132.2123,54.9215],[-132.2145,54.9253],[-132.2141,54.9292],[-132.2102,54.9344],[-132.1999,54.9396],[-132.195,54.9452],[-132.1947,54.949],[-132.1749,54.9606],[-132.175,54.9644],[-132.1705,54.9672],[-132.164,54.9674],[-132.1649,54.9685],[-132.1585,54.9739],[-132.16,54.9795],[-132.1656,54.9801],[-132.1616,54.9865],[-132.1635,54.9896],[-132.1768,54.9907],[-132.174,54.9922],[-132.1748,54.9945],[-132.1785,54.9927],[-132.1875,54.995],[-132.1881,54.9926],[-132.1828,54.9907],[-132.2116,54.9872],[-132.227,54.9899],[-132.2447,54.9874],[-132.2497,54.9883],[-132.2545,54.986],[-132.2624,54.9854],[-132.287,54.9786],[-132.3087,54.9805],[-132.3111,54.9823],[-132.3087,54.9836],[-132.2775,54.9834],[-132.2698,54.9906],[-132.2441,54.9922],[-132.2396,54.9948],[-132.2299,54.9953],[-132.2301,54.9968],[-132.2274,54.998],[-132.2288,55],[-132.4981,55]],[[-132,54.8844],[-132.0045,54.883],[-132.0066,54.8788],[-132.0051,54.8761],[-132,54.8752],[-132,54.8844]],[[-132,54.8885],[-132.0016,54.8889],[-132,54.8859],[-132,54.8885]],[[-132.0074,54.8841],[-132.0175,54.8869],[-132.0167,54.8886],[-132.0232,54.891],[-132.0266,54.888],[-132.0196,54.8837],[-132.0094,54.8808],[-132.0074,54.8819],[-132.0074,54.8841]],[[-132.0178,54.8911],[-132.0146,54.8906],[-132.0074,54.893],[-132.0148,54.8975],[-132.0198,54.8981],[-132.0248,54.8941],[-132.0205,54.8935],[-132.0178,54.8911]],[[-132.0452,54.883],[-132.0487,54.8816],[-132.0453,54.8816],[-132.0452,54.883]],[[-132.0474,54.8882],[-132.0495,54.8877],[-132.0457,54.8854],[-132.0474,54.8882]],[[-132.0534,54.891],[-132.056,54.8899],[-132.0529,54.8894],[-132.0534,54.891]],[[-132.0949,54.6988],[-132.0999,54.705],[-132.1135,54.7121],[-132.118,54.71],[-132.1163,54.7073],[-132.1091,54.7078],[-132.1116,54.705],[-132.1074,54.6988],[-132.1025,54.7022],[-132.1002,54.7019],[-132.101,54.6993],[-132.0987,54.6963],[-132.0952,54.6974],[-132.0949,54.6988]],[[-132.1422,54.9892],[-132.1444,54.9881],[-132.1422,54.9864],[-132.1389,54.9872],[-132.1422,54.9892]],[[-132.1572,54.9791],[-132.1541,54.9785],[-132.1573,54.9806],[-132.1572,54.9791]],[[-132.1617,54.9896],[-132.1574,54.989],[-132.1602,54.9907],[-132.1617,54.9896]],[[-132.212,54.928],[-132.2101,54.9277],[-132.209,54.9296],[-132.2105,54.93],[-132.212,54.928]],[[-132.2429,54.7201],[-132.2367,54.7207],[-132.2398,54.7225],[-132.2429,54.7201]],[[-132.2422,54.7318],[-132.2468,54.7315],[-132.2496,54.7281],[-132.2474,54.7276],[-132.2422,54.7318]],[[-132.2726,54.7175],[-132.2747,54.7195],[-132.2784,54.7198],[-132.2727,54.7135],[-132.2696,54.713],[-132.2685,54.7148],[-132.2726,54.7175]],[[-132.2769,54.79],[-132.2731,54.7897],[-132.2744,54.7917],[-132.2769,54.79]],[[-132.3208,54.7199],[-132.3217,54.7186],[-132.3206,54.7172],[-132.3116,54.7149],[-132.3098,54.7167],[-132.3177,54.7209],[-132.3208,54.7199]],[[-132.3367,54.7848],[-132.3394,54.7828],[-132.3395,54.7798],[-132.3346,54.7777],[-132.3356,54.7749],[-132.33,54.7723],[-132.3253,54.7675],[-132.3204,54.7664],[-132.3156,54.7743],[-132.3162,54.7784],[-132.3126,54.785],[-132.3218,54.783],[-132.3344,54.7857],[-132.3367,54.7848]],[[-132.3333,54.852],[-132.339,54.8501],[-132.3354,54.8433],[-132.3301,54.8406],[-132.3309,54.8384],[-132.3276,54.84],[-132.3253,54.8391],[-132.3262,54.8378],[-132.3144,54.8392],[-132.3146,54.842],[-132.3333,54.852]],[[-132.3238,54.766],[-132.3259,54.7665],[-132.3254,54.7648],[-132.3206,54.7633],[-132.3238,54.766]],[[-132.3332,54.7589],[-132.3356,54.7579],[-132.3335,54.7519],[-132.3293,54.7487],[-132.3256,54.7507],[-132.3239,54.7548],[-132.3332,54.7589]],[[-132.3282,54.7664],[-132.3323,54.7683],[-132.3375,54.7684],[-132.3417,54.7663],[-132.3391,54.7654],[-132.34,54.7635],[-132.3245,54.7574],[-132.3246,54.763],[-132.3282,54.7664]],[[-132.3375,54.7489],[-132.3452,54.7518],[-132.3481,54.7506],[-132.3464,54.7459],[-132.3445,54.7452],[-132.3416,54.7453],[-132.3427,54.7488],[-132.3375,54.7489]],[[-132.3487,54.857],[-132.3431,54.8511],[-132.3403,54.8535],[-132.3487,54.857]],[[-132.3406,54.841],[-132.342,54.8443],[-132.3448,54.8453],[-132.3472,54.8442],[-132.3406,54.841]],[[-132.3483,54.7572],[-132.3429,54.756],[-132.3433,54.7611],[-132.3463,54.7654],[-132.3485,54.7647],[-132.3471,54.7624],[-132.3483,54.7572]],[[-132.351,54.7766],[-132.3467,54.7771],[-132.3527,54.7793],[-132.351,54.7766]],[[-132.3569,54.7681],[-132.3541,54.7678],[-132.3471,54.7715],[-132.3498,54.773],[-132.3539,54.7704],[-132.3595,54.7731],[-132.3607,54.7725],[-132.3569,54.7681]],[[-132.3511,54.7958],[-132.3511,54.7942],[-132.3533,54.7931],[-132.3522,54.7919],[-132.3483,54.7933],[-132.3483,54.7964],[-132.3511,54.7958]],[[-132.3554,54.7949],[-132.3531,54.7943],[-132.352,54.7959],[-132.3542,54.7981],[-132.356,54.7974],[-132.3554,54.7949]],[[-132.3544,54.8048],[-132.3588,54.8037],[-132.3526,54.8033],[-132.3544,54.8048]],[[-132.3564,54.756],[-132.3534,54.7569],[-132.3536,54.7586],[-132.3609,54.7626],[-132.3658,54.7596],[-132.3564,54.756]],[[-132.3565,54.7935],[-132.3599,54.7937],[-132.3597,54.791],[-132.3549,54.7906],[-132.3565,54.7935]],[[-132.365,54.7517],[-132.3611,54.7531],[-132.365,54.7572],[-132.3722,54.7597],[-132.3767,54.7569],[-132.3744,54.7517],[-132.3689,54.7525],[-132.3661,54.7506],[-132.365,54.7517]],[[-132.3664,54.7695],[-132.3644,54.7681],[-132.3617,54.7691],[-132.3647,54.7713],[-132.3664,54.7695]],[[-132.371,54.7844],[-132.3666,54.7858],[-132.3691,54.7895],[-132.3729,54.7875],[-132.371,54.7844]],[[-132.369,54.8841],[-132.3703,54.8817],[-132.3687,54.8812],[-132.3669,54.8851],[-132.371,54.8863],[-132.369,54.8841]],[[-132.3688,54.9391],[-132.3669,54.94],[-132.3688,54.9403],[-132.3688,54.9391]],[[-132.3745,54.8163],[-132.3741,54.8148],[-132.3687,54.8167],[-132.3686,54.82],[-132.3717,54.8202],[-132.3745,54.8163]],[[-132.3778,54.9355],[-132.3726,54.9335],[-132.3707,54.9342],[-132.3707,54.937],[-132.3752,54.939],[-132.3778,54.9355]],[[-132.3806,54.8901],[-132.3804,54.886],[-132.3785,54.8839],[-132.3758,54.8837],[-132.3733,54.8875],[-132.3742,54.8889],[-132.3786,54.8916],[-132.3806,54.8901]],[[-132.3783,54.8142],[-132.38,54.8111],[-132.3783,54.81],[-132.375,54.8128],[-132.3783,54.8142]],[[-132.3771,54.911],[-132.3798,54.9106],[-132.3772,54.9093],[-132.3771,54.911]],[[-132.3813,54.8958],[-132.3785,54.8943],[-132.3786,54.8976],[-132.3825,54.8995],[-132.3838,54.8974],[-132.3813,54.8958]],[[-132.3847,54.8215],[-132.3829,54.8186],[-132.3865,54.8169],[-132.3799,54.8166],[-132.3812,54.8179],[-132.38,54.8198],[-132.3836,54.824],[-132.3847,54.8215]],[[-132.3958,54.8033],[-132.3932,54.8019],[-132.3938,54.7976],[-132.3908,54.7954],[-132.393,54.7907],[-132.3904,54.7892],[-132.3905,54.7845],[-132.3874,54.784],[-132.3863,54.7849],[-132.3881,54.7867],[-132.387,54.7937],[-132.3906,54.799],[-132.3898,54.8026],[-132.3942,54.8044],[-132.3958,54.8033]],[[-132.3898,54.8116],[-132.3913,54.8121],[-132.3918,54.8088],[-132.3895,54.8076],[-132.3872,54.8086],[-132.3898,54.8116]],[[-132.3919,54.8944],[-132.3965,54.8956],[-132.398,54.8942],[-132.393,54.889],[-132.3888,54.8888],[-132.3877,54.8916],[-132.3919,54.8944]],[[-132.3917,54.8159],[-132.3894,54.8191],[-132.3935,54.821],[-132.3985,54.8177],[-132.3972,54.8155],[-132.3909,54.8139],[-132.3896,54.8146],[-132.3917,54.8159]],[[-132.3957,54.776],[-132.394,54.7778],[-132.3941,54.7841],[-132.398,54.7867],[-132.3944,54.7948],[-132.3985,54.8007],[-132.4087,54.8012],[-132.4092,54.7988],[-132.4052,54.7961],[-132.405,54.7941],[-132.4139,54.7873],[-132.4144,54.7835],[-132.4096,54.7795],[-132.4047,54.781],[-132.4038,54.7793],[-132.3983,54.7774],[-132.4035,54.774],[-132.3989,54.7733],[-132.3957,54.776]],[[-132.4021,54.826],[-132.4034,54.8242],[-132.4013,54.8207],[-132.3993,54.8204],[-132.3974,54.8221],[-132.4001,54.8239],[-132.3982,54.8258],[-132.4021,54.826]],[[-132.4003,54.811],[-132.408,54.8176],[-132.4122,54.8152],[-132.4088,54.8135],[-132.4061,54.8062],[-132.4026,54.8048],[-132.4044,54.8029],[-132.4024,54.8028],[-132.3993,54.8057],[-132.4003,54.811]],[[-132.4048,54.8777],[-132.4002,54.8764],[-132.4036,54.8797],[-132.4058,54.8788],[-132.4048,54.8777]],[[-132.4027,54.9416],[-132.4032,54.939],[-132.401,54.9379],[-132.4004,54.9396],[-132.4027,54.9416]],[[-132.4172,54.8948],[-132.4179,54.8905],[-132.4141,54.8869],[-132.4084,54.8861],[-132.403,54.8901],[-132.4083,54.8972],[-132.4083,54.9016],[-132.4149,54.9059],[-132.4203,54.902],[-132.4212,54.8969],[-132.4172,54.8948]],[[-132.4081,54.8757],[-132.41,54.8766],[-132.4118,54.8756],[-132.4111,54.8741],[-132.4031,54.8747],[-132.4081,54.8757]],[[-132.4088,54.7764],[-132.4061,54.7755],[-132.4041,54.778],[-132.4052,54.7791],[-132.4088,54.7764]],[[-132.4118,54.8036],[-132.4077,54.8031],[-132.4111,54.8058],[-132.4118,54.8036]],[[-132.4228,54.816],[-132.423,54.8128],[-132.4193,54.8128],[-132.4195,54.8159],[-132.4228,54.816]],[[-132.4234,54.816],[-132.4254,54.8189],[-132.4268,54.8182],[-132.4234,54.816]],[[-132.4371,54.7838],[-132.4369,54.7814],[-132.4244,54.7902],[-132.4253,54.8012],[-132.4276,54.8049],[-132.4251,54.8101],[-132.4325,54.8155],[-132.4362,54.813],[-132.4346,54.8095],[-132.4402,54.8084],[-132.4459,54.8034],[-132.4455,54.7992],[-132.4417,54.7956],[-132.4431,54.7948],[-132.4373,54.7931],[-132.4396,54.7864],[-132.4371,54.7838]],[[-132.4277,54.7675],[-132.4277,54.7694],[-132.4303,54.771],[-132.4323,54.7695],[-132.4277,54.7675]],[[-132.4346,54.9058],[-132.4317,54.9075],[-132.4315,54.9103],[-132.4375,54.9149],[-132.4394,54.9139],[-132.4379,54.9078],[-132.4432,54.9073],[-132.444,54.9056],[-132.4426,54.9047],[-132.4434,54.903],[-132.4387,54.8992],[-132.4428,54.899],[-132.4386,54.8972],[-132.4332,54.8984],[-132.4362,54.9019],[-132.4346,54.9058]],[[-132.4341,54.8171],[-132.4336,54.8234],[-132.4373,54.8189],[-132.443,54.819],[-132.4438,54.8164],[-132.4341,54.8171]],[[-132.4441,54.8948],[-132.439,54.895],[-132.4421,54.8962],[-132.4441,54.8948]],[[-132.4414,54.8305],[-132.4438,54.8274],[-132.4405,54.8277],[-132.4414,54.8305]],[[-132.4481,54.8267],[-132.4511,54.8238],[-132.4453,54.8221],[-132.4421,54.8227],[-132.4409,54.8252],[-132.4462,54.8249],[-132.4481,54.8267]],[[-132.4487,54.8195],[-132.4535,54.8225],[-132.4556,54.8216],[-132.4534,54.8192],[-132.4487,54.8195]],[[-132.4604,54.8055],[-132.4616,54.8037],[-132.4491,54.8048],[-132.4528,54.8096],[-132.4491,54.8132],[-132.4544,54.8156],[-132.4579,54.8138],[-132.4544,54.8109],[-132.4604,54.813],[-132.4665,54.8074],[-132.4604,54.8055]],[[-132.4696,54.7877],[-132.4695,54.7863],[-132.4585,54.7862],[-132.4584,54.7836],[-132.4554,54.7835],[-132.4533,54.7853],[-132.4582,54.7917],[-132.4532,54.7927],[-132.4553,54.794],[-132.4512,54.797],[-132.4493,54.8009],[-132.4556,54.8023],[-132.4557,54.7996],[-132.459,54.796],[-132.4653,54.793],[-132.4605,54.7905],[-132.4683,54.7898],[-132.4673,54.7884],[-132.4696,54.7877]],[[-132.4676,54.8036],[-132.4663,54.8051],[-132.4712,54.805],[-132.4676,54.8036]],[[-132.4801,54.9647],[-132.4866,54.9694],[-132.495,54.9689],[-132.4953,54.9641],[-132.4978,54.962],[-132.4975,54.9588],[-132.4915,54.9533],[-132.493,54.951],[-132.4866,54.9515],[-132.4836,54.9585],[-132.4868,54.9602],[-132.4869,54.9625],[-132.4801,54.9647]],[[-132.4999,54.9387],[-132.4868,54.9445],[-132.4885,54.9472],[-132.5,54.9492],[-132.4999,54.9387]],[[-132.4888,54.7753],[-132.4878,54.7772],[-132.4929,54.78],[-132.4929,54.7842],[-132.5,54.7879],[-132.5,54.7817],[-132.4968,54.7803],[-132.4985,54.777],[-132.4888,54.7753]],[[-132.4964,54.8126],[-132.4979,54.8124],[-132.4988,54.8088],[-132.4945,54.8103],[-132.4964,54.8126]]],[[[-132,54.5],[-132,55],[-131.5,55],[-131.5,54.5928],[-131.5842,54.5602],[-131.6044,54.5],[-132,54.5]],[[-131.6106,55],[-131.6072,54.9971],[-131.6035,54.9964],[-131.601,54.9968],[-131.6028,54.9986],[-131.596,55],[-131.6106,55]],[[-131.5111,54.9669],[-131.5061,54.963],[-131.5004,54.9664],[-131.5021,54.968],[-131.5015,54.9757],[-131.5036,54.9796],[-131.5,54.9813],[-131.5,54.9914],[-131.5079,54.9964],[-131.5181,54.9991],[-131.5303,55],[-131.5395,54.9979],[-131.5266,54.9872],[-131.5244,54.9822],[-131.5186,54.9796],[-131.5247,54.9804],[-131.5255,54.9789],[-131.5134,54.9686],[-131.5163,54.9679],[-131.5111,54.9669]],[[-131.5211,54.9628],[-131.5215,54.9598],[-131.5197,54.9579],[-131.5106,54.9605],[-131.5171,54.966],[-131.5211,54.9628]],[[-131.5596,54.958],[-131.5624,54.9549],[-131.5574,54.9556],[-131.5517,54.9538],[-131.538,54.9534],[-131.5352,54.9549],[-131.5416,54.9584],[-131.5524,54.9602],[-131.5553,54.9629],[-131.5622,54.9597],[-131.5596,54.958]],[[-131.5538,54.951],[-131.5507,54.9494],[-131.5522,54.952],[-131.5538,54.951]],[[-131.5567,54.9534],[-131.5582,54.9543],[-131.5609,54.952],[-131.5566,54.9507],[-131.5567,54.9534]],[[-131.5711,54.9375],[-131.5662,54.9379],[-131.5706,54.9388],[-131.5711,54.9375]],[[-131.5684,54.9482],[-131.5693,54.9499],[-131.5734,54.9498],[-131.5716,54.9513],[-131.5726,54.9524],[-131.5767,54.9511],[-131.5743,54.9479],[-131.5684,54.9482]],[[-131.5725,54.9655],[-131.5807,54.9658],[-131.5717,54.9632],[-131.5725,54.9655]],[[-131.5789,54.9378],[-131.5761,54.9369],[-131.5733,54.9383],[-131.5783,54.9403],[-131.5789,54.9378]],[[-131.5958,54.932],[-131.5873,54.9323],[-131.5901,54.9343],[-131.5889,54.9358],[-131.5825,54.9367],[-131.5798,54.9407],[-131.5929,54.9409],[-131.5901,54.9432],[-131.5918,54.9444],[-131.5873,54.9445],[-131.5886,54.9461],[-131.5846,54.9454],[-131.5868,54.9489],[-131.5822,54.9485],[-131.5823,54.953],[-131.5759,54.9552],[-131.5757,54.9582],[-131.5776,54.9592],[-131.5821,54.9558],[-131.5851,54.9583],[-131.5895,54.9484],[-131.5922,54.9476],[-131.5933,54.9487],[-131.5891,54.9539],[-131.5901,54.9561],[-131.5932,54.9555],[-131.5948,54.9527],[-131.5993,54.9556],[-131.6052,54.9547],[-131.6084,54.9525],[-131.603,54.9494],[-131.6081,54.9468],[-131.5933,54.9435],[-131.6019,54.9415],[-131.5976,54.9366],[-131.5958,54.932]],[[-131.5854,54.9646],[-131.5823,54.9681],[-131.5877,54.9702],[-131.5892,54.9675],[-131.5942,54.9658],[-131.5898,54.9632],[-131.5854,54.9646]],[[-131.6055,54.9429],[-131.6044,54.9419],[-131.6028,54.9436],[-131.6055,54.9429]],[[-131.6059,54.9417],[-131.6092,54.9458],[-131.6145,54.9469],[-131.6149,54.9441],[-131.6127,54.9424],[-131.615,54.9408],[-131.6099,54.9401],[-131.6059,54.9417]],[[-131.6167,54.9467],[-131.6194,54.9475],[-131.6211,54.9461],[-131.6172,54.9442],[-131.6167,54.9467]],[[-132,55],[-132,54.7287],[-131.998,54.7301],[-131.9973,54.7317],[-131.999,54.7336],[-131.9947,54.7401],[-131.9979,54.7423],[-131.9973,54.7449],[-132,54.7455],[-132,54.7474],[-131.9987,54.7476],[-132,54.7513],[-132,54.7664],[-131.9978,54.7674],[-131.9966,54.7718],[-132,54.774],[-132,54.7809],[-131.9929,54.7795],[-131.993,54.7829],[-131.979,54.7819],[-131.9711,54.7845],[-131.9693,54.7824],[-131.963,54.7831],[-131.9632,54.7882],[-131.9607,54.7881],[-131.9545,54.7915],[-131.9645,54.794],[-131.971,54.7925],[-131.9747,54.7942],[-131.9856,54.7925],[-131.9939,54.7945],[-132,54.7937],[-132,54.7999],[-131.9857,54.8001],[-131.9804,54.7986],[-131.9634,54.8013],[-131.9545,54.7988],[-131.9522,54.8031],[-131.9582,54.8026],[-131.9532,54.8048],[-131.9569,54.8128],[-131.962,54.815],[-131.9637,54.818],[-131.9697,54.8184],[-131.9711,54.8216],[-131.9751,54.8216],[-131.9826,54.8249],[-131.985,54.8236],[-131.9917,54.8279],[-131.9976,54.8259],[-132,54.8272],[-132,54.8307],[-131.997,54.8324],[-131.9943,54.8311],[-131.989,54.8317],[-131.9762,54.8274],[-131.9688,54.8301],[-131.9649,54.8268],[-131.9592,54.8262],[-131.9592,54.8287],[-131.963,54.8278],[-131.9616,54.8303],[-131.9652,54.8317],[-131.9616,54.8335],[-131.962,54.8351],[-131.9666,54.8383],[-131.9728,54.8396],[-131.9733,54.8493],[-131.9786,54.8506],[-131.9807,54.8521],[-131.9797,54.8531],[-131.9856,54.8558],[-131.9955,54.8554],[-132,54.8618],[-132,54.8958],[-131.9927,54.8957],[-131.9873,54.8969],[-131.985,54.8991],[-131.9788,54.8986],[-131.9721,54.9008],[-131.9734,54.9031],[-131.9773,54.9038],[-131.9796,54.9121],[-131.9822,54.9133],[-131.9759,54.9167],[-131.982,54.9218],[-131.9922,54.9249],[-131.9893,54.9264],[-131.9799,54.9219],[-131.9777,54.9222],[-131.978,54.9264],[-131.9818,54.9281],[-131.9843,54.9324],[-131.9799,54.9382],[-131.9882,54.9408],[-131.9927,54.9384],[-131.9979,54.9399],[-131.9979,54.9421],[-132,54.9425],[-132,54.9473],[-131.9947,54.9468],[-131.9897,54.942],[-131.9852,54.9423],[-131.9773,54.9384],[-131.972,54.938],[-131.9753,54.9419],[-131.9697,54.9434],[-131.9732,54.9444],[-131.9721,54.9454],[-131.975,54.9471],[-131.9794,54.9456],[-131.9825,54.9473],[-131.9759,54.9483],[-131.9799,54.9505],[-131.9722,54.9502],[-131.966,54.9527],[-131.9665,54.9598],[-131.97,54.9626],[-131.9764,54.9621],[-131.9798,54.9695],[-131.9858,54.9687],[-131.9957,54.9731],[-131.9926,54.9748],[-131.996,54.9758],[-132,54.9737],[-132,54.9879],[-131.9953,54.9845],[-131.9798,54.9825],[-131.9816,54.9866],[-131.9846,54.9881],[-131.9824,54.9906],[-131.9845,54.994],[-131.9823,54.9965],[-131.9832,54.9985],[-131.9864,55],[-132,55]],[[-131.9616,54.8186],[-131.9556,54.8165],[-131.959,54.8208],[-131.9616,54.8186]],[[-131.9734,54.8668],[-131.975,54.8665],[-131.9736,54.865],[-131.9703,54.865],[-131.9734,54.8668]],[[-131.9715,54.8265],[-131.9765,54.8249],[-131.9702,54.8229],[-131.9715,54.8265]],[[-131.9713,54.9306],[-131.9733,54.9325],[-131.9821,54.9319],[-131.9741,54.9244],[-131.9716,54.9264],[-131.974,54.9293],[-131.9713,54.9306]],[[-131.9744,54.936],[-131.976,54.9358],[-131.9713,54.934],[-131.9744,54.936]],[[-131.9874,54.8936],[-131.9814,54.8913],[-131.979,54.8918],[-131.9771,54.8946],[-131.973,54.8938],[-131.9716,54.895],[-131.9755,54.8968],[-131.983,54.896],[-131.9874,54.8936]],[[-131.9767,54.9114],[-131.9783,54.9119],[-131.9756,54.9092],[-131.9728,54.9097],[-131.9767,54.9114]],[[-131.9755,54.8891],[-131.9781,54.8901],[-131.9818,54.889],[-131.9853,54.886],[-131.9881,54.8874],[-131.9895,54.8831],[-131.9858,54.8827],[-131.9846,54.88],[-131.9823,54.881],[-131.9741,54.8768],[-131.9749,54.8806],[-131.9792,54.8805],[-131.9756,54.886],[-131.9779,54.888],[-131.9755,54.8891]],[[-131.9809,54.8752],[-131.9788,54.8733],[-131.9753,54.8744],[-131.9767,54.8759],[-131.9809,54.8752]],[[-131.9819,54.8741],[-131.9849,54.8724],[-131.982,54.8686],[-131.9799,54.8708],[-131.9819,54.8741]],[[-131.9842,54.8682],[-131.9864,54.8751],[-131.9819,54.8756],[-131.9809,54.8774],[-131.9979,54.8848],[-132,54.8844],[-132,54.8752],[-131.9917,54.8706],[-131.9883,54.8704],[-131.9863,54.8675],[-131.9842,54.8682]],[[-131.9898,54.9791],[-131.9919,54.982],[-131.9935,54.9818],[-131.9898,54.9791]],[[-131.9929,54.8933],[-131.9958,54.8929],[-131.9912,54.8924],[-131.9929,54.8933]],[[-131.9958,54.9769],[-131.9949,54.9786],[-131.9982,54.9772],[-131.9958,54.9769]],[[-131.9974,54.8857],[-131.9967,54.8885],[-132,54.8885],[-132,54.8859],[-131.9974,54.8857]]]]}},{"type":"Feature","properties":{"country":"CA","name":"Canadian Exclusive Economic Zone","mrgid":8493},"geometry":{"type":"MultiPolygon","coordinates":[[[[-60.5,46],[-60.5,45.5],[-61,45.5],[-61,46],[-60.5,46]],[[-61,46],[-61,45.6284],[-60.9978,45.6302],[-61,45.6305],[-61,45.6332],[-60.998,45.6332],[-60.9969,45.6312],[-60.9884,45.6274],[-60.993,45.6252],[-60.9977,45.626],[-60.9983,45.6245],[-60.9809,45.6228],[-60.981,45.6208],[-60.9829,45.6203],[-60.9937,45.6223],[-60.9918,45.615],[-60.9789,45.6143],[-60.9689,45.6191],[-60.969,45.6204],[-60.9655,45.6211],[-60.9653,45.6197],[-60.9679,45.6184],[-60.965,45.6182],[-60.9587,45.622],[-60.949,45.6252],[-60.9513,45.6266],[-60.951,45.6291],[-60.9591,45.6318],[-60.9606,45.6338],[-60.9831,45.6346],[-60.9834,45.6361],[-60.9779,45.6385],[-60.9705,45.6366],[-60.9637,45.6372],[-60.9326,45.6333],[-60.9349,45.6319],[-60.9416,45.6334],[-60.9437,45.6313],[-60.9454,45.633],[-60.9526,45.6326],[-60.9448,45.6272],[-60.9476,45.6256],[-60.9425,45.6231],[-60.939,45.6231],[-60.9362,45.6254],[-60.9372,45.6275],[-60.9391,45.6264],[-60.9433,45.6272],[-60.9404,45.6311],[-60.9253,45.6281],[-60.9152,45.6281],[-60.9166,45.6292],[-60.9142,45.6303],[-60.9125,45.6282],[-60.9167,45.6255],[-60.9316,45.6271],[-60.9351,45.6258],[-60.9365,45.623],[-60.9225,45.6217],[-60.9071,45.6301],[-60.9054,45.6343],[-60.9003,45.6345],[-60.8941,45.638],[-60.8979,45.6384],[-60.9018,45.6419],[-60.908,45.6409],[-60.9082,45.6433],[-60.9049,45.6448],[-60.9066,45.652],[-60.9095,45.6555],[-60.8994,45.6517],[-60.8994,45.6493],[-60.9031,45.6487],[-60.9038,45.6468],[-60.8966,45.6435],[-60.8897,45.6481],[-60.8948,45.6509],[-60.8955,45.6485],[-60.8964,45.6519],[-60.8782,45.6539],[-60.869,45.6515],[-60.8732,45.649],[-60.8727,45.648],[-60.8606,45.6457],[-60.8575,45.6393],[-60.8473,45.634],[-60.8567,45.6349],[-60.8643,45.6423],[-60.8633,45.6375],[-60.8589,45.6356],[-60.8557,45.6318],[-60.8606,45.6319],[-60.8534,45.628],[-60.8643,45.6289],[-60.8667,45.6315],[-60.8657,45.6332],[-60.8674,45.6334],[-60.8728,45.6196],[-60.857,45.6197],[-60.8544,45.618],[-60.8565,45.6164],[-60.8552,45.6156],[-60.8483,45.6175],[-60.8403,45.617],[-60.8317,45.6137],[-60.829,45.6174],[-60.8286,45.6122],[-60.8178,45.6108],[-60.8122,45.6118],[-60.8076,45.6091],[-60.7989,45.6126],[-60.7949,45.6117],[-60.7946,45.6082],[-60.791,45.6079],[-60.7901,45.606],[-60.787,45.6092],[-60.7813,45.6081],[-60.7798,45.6056],[-60.7813,45.6022],[-60.7783,45.6008],[-60.7769,45.6028],[-60.7734,45.6029],[-60.7776,45.607],[-60.7724,45.6055],[-60.7695,45.6071],[-60.7615,45.607],[-60.7575,45.6035],[-60.7584,45.6024],[-60.7475,45.5966],[-60.7444,45.5913],[-60.7383,45.5872],[-60.7381,45.5816],[-60.7411,45.5836],[-60.7415,45.5798],[-60.7456,45.5791],[-60.7427,45.5759],[-60.7463,45.5729],[-60.7404,45.5736],[-60.7354,45.571],[-60.7296,45.5745],[-60.7167,45.5754],[-60.7054,45.5792],[-60.7016,45.5768],[-60.6896,45.5739],[-60.6875,45.5713],[-60.6898,45.5675],[-60.6857,45.566],[-60.6839,45.5695],[-60.6788,45.5696],[-60.6756,45.572],[-60.6799,45.5761],[-60.6849,45.5738],[-60.6895,45.5766],[-60.687,45.5863],[-60.6824,45.59],[-60.6791,45.5918],[-60.6626,45.5923],[-60.6572,45.5954],[-60.651,45.5959],[-60.6448,45.5987],[-60.6364,45.5986],[-60.6353,45.6027],[-60.6304,45.604],[-60.6271,45.6021],[-60.6228,45.6082],[-60.6279,45.6112],[-60.6313,45.6157],[-60.6259,45.6167],[-60.6263,45.6223],[-60.6288,45.624],[-60.6361,45.625],[-60.6381,45.6218],[-60.6408,45.622],[-60.6409,45.625],[-60.6505,45.6299],[-60.6519,45.633],[-60.6581,45.637],[-60.6612,45.6452],[-60.6552,45.6379],[-60.6514,45.6358],[-60.6487,45.6305],[-60.6331,45.6256],[-60.6282,45.6273],[-60.6255,45.6261],[-60.6211,45.6183],[-60.6181,45.6179],[-60.6225,45.6145],[-60.6206,45.6118],[-60.6142,45.6149],[-60.605,45.6144],[-60.5987,45.6129],[-60.5972,45.6108],[-60.5988,45.609],[-60.5975,45.6086],[-60.5946,45.6104],[-60.5964,45.6135],[-60.5929,45.6178],[-60.5772,45.6239],[-60.5772,45.6258],[-60.5736,45.6262],[-60.5716,45.6299],[-60.5682,45.6279],[-60.5738,45.6254],[-60.5738,45.6235],[-60.5675,45.6253],[-60.5657,45.6282],[-60.5665,45.6315],[-60.564,45.6284],[-60.566,45.6242],[-60.5423,45.6305],[-60.5295,45.6316],[-60.5208,45.6289],[-60.5193,45.6264],[-60.5158,45.6287],[-60.5,45.6308],[-60.5,46],[-60.7105,46],[-60.7146,45.9942],[-60.7291,45.9839],[-60.7422,45.9765],[-60.7468,45.9768],[-60.7475,45.974],[-60.7497,45.9726],[-60.7584,45.9723],[-60.7577,45.9695],[-60.7696,45.9619],[-60.7851,45.9622],[-60.793,45.9567],[-60.8,45.9465],[-60.8018,45.941],[-60.798,45.935],[-60.7853,45.9309],[-60.7783,45.9345],[-60.766,45.9322],[-60.7615,45.9341],[-60.7571,45.9409],[-60.7555,45.9376],[-60.7463,45.9352],[-60.7387,45.929],[-60.7334,45.9166],[-60.7355,45.9062],[-60.7275,45.9016],[-60.7252,45.9031],[-60.7235,45.9103],[-60.725,45.9224],[-60.7217,45.9261],[-60.7198,45.9246],[-60.7217,45.9226],[-60.7198,45.9095],[-60.7224,45.9057],[-60.7229,45.9015],[-60.7193,45.8992],[-60.7128,45.8985],[-60.6866,45.9037],[-60.681,45.9058],[-60.6816,45.9077],[-60.6768,45.9104],[-60.6665,45.9066],[-60.661,45.9082],[-60.653,45.9119],[-60.6496,45.9193],[-60.6366,45.9205],[-60.6311,45.9232],[-60.6309,45.9248],[-60.6388,45.9258],[-60.64,45.9279],[-60.6301,45.9284],[-60.6266,45.9316],[-60.6289,45.9331],[-60.6283,45.9348],[-60.6188,45.9393],[-60.6152,45.9389],[-60.6085,45.9429],[-60.6027,45.9417],[-60.5892,45.9466],[-60.5615,45.948],[-60.5588,45.9475],[-60.5568,45.9436],[-60.5534,45.9418],[-60.5555,45.9401],[-60.5602,45.9422],[-60.5595,45.9432],[-60.563,45.9432],[-60.5654,45.941],[-60.5641,45.9395],[-60.5563,45.9393],[-60.5489,45.9422],[-60.5435,45.942],[-60.5442,45.9435],[-60.5548,45.9454],[-60.5577,45.9485],[-60.572,45.9485],[-60.5708,45.9506],[-60.572,45.9519],[-60.5777,45.9507],[-60.5784,45.9487],[-60.5761,45.9483],[-60.5797,45.9476],[-60.584,45.9511],[-60.5922,45.9513],[-60.5924,45.9527],[-60.5855,45.9559],[-60.5814,45.9559],[-60.5821,45.9533],[-60.5658,45.9555],[-60.5659,45.9575],[-60.5737,45.9557],[-60.5785,45.9568],[-60.572,45.9597],[-60.5602,45.9623],[-60.5543,45.9618],[-60.5525,45.9632],[-60.5503,45.9615],[-60.5433,45.9624],[-60.5436,45.9602],[-60.5404,45.9614],[-60.5406,45.9582],[-60.5392,45.9581],[-60.5269,45.9624],[-60.5284,45.9636],[-60.5274,45.9644],[-60.5092,45.9666],[-60.5,45.9719],[-60.5,45.9445],[-60.5016,45.9408],[-60.511,45.9343],[-60.516,45.9329],[-60.519,45.9281],[-60.5213,45.9292],[-60.5293,45.9232],[-60.5296,45.9187],[-60.5357,45.9108],[-60.5547,45.902],[-60.5624,45.8962],[-60.572,45.8945],[-60.5755,45.8912],[-60.5778,45.891],[-60.5791,45.8948],[-60.5845,45.8865],[-60.5883,45.8843],[-60.5943,45.8839],[-60.6068,45.872],[-60.6099,45.8716],[-60.6093,45.8742],[-60.6123,45.8739],[-60.6432,45.8562],[-60.6497,45.8489],[-60.6497,45.8451],[-60.6602,45.8373],[-60.6645,45.8291],[-60.6739,45.8224],[-60.6861,45.8185],[-60.6977,45.818],[-60.7202,45.81],[-60.7247,45.8039],[-60.7387,45.7974],[-60.7399,45.7954],[-60.7382,45.7932],[-60.7421,45.7943],[-60.7449,45.7929],[-60.7459,45.791],[-60.7411,45.7814],[-60.7424,45.7808],[-60.7442,45.7828],[-60.7452,45.7878],[-60.7475,45.7895],[-60.7474,45.7841],[-60.7493,45.7848],[-60.7512,45.7828],[-60.7453,45.7783],[-60.752,45.775],[-60.7513,45.7688],[-60.7481,45.7657],[-60.7555,45.7685],[-60.7581,45.768],[-60.7552,45.7656],[-60.7558,45.7638],[-60.7488,45.7596],[-60.7486,45.7568],[-60.7437,45.7524],[-60.7532,45.7554],[-60.7551,45.7587],[-60.7592,45.7602],[-60.7683,45.7585],[-60.7669,45.7559],[-60.7582,45.7553],[-60.7553,45.7525],[-60.7475,45.7494],[-60.7451,45.7467],[-60.7503,45.7488],[-60.7495,45.7454],[-60.7409,45.7429],[-60.7436,45.7411],[-60.7514,45.7431],[-60.7589,45.7382],[-60.7583,45.7355],[-60.7401,45.7349],[-60.7437,45.739],[-60.7418,45.7403],[-60.7255,45.7318],[-60.7282,45.7288],[-60.7471,45.7315],[-60.7471,45.7255],[-60.743,45.7202],[-60.7471,45.7162],[-60.7488,45.7078],[-60.7478,45.7049],[-60.7412,45.6997],[-60.741,45.6943],[-60.7438,45.6943],[-60.7444,45.6931],[-60.7402,45.6902],[-60.7405,45.6889],[-60.7464,45.6912],[-60.7452,45.6916],[-60.7457,45.693],[-60.7497,45.6948],[-60.7574,45.7048],[-60.7766,45.7062],[-60.778,45.7031],[-60.7809,45.7031],[-60.7828,45.6999],[-60.7796,45.6937],[-60.7748,45.6925],[-60.7895,45.6864],[-60.7844,45.6817],[-60.7981,45.6873],[-60.8179,45.6873],[-60.825,45.6817],[-60.8263,45.6785],[-60.8201,45.675],[-60.8193,45.671],[-60.8294,45.6728],[-60.8321,45.6693],[-60.8325,45.6716],[-60.8375,45.6732],[-60.8455,45.6704],[-60.8525,45.6702],[-60.8536,45.6685],[-60.8508,45.6646],[-60.8451,45.6647],[-60.8372,45.6684],[-60.84,45.6628],[-60.8389,45.6597],[-60.8284,45.6576],[-60.8267,45.6553],[-60.8329,45.6547],[-60.8344,45.6574],[-60.8408,45.6592],[-60.8434,45.6553],[-60.8405,45.6542],[-60.8404,45.6527],[-60.8467,45.6499],[-60.856,45.6516],[-60.8662,45.6581],[-60.8782,45.6617],[-60.868,45.664],[-60.8671,45.6683],[-60.8547,45.6693],[-60.8511,45.6714],[-60.8494,45.6729],[-60.8532,45.6764],[-60.8529,45.6792],[-60.8409,45.6796],[-60.8311,45.6777],[-60.8313,45.681],[-60.8356,45.6825],[-60.842,45.6881],[-60.8338,45.6902],[-60.8298,45.6882],[-60.8259,45.6907],[-60.8209,45.6911],[-60.8304,45.6999],[-60.8304,45.7016],[-60.8267,45.7016],[-60.8185,45.696],[-60.8199,45.7021],[-60.8185,45.7068],[-60.8163,45.7053],[-60.8102,45.7058],[-60.8034,45.7012],[-60.8007,45.7017],[-60.7996,45.7043],[-60.8046,45.7054],[-60.8128,45.716],[-60.8104,45.7172],[-60.8079,45.7127],[-60.8039,45.7154],[-60.8101,45.7211],[-60.821,45.7273],[-60.8178,45.7299],[-60.817,45.7268],[-60.8122,45.7248],[-60.81,45.727],[-60.8092,45.7308],[-60.8211,45.7345],[-60.8171,45.7359],[-60.8126,45.7331],[-60.8097,45.7332],[-60.8146,45.7369],[-60.825,45.7353],[-60.8303,45.7374],[-60.8359,45.7434],[-60.8445,45.7473],[-60.8475,45.7518],[-60.852,45.7543],[-60.8532,45.7505],[-60.8549,45.7544],[-60.8566,45.7537],[-60.8697,45.7576],[-60.873,45.7565],[-60.8835,45.7579],[-60.9045,45.7658],[-60.9174,45.7646],[-60.9288,45.7681],[-60.9354,45.7669],[-60.9405,45.7712],[-60.9414,45.7677],[-60.9448,45.7651],[-60.9648,45.7677],[-60.9654,45.7665],[-60.9623,45.7672],[-60.9606,45.7658],[-60.9631,45.7651],[-60.9618,45.7641],[-60.9645,45.76],[-60.9689,45.7612],[-60.9811,45.7561],[-60.9842,45.751],[-60.9896,45.7535],[-60.9949,45.7452],[-61,45.7429],[-61,45.8282],[-60.9962,45.8299],[-60.9938,45.8337],[-60.9767,45.8392],[-60.9741,45.8413],[-60.9737,45.8461],[-60.9772,45.8475],[-60.978,45.8497],[-60.9712,45.8552],[-60.9619,45.8544],[-60.9606,45.8523],[-60.9622,45.8476],[-60.9639,45.8465],[-60.9669,45.8475],[-60.9713,45.8421],[-60.9711,45.8401],[-60.9659,45.8401],[-60.959,45.8359],[-60.9466,45.8346],[-60.9476,45.8393],[-60.9426,45.8465],[-60.9436,45.8527],[-60.947,45.8546],[-60.9514,45.8523],[-60.9495,45.8553],[-60.9519,45.8571],[-60.9641,45.8572],[-60.9706,45.8621],[-60.9766,45.8629],[-60.9758,45.8647],[-60.9668,45.8666],[-60.9646,45.8696],[-60.9671,45.8728],[-60.9855,45.8658],[-60.9859,45.8698],[-60.9936,45.8752],[-60.9939,45.879],[-60.9913,45.8789],[-60.991,45.8761],[-60.9811,45.8732],[-60.9797,45.874],[-60.9866,45.8776],[-60.9882,45.8806],[-60.9849,45.8828],[-60.9772,45.8781],[-60.9718,45.882],[-60.9722,45.8785],[-60.9661,45.8774],[-60.9631,45.8746],[-60.9609,45.8764],[-60.9542,45.8724],[-60.9533,45.8706],[-60.9591,45.8704],[-60.9595,45.8686],[-60.9552,45.8673],[-60.9515,45.86],[-60.9448,45.8587],[-60.9301,45.8583],[-60.9293,45.8629],[-60.9267,45.8646],[-60.9161,45.8662],[-60.9129,45.8699],[-60.9171,45.8739],[-60.916,45.8697],[-60.9286,45.8673],[-60.9316,45.8711],[-60.9381,45.871],[-60.9363,45.8756],[-60.943,45.8775],[-60.9437,45.8804],[-60.9423,45.8824],[-60.9438,45.884],[-60.9462,45.8851],[-60.9498,45.8837],[-60.9589,45.8838],[-60.9644,45.8903],[-60.9646,45.8873],[-60.9778,45.889],[-60.979,45.8881],[-60.977,45.8862],[-60.9813,45.8863],[-60.982,45.8879],[-60.9888,45.8826],[-60.9945,45.8806],[-61,45.8807],[-61,45.906],[-60.9936,45.9076],[-61,45.9111],[-60.9953,45.9132],[-60.989,45.9133],[-60.9881,45.9157],[-60.9908,45.9173],[-61,45.9154],[-61,45.9182],[-60.9943,45.9197],[-60.9914,45.9228],[-60.9967,45.9269],[-61,45.9269],[-61,45.9288],[-60.9941,45.9292],[-60.9895,45.9338],[-60.9959,45.9342],[-60.9924,45.9419],[-60.9966,45.9435],[-60.9899,45.9476],[-60.9885,45.9472],[-60.9886,45.9446],[-60.9855,45.9433],[-60.9904,45.9439],[-60.9938,45.937],[-60.9857,45.9371],[-60.9848,45.9337],[-60.9874,45.9326],[-60.9829,45.9308],[-60.9846,45.9284],[-60.9765,45.926],[-60.9833,45.9252],[-60.9844,45.923],[-60.9798,45.9226],[-60.9772,45.9197],[-60.9741,45.9196],[-60.9748,45.9172],[-60.9703,45.915],[-60.9683,45.9155],[-60.9674,45.9192],[-60.9642,45.92],[-60.9579,45.9194],[-60.9552,45.917],[-60.9508,45.9177],[-60.952,45.9206],[-60.9483,45.9246],[-60.9405,45.9222],[-60.9465,45.925],[-60.942,45.9265],[-60.9401,45.9335],[-60.9379,45.9327],[-60.939,45.9289],[-60.9347,45.9307],[-60.9261,45.9298],[-60.9207,45.9319],[-60.9135,45.9314],[-60.9126,45.9323],[-60.9147,45.9357],[-60.9088,45.9405],[-60.9148,45.9405],[-60.9157,45.9418],[-60.8987,45.946],[-60.8963,45.9458],[-60.8949,45.9439],[-60.9097,45.9374],[-60.9114,45.9298],[-60.9142,45.9273],[-60.9209,45.9259],[-60.934,45.9267],[-60.9384,45.9244],[-60.9331,45.9228],[-60.9201,45.9233],[-60.9102,45.9194],[-60.9072,45.9234],[-60.9013,45.9257],[-60.9061,45.9259],[-60.9034,45.9272],[-60.9048,45.9276],[-60.9029,45.932],[-60.9017,45.9318],[-60.902,45.9267],[-60.892,45.9292],[-60.899,45.9245],[-60.8954,45.923],[-60.8832,45.9268],[-60.8719,45.9325],[-60.8693,45.9369],[-60.8724,45.9368],[-60.876,45.9392],[-60.8739,45.9442],[-60.8693,45.9392],[-60.8663,45.9421],[-60.8561,45.9413],[-60.8327,45.9469],[-60.8195,45.944],[-60.8148,45.9449],[-60.8128,45.9471],[-60.8107,45.9546],[-60.8027,45.9612],[-60.8102,45.968],[-60.8118,45.9725],[-60.8068,45.9778],[-60.8122,45.9842],[-60.8047,45.9943],[-60.8058,46],[-60.9625,46],[-60.9712,45.996],[-60.9803,45.9965],[-60.987,45.9887],[-60.9885,45.9815],[-60.9867,45.979],[-60.9931,45.9765],[-60.9896,45.9649],[-60.9895,45.9597],[-60.9857,45.9571],[-60.9787,45.9616],[-60.9768,45.9568],[-60.9795,45.9545],[-60.9834,45.9555],[-60.9784,45.956],[-60.9791,45.9589],[-60.9806,45.9592],[-60.9897,45.9536],[-60.9937,45.9533],[-61,45.9574],[-61,45.9896],[-60.9938,45.9908],[-60.993,45.9882],[-60.9915,45.9883],[-60.9854,45.9933],[-60.9904,45.9926],[-60.9884,45.9944],[-60.9955,45.9941],[-60.9986,45.9992],[-60.9985,45.9975],[-60.9999,45.9978],[-61,46],[-60.9906,46],[-60.9945,45.9974],[-60.9945,45.9949],[-60.9868,45.9957],[-60.9829,45.9987],[-60.9762,46],[-61,46]],[[-60.5413,45.9542],[-60.5447,45.9571],[-60.5473,45.9554],[-60.5461,45.9538],[-60.5413,45.9542]],[[-60.5489,45.9529],[-60.5518,45.9498],[-60.5476,45.9515],[-60.5489,45.9529]],[[-60.5593,45.9511],[-60.5595,45.9533],[-60.5521,45.9539],[-60.5518,45.9567],[-60.5593,45.9596],[-60.5619,45.9582],[-60.5625,45.9566],[-60.5594,45.9549],[-60.5628,45.9522],[-60.5593,45.9511]],[[-60.5644,45.9525],[-60.5651,45.9542],[-60.5696,45.9499],[-60.5644,45.9525]],[[-60.5661,45.9003],[-60.5687,45.9018],[-60.5657,45.8985],[-60.5661,45.9003]],[[-60.7314,45.7303],[-60.7272,45.7311],[-60.7311,45.7322],[-60.7314,45.7303]],[[-60.7355,45.7303],[-60.7337,45.7304],[-60.735,45.7317],[-60.7355,45.7303]],[[-60.7494,45.9759],[-60.7486,45.9775],[-60.7512,45.9773],[-60.7518,45.9747],[-60.7494,45.9759]],[[-60.7725,45.7514],[-60.7733,45.7489],[-60.7708,45.7482],[-60.7702,45.7456],[-60.7727,45.7455],[-60.7776,45.7494],[-60.7799,45.7481],[-60.7793,45.7443],[-60.7683,45.7393],[-60.7661,45.7403],[-60.7673,45.7432],[-60.7638,45.7405],[-60.7582,45.7408],[-60.7574,45.7424],[-60.7603,45.746],[-60.7563,45.7429],[-60.7524,45.7444],[-60.7602,45.7519],[-60.765,45.7537],[-60.768,45.7493],[-60.7725,45.7514]],[[-60.7662,45.7706],[-60.7711,45.7672],[-60.7706,45.7604],[-60.7596,45.7655],[-60.7609,45.7676],[-60.7642,45.7668],[-60.7657,45.7679],[-60.7643,45.7701],[-60.7587,45.7689],[-60.7592,45.7714],[-60.7662,45.7706]],[[-60.7592,45.7076],[-60.7618,45.7089],[-60.762,45.7116],[-60.765,45.7094],[-60.7592,45.7076]],[[-60.7678,45.803],[-60.7626,45.8057],[-60.7707,45.8049],[-60.7678,45.803]],[[-60.766,45.7134],[-60.7652,45.7152],[-60.7724,45.7169],[-60.7698,45.7138],[-60.766,45.7134]],[[-60.7716,45.8039],[-60.7743,45.8064],[-60.7735,45.804],[-60.7716,45.8039]],[[-60.7745,45.7547],[-60.7744,45.7571],[-60.7757,45.7557],[-60.7745,45.7547]],[[-60.7769,45.7079],[-60.7751,45.7094],[-60.7785,45.7124],[-60.7768,45.7146],[-60.7778,45.7172],[-60.7853,45.7196],[-60.7868,45.7185],[-60.7861,45.7236],[-60.7915,45.7187],[-60.7836,45.7149],[-60.7769,45.7079]],[[-60.7902,45.7084],[-60.7958,45.7103],[-60.7941,45.7067],[-60.7902,45.7084]],[[-60.7915,45.6923],[-60.7906,45.6927],[-60.7933,45.6959],[-60.7944,45.6952],[-60.7915,45.6923]],[[-60.805,45.5956],[-60.8016,45.5976],[-60.8013,45.5996],[-60.8062,45.6047],[-60.8072,45.6023],[-60.8145,45.6004],[-60.8181,45.5964],[-60.8115,45.5944],[-60.805,45.5956]],[[-60.8057,45.6982],[-60.8071,45.7002],[-60.8101,45.6999],[-60.8057,45.6982]],[[-60.8154,45.6972],[-60.8091,45.6958],[-60.8091,45.6971],[-60.8173,45.7018],[-60.8154,45.6972]],[[-60.8331,45.6749],[-60.8339,45.677],[-60.8475,45.6771],[-60.8481,45.676],[-60.8441,45.6744],[-60.8331,45.6749]],[[-60.8604,45.6603],[-60.8616,45.6643],[-60.8651,45.6652],[-60.8662,45.6638],[-60.8652,45.6606],[-60.8604,45.6603]],[[-60.9665,45.5],[-60.9638,45.5019],[-60.9663,45.5032],[-60.9642,45.5041],[-60.9632,45.5073],[-60.9611,45.5062],[-60.9585,45.5077],[-60.9592,45.5098],[-60.9507,45.5156],[-60.9642,45.5152],[-60.9729,45.5179],[-60.9758,45.5178],[-60.976,45.5165],[-60.9836,45.5174],[-60.9818,45.5189],[-60.9777,45.5189],[-60.9773,45.5208],[-60.9807,45.5269],[-60.9784,45.5283],[-60.9769,45.5322],[-60.9773,45.5373],[-60.9736,45.5381],[-60.9709,45.5454],[-60.966,45.5492],[-60.9567,45.5491],[-60.9504,45.5515],[-60.9492,45.5524],[-60.9497,45.5549],[-60.9455,45.5569],[-60.9263,45.5599],[-60.9151,45.5594],[-60.9175,45.5651],[-60.914,45.5607],[-60.9078,45.5627],[-60.9024,45.5625],[-60.8974,45.5572],[-60.894,45.5595],[-60.8978,45.5619],[-60.8971,45.5696],[-60.8933,45.575],[-60.8887,45.5776],[-60.8947,45.5764],[-60.8994,45.5817],[-60.9109,45.5847],[-60.9147,45.5888],[-60.9233,45.5926],[-60.9244,45.5911],[-60.9211,45.5861],[-60.9225,45.584],[-60.9137,45.5791],[-60.9161,45.578],[-60.9176,45.5793],[-60.9261,45.5793],[-60.9365,45.587],[-60.9381,45.5901],[-60.945,45.5933],[-60.9503,45.5936],[-60.951,45.5911],[-60.9544,45.5888],[-60.9579,45.5898],[-60.9602,45.5882],[-60.9729,45.5919],[-60.9772,45.5905],[-60.9802,45.5857],[-60.9934,45.5802],[-61,45.5821],[-60.9961,45.5831],[-60.9937,45.5818],[-60.9911,45.5838],[-60.9924,45.5849],[-60.9985,45.5859],[-61,45.5848],[-61,45.5],[-60.9665,45.5]],[[-60.9026,45.7675],[-60.9007,45.7672],[-60.8997,45.7689],[-60.9008,45.77],[-60.9026,45.7675]],[[-60.9509,45.5178],[-60.9439,45.516],[-60.9527,45.5134],[-60.9554,45.5074],[-60.9593,45.5059],[-60.9592,45.5043],[-60.9566,45.5033],[-60.9587,45.5019],[-60.9585,45.5],[-60.9332,45.5],[-60.9355,45.502],[-60.9292,45.5035],[-60.928,45.5071],[-60.9258,45.5082],[-60.9108,45.5088],[-60.916,45.5122],[-60.9155,45.515],[-60.9288,45.5171],[-60.9426,45.517],[-60.9474,45.5197],[-60.9509,45.5178]],[[-60.9208,45.5814],[-60.9239,45.5833],[-60.9275,45.5825],[-60.9247,45.5808],[-60.9208,45.5814]],[[-60.9308,45.8486],[-60.9289,45.8495],[-60.9291,45.8515],[-60.9308,45.8486]],[[-60.9384,45.8427],[-60.9364,45.842],[-60.9309,45.845],[-60.9336,45.8485],[-60.9384,45.8427]],[[-60.9328,45.8717],[-60.9314,45.8736],[-60.935,45.8714],[-60.9328,45.8717]],[[-60.9358,45.8334],[-60.9363,45.8359],[-60.9377,45.8342],[-60.9358,45.8334]],[[-60.9401,45.85],[-60.9388,45.8481],[-60.9367,45.8482],[-60.9364,45.8498],[-60.9401,45.85]],[[-60.9369,45.9107],[-60.9384,45.9122],[-60.9393,45.9105],[-60.9369,45.9107]],[[-60.9537,45.9125],[-60.9468,45.9104],[-60.947,45.9054],[-60.9441,45.9069],[-60.9421,45.9108],[-60.943,45.9125],[-60.9473,45.912],[-60.954,45.9149],[-60.9566,45.9114],[-60.9537,45.9125]],[[-60.9444,45.8958],[-60.9487,45.8954],[-60.9462,45.8941],[-60.9444,45.8958]],[[-60.9562,45.6092],[-60.9588,45.6111],[-60.9588,45.6089],[-60.9562,45.6092]],[[-60.9651,45.5951],[-60.9687,45.5953],[-60.9664,45.5938],[-60.9583,45.5928],[-60.9564,45.5954],[-60.9651,45.5951]],[[-60.96,45.9126],[-60.9662,45.9144],[-60.9696,45.9114],[-60.9645,45.9103],[-60.96,45.9126]],[[-60.9979,45.9017],[-61,45.9023],[-61,45.8966],[-60.9915,45.8955],[-60.9885,45.8966],[-60.9889,45.8938],[-60.9863,45.8929],[-60.9828,45.8982],[-60.9748,45.8919],[-60.9676,45.8907],[-60.9659,45.8943],[-60.9674,45.8989],[-60.9659,45.9008],[-60.9692,45.8987],[-60.9699,45.8934],[-60.9724,45.8956],[-60.9705,45.9021],[-60.9757,45.9019],[-60.9732,45.9041],[-60.9813,45.9043],[-60.9979,45.9017]],[[-60.9686,45.5946],[-60.9754,45.5939],[-60.9698,45.5926],[-60.9686,45.5946]],[[-60.9717,45.6097],[-60.9717,45.6111],[-60.9761,45.6122],[-60.98,45.6106],[-60.9769,45.6078],[-60.9717,45.6097]],[[-60.9857,45.7594],[-60.9811,45.7596],[-60.9897,45.7616],[-60.9881,45.7579],[-60.9857,45.7594]],[[-60.9864,45.9087],[-60.9876,45.9072],[-60.9853,45.907],[-60.9823,45.9096],[-60.9864,45.9087]],[[-60.9998,45.8196],[-60.9922,45.8178],[-60.9878,45.8193],[-60.9907,45.8223],[-60.9943,45.8225],[-60.9973,45.8223],[-60.9998,45.8196]],[[-60.9921,45.8293],[-60.9899,45.8308],[-60.9906,45.8325],[-60.9932,45.8296],[-60.9921,45.8293]],[[-60.9948,45.9113],[-60.9991,45.9106],[-60.994,45.9103],[-60.992,45.9121],[-60.9948,45.9113]],[[-61,45.5915],[-60.9971,45.5905],[-60.9937,45.5919],[-60.9954,45.5931],[-61,45.5915]],[[-60.9979,45.612],[-60.9952,45.612],[-60.9973,45.6138],[-60.9979,45.612]],[[-61,45.6154],[-60.9962,45.6154],[-60.9963,45.6179],[-61,45.6191],[-61,45.6154]],[[-61,45.6024],[-60.9984,45.6029],[-61,45.6039],[-61,45.6024]]],[[[-60,46],[-60,45.5],[-60.5,45.5],[-60.5,46],[-60,46]],[[-60.5,46],[-60.5,45.6308],[-60.4968,45.6309],[-60.4882,45.6385],[-60.4813,45.6413],[-60.4753,45.6404],[-60.4771,45.6422],[-60.4745,45.6435],[-60.4724,45.6421],[-60.4729,45.6401],[-60.4658,45.6411],[-60.4563,45.639],[-60.4498,45.6404],[-60.439,45.6394],[-60.4352,45.6415],[-60.4328,45.6455],[-60.4251,45.6421],[-60.418,45.6454],[-60.4162,45.6482],[-60.4153,45.6592],[-60.4133,45.6572],[-60.4059,45.6562],[-60.4037,45.655],[-60.4057,45.6544],[-60.4035,45.6531],[-60.4047,45.652],[-60.401,45.6517],[-60.395,45.6572],[-60.3822,45.6602],[-60.3775,45.6643],[-60.3814,45.6652],[-60.3567,45.6718],[-60.3534,45.675],[-60.3513,45.675],[-60.3521,45.6773],[-60.3587,45.679],[-60.3559,45.6798],[-60.3512,45.6778],[-60.348,45.6792],[-60.348,45.682],[-60.3441,45.6856],[-60.3448,45.6892],[-60.343,45.6916],[-60.3381,45.6949],[-60.334,45.6954],[-60.333,45.7018],[-60.3349,45.702],[-60.3341,45.7038],[-60.3357,45.7048],[-60.338,45.7026],[-60.3428,45.7026],[-60.3398,45.7002],[-60.3404,45.6981],[-60.3528,45.7022],[-60.3513,45.7041],[-60.3547,45.7086],[-60.3523,45.7082],[-60.3503,45.7054],[-60.3419,45.7035],[-60.3388,45.7035],[-60.3376,45.7055],[-60.3385,45.7075],[-60.3553,45.7184],[-60.3527,45.7185],[-60.3531,45.7203],[-60.3646,45.7235],[-60.3698,45.7275],[-60.3707,45.7303],[-60.3752,45.7303],[-60.3775,45.7282],[-60.3842,45.7279],[-60.3855,45.7291],[-60.3691,45.7318],[-60.3662,45.7299],[-60.3658,45.7276],[-60.3619,45.7287],[-60.3613,45.7253],[-60.3562,45.7258],[-60.36,45.7243],[-60.3603,45.7225],[-60.3562,45.7232],[-60.3568,45.7215],[-60.3479,45.7206],[-60.3428,45.7174],[-60.3386,45.7169],[-60.3369,45.7158],[-60.3378,45.715],[-60.3425,45.7162],[-60.3441,45.7136],[-60.3399,45.7104],[-60.3315,45.7114],[-60.3294,45.7044],[-60.3317,45.7009],[-60.3207,45.7081],[-60.3145,45.7098],[-60.3052,45.7108],[-60.2958,45.7086],[-60.2954,45.7124],[-60.2968,45.7128],[-60.2999,45.7113],[-60.3196,45.7114],[-60.3243,45.707],[-60.3285,45.7081],[-60.3234,45.7098],[-60.3198,45.7133],[-60.3247,45.7156],[-60.3279,45.7133],[-60.3325,45.7156],[-60.3302,45.7178],[-60.3319,45.7209],[-60.3288,45.7199],[-60.3297,45.719],[-60.3278,45.7174],[-60.3209,45.7157],[-60.3141,45.7176],[-60.3209,45.7197],[-60.3213,45.7209],[-60.3194,45.7215],[-60.3165,45.7199],[-60.3141,45.7213],[-60.3079,45.7206],[-60.3028,45.7157],[-60.291,45.7176],[-60.3053,45.7219],[-60.3075,45.7244],[-60.3103,45.7242],[-60.3046,45.7298],[-60.3087,45.7312],[-60.3091,45.7329],[-60.3021,45.7332],[-60.3015,45.729],[-60.3042,45.7276],[-60.3032,45.7237],[-60.2996,45.7248],[-60.288,45.7238],[-60.2886,45.7258],[-60.2948,45.7292],[-60.2929,45.7298],[-60.2931,45.7309],[-60.2922,45.7287],[-60.2763,45.7191],[-60.2723,45.7217],[-60.2748,45.724],[-60.2695,45.7247],[-60.2661,45.7279],[-60.2548,45.7298],[-60.2555,45.7311],[-60.2573,45.7298],[-60.2696,45.7305],[-60.2714,45.7334],[-60.2676,45.7328],[-60.2644,45.7342],[-60.2543,45.7326],[-60.251,45.7315],[-60.2538,45.7286],[-60.2537,45.727],[-60.251,45.7257],[-60.2657,45.7258],[-60.2709,45.7228],[-60.2654,45.7229],[-60.265,45.7217],[-60.2725,45.7198],[-60.2725,45.7187],[-60.2671,45.7187],[-60.2696,45.7177],[-60.2772,45.718],[-60.2853,45.7205],[-60.2863,45.7198],[-60.2828,45.718],[-60.2886,45.7178],[-60.2897,45.7148],[-60.2882,45.7128],[-60.2917,45.7129],[-60.2924,45.7092],[-60.2984,45.7061],[-60.2818,45.7042],[-60.2795,45.7026],[-60.2698,45.7049],[-60.2673,45.7072],[-60.2575,45.7071],[-60.2515,45.7097],[-60.2543,45.7109],[-60.2526,45.7132],[-60.2441,45.7135],[-60.2375,45.7177],[-60.252,45.7161],[-60.2553,45.7176],[-60.26,45.7159],[-60.2587,45.7173],[-60.26,45.7184],[-60.2558,45.7191],[-60.2562,45.7214],[-60.2585,45.7226],[-60.2576,45.7235],[-60.2465,45.7194],[-60.2387,45.7205],[-60.2388,45.7239],[-60.2354,45.7254],[-60.2282,45.725],[-60.2292,45.7346],[-60.222,45.7401],[-60.2221,45.7468],[-60.2196,45.7522],[-60.2241,45.7466],[-60.2288,45.7464],[-60.2345,45.7439],[-60.2335,45.7428],[-60.224,45.7438],[-60.2241,45.7414],[-60.2281,45.7409],[-60.2276,45.7378],[-60.23,45.7367],[-60.2333,45.7377],[-60.238,45.7348],[-60.2408,45.7357],[-60.2522,45.7342],[-60.2446,45.7359],[-60.2429,45.7388],[-60.2306,45.7411],[-60.244,45.7452],[-60.235,45.7461],[-60.2209,45.7515],[-60.2252,45.7536],[-60.2357,45.7519],[-60.2402,45.7521],[-60.2417,45.7537],[-60.2391,45.7558],[-60.2366,45.7543],[-60.2308,45.7551],[-60.2295,45.7569],[-60.2302,45.7589],[-60.2322,45.7594],[-60.231,45.7601],[-60.2288,45.7601],[-60.2271,45.7579],[-60.2195,45.7598],[-60.2265,45.7628],[-60.2295,45.7661],[-60.2256,45.7655],[-60.2247,45.7677],[-60.2215,45.7683],[-60.2233,45.766],[-60.2203,45.7643],[-60.2158,45.7667],[-60.2168,45.7637],[-60.2121,45.7638],[-60.2109,45.7624],[-60.2138,45.7576],[-60.2136,45.7539],[-60.2072,45.765],[-60.2038,45.7651],[-60.2039,45.7677],[-60.1951,45.7734],[-60.1745,45.7815],[-60.1682,45.783],[-60.1563,45.7819],[-60.1357,45.7863],[-60.1244,45.7857],[-60.116,45.7832],[-60.1149,45.7854],[-60.1172,45.7838],[-60.1228,45.7864],[-60.1358,45.7872],[-60.1321,45.7879],[-60.128,45.7911],[-60.127,45.7882],[-60.1129,45.7901],[-60.1131,45.7879],[-60.1094,45.7901],[-60.1108,45.7878],[-60.1046,45.7901],[-60.1028,45.7934],[-60.0947,45.7996],[-60.0819,45.8024],[-60.0792,45.8116],[-60.0806,45.814],[-60.0753,45.8178],[-60.0763,45.8194],[-60.0816,45.8197],[-60.0829,45.8178],[-60.085,45.819],[-60.0918,45.8156],[-60.0979,45.8174],[-60.1014,45.8205],[-60.105,45.8206],[-60.1077,45.8231],[-60.1195,45.822],[-60.1232,45.8231],[-60.1274,45.8272],[-60.1275,45.8285],[-60.1236,45.83],[-60.1245,45.8322],[-60.1347,45.833],[-60.1363,45.8409],[-60.1314,45.8427],[-60.133,45.8444],[-60.1364,45.8441],[-60.1393,45.8402],[-60.1409,45.8422],[-60.1487,45.8443],[-60.1508,45.843],[-60.1494,45.8415],[-60.15,45.8391],[-60.1577,45.837],[-60.1675,45.8406],[-60.1712,45.845],[-60.1737,45.853],[-60.1731,45.8567],[-60.1702,45.8571],[-60.165,45.862],[-60.1639,45.8679],[-60.1581,45.8739],[-60.1508,45.8757],[-60.1519,45.8767],[-60.1506,45.8778],[-60.1407,45.8784],[-60.1377,45.8816],[-60.1355,45.8812],[-60.1311,45.8842],[-60.1194,45.885],[-60.103,45.876],[-60.091,45.8784],[-60.0887,45.8766],[-60.0842,45.8766],[-60.0658,45.8706],[-60.0611,45.8734],[-60.0616,45.8762],[-60.0556,45.8786],[-60.049,45.8766],[-60.0291,45.8756],[-60.0253,45.8731],[-60.0192,45.8768],[-60.0156,45.8759],[-60,45.8773],[-60,46],[-60.5,46],[-60.5,45.9719],[-60.4978,45.9743],[-60.4906,45.9763],[-60.4817,45.9756],[-60.4747,45.9774],[-60.4741,45.9788],[-60.4852,45.9767],[-60.4726,45.9816],[-60.4703,45.9846],[-60.4538,45.9857],[-60.4506,45.9918],[-60.445,45.9914],[-60.4295,46],[-60.4086,46],[-60.4139,45.9932],[-60.4165,45.9929],[-60.4249,45.9838],[-60.431,45.9824],[-60.4421,45.9743],[-60.4477,45.9715],[-60.4556,45.9705],[-60.4789,45.9579],[-60.4837,45.9504],[-60.4882,45.9482],[-60.4921,45.9503],[-60.496,45.9463],[-60.4911,45.9481],[-60.4889,45.9462],[-60.4949,45.9435],[-60.5,45.9445],[-60.5,46]],[[-60.0615,45.8648],[-60.0593,45.8662],[-60.0604,45.8673],[-60.0626,45.865],[-60.0615,45.8648]],[[-60.1118,45.7649],[-60.1105,45.7673],[-60.1064,45.7682],[-60.1096,45.7699],[-60.1165,45.7657],[-60.1118,45.7649]],[[-60.2157,45.7524],[-60.2151,45.7511],[-60.2136,45.7531],[-60.2157,45.7524]],[[-60.2212,45.7563],[-60.2228,45.7539],[-60.2176,45.7527],[-60.2153,45.7541],[-60.2155,45.7554],[-60.2212,45.7563]],[[-60.2364,45.7186],[-60.2317,45.7156],[-60.2281,45.7169],[-60.23,45.7194],[-60.2364,45.7186]],[[-60.3091,45.7148],[-60.3081,45.7177],[-60.3106,45.7194],[-60.3159,45.713],[-60.308,45.7124],[-60.3091,45.7148]],[[-60.3488,45.7169],[-60.3477,45.7163],[-60.3488,45.7148],[-60.345,45.7148],[-60.3473,45.7178],[-60.3488,45.7169]]],[[[-59.5,46],[-59.5,45.5],[-60,45.5],[-60,46],[-59.5,46]],[[-59.7703,46],[-59.7702,45.9967],[-59.7604,45.9997],[-59.7598,45.9967],[-59.7581,45.9959],[-59.7543,45.9976],[-59.7537,46],[-59.7461,46],[-59.7398,45.998],[-59.7388,45.9949],[-59.7372,45.9948],[-59.7325,45.9953],[-59.7315,46],[-59.7227,46],[-59.7193,45.9971],[-59.7176,45.9987],[-59.7076,45.9928],[-59.7051,45.9941],[-59.6998,45.9916],[-59.698,45.9978],[-59.7018,45.9976],[-59.7046,46],[-59.7703,46]],[[-59.7752,45.9983],[-59.7734,45.9982],[-59.7741,45.9996],[-59.7752,45.9983]],[[-60,46],[-60,45.8773],[-59.9967,45.878],[-59.9947,45.8762],[-59.9956,45.873],[-59.9942,45.8725],[-59.9938,45.8743],[-59.9906,45.8753],[-59.9932,45.8771],[-59.9921,45.8804],[-59.9791,45.8859],[-59.975,45.8859],[-59.9791,45.8902],[-59.9721,45.8936],[-59.9719,45.8947],[-59.974,45.8945],[-59.972,45.8969],[-59.976,45.894],[-59.98,45.8941],[-59.9797,45.8929],[-59.9822,45.8946],[-59.9855,45.8929],[-59.9924,45.8939],[-59.9981,45.8908],[-59.998,45.8935],[-59.9793,45.9089],[-59.9774,45.9142],[-59.9783,45.916],[-59.9691,45.9186],[-59.9627,45.9227],[-59.9588,45.92],[-59.9683,45.9096],[-59.9638,45.906],[-59.9566,45.9056],[-59.9515,45.9095],[-59.9457,45.9106],[-59.9444,45.9118],[-59.9459,45.9137],[-59.9425,45.9138],[-59.943,45.9165],[-59.9372,45.9167],[-59.936,45.915],[-59.9328,45.9145],[-59.9278,45.917],[-59.9234,45.9151],[-59.9212,45.9182],[-59.9168,45.9199],[-59.9237,45.9279],[-59.9313,45.9283],[-59.9311,45.9294],[-59.927,45.929],[-59.9288,45.9337],[-59.9271,45.9339],[-59.9247,45.9307],[-59.9171,45.9267],[-59.9087,45.9293],[-59.9085,45.932],[-59.9053,45.9359],[-59.8989,45.9342],[-59.8952,45.9358],[-59.8888,45.9347],[-59.8874,45.9359],[-59.8885,45.938],[-59.886,45.9386],[-59.884,45.9422],[-59.8782,45.9374],[-59.8754,45.9412],[-59.8717,45.9407],[-59.8706,45.9421],[-59.8674,45.9403],[-59.8629,45.9437],[-59.863,45.9466],[-59.8593,45.9493],[-59.8618,45.9535],[-59.8662,45.9565],[-59.8656,45.9581],[-59.8543,45.9495],[-59.8428,45.9522],[-59.8392,45.9486],[-59.8351,45.9565],[-59.8304,45.9559],[-59.8268,45.9514],[-59.8229,45.9541],[-59.8246,45.9494],[-59.8363,45.9444],[-59.8218,45.9437],[-59.8196,45.941],[-59.8091,45.9442],[-59.803,45.9436],[-59.8057,45.9469],[-59.8011,45.9509],[-59.7913,45.9496],[-59.7872,45.951],[-59.7914,45.9559],[-59.802,45.9572],[-59.8065,45.9618],[-59.8027,45.9664],[-59.8113,45.9709],[-59.8122,45.9745],[-59.8194,45.9808],[-59.8419,45.9886],[-59.8474,45.9937],[-59.8471,46],[-59.9426,46],[-59.9574,45.9895],[-59.9651,45.9906],[-59.9654,45.9888],[-59.9672,45.9896],[-59.9688,45.9869],[-59.9719,45.9858],[-59.9743,45.9906],[-59.9876,45.9864],[-59.9919,45.9889],[-59.9831,45.9923],[-59.9868,45.9937],[-59.9825,45.9972],[-59.9826,45.9936],[-59.9802,45.993],[-59.9802,45.9946],[-59.9771,45.9954],[-59.9733,46],[-59.9708,45.9992],[-59.9718,45.9968],[-59.967,46],[-59.9587,46],[-59.9619,45.9989],[-59.9611,45.9978],[-59.9564,45.9971],[-59.9537,46],[-60,46]],[[-59.7887,45.9386],[-59.792,45.9385],[-59.7895,45.9374],[-59.7887,45.9386]],[[-59.7921,45.9611],[-59.7916,45.9623],[-59.7939,45.9638],[-59.7956,45.9622],[-59.7921,45.9611]],[[-59.8309,45.942],[-59.8294,45.9415],[-59.829,45.9437],[-59.8309,45.942]],[[-59.9602,45.8932],[-59.9586,45.8947],[-59.9622,45.8948],[-59.9602,45.8932]],[[-59.9628,45.8982],[-59.9593,45.8981],[-59.9606,45.8993],[-59.9628,45.8982]],[[-59.9719,45.9956],[-59.9742,45.9959],[-59.9744,45.9942],[-59.9719,45.9956]],[[-59.9755,45.9918],[-59.9763,45.994],[-59.9779,45.992],[-59.9755,45.9918]]],[[[-60.5,46.5],[-60.5,46],[-61,46],[-61,46.5],[-60.5,46.5]],[[-61,46.5],[-61,46],[-60.5,46],[-60.5,46.1049],[-60.5134,46.0943],[-60.5208,46.0929],[-60.5244,46.0885],[-60.5348,46.0839],[-60.5364,46.0814],[-60.5411,46.079],[-60.5463,46.0781],[-60.5505,46.0736],[-60.5579,46.0736],[-60.5696,46.0698],[-60.5809,46.0597],[-60.6381,46.0323],[-60.6424,46.0286],[-60.643,46.0252],[-60.6471,46.0226],[-60.6533,46.0226],[-60.6507,46.0256],[-60.6532,46.0256],[-60.6594,46.0199],[-60.6667,46.0198],[-60.6736,46.0139],[-60.6764,46.0133],[-60.6685,46.0196],[-60.6694,46.0217],[-60.6801,46.0152],[-60.6923,46.0119],[-60.7016,46.0073],[-60.7105,46],[-60.8058,46],[-60.7823,46.0157],[-60.776,46.0236],[-60.7852,46.0199],[-60.7931,46.0226],[-60.7815,46.0247],[-60.7752,46.0294],[-60.7695,46.0294],[-60.7637,46.0363],[-60.7611,46.0441],[-60.7405,46.0576],[-60.741,46.0624],[-60.7373,46.0665],[-60.7372,46.0698],[-60.7426,46.0709],[-60.7513,46.0763],[-60.7542,46.0729],[-60.7727,46.0694],[-60.778,46.0653],[-60.7925,46.0583],[-60.7963,46.0596],[-60.7981,46.056],[-60.8097,46.0524],[-60.8203,46.0444],[-60.8297,46.0424],[-60.83,46.0406],[-60.8334,46.0409],[-60.8302,46.0456],[-60.8258,46.0486],[-60.8235,46.0481],[-60.824,46.0515],[-60.8278,46.0526],[-60.8359,46.0492],[-60.834,46.0477],[-60.8364,46.0439],[-60.8438,46.0376],[-60.8503,46.0352],[-60.8502,46.033],[-60.846,46.0346],[-60.8455,46.0327],[-60.8524,46.0307],[-60.8584,46.0267],[-60.8591,46.0235],[-60.8667,46.0179],[-60.8678,46.0203],[-60.8623,46.0242],[-60.8645,46.0249],[-60.8646,46.0266],[-60.8551,46.0316],[-60.8614,46.0324],[-60.8565,46.0329],[-60.8526,46.0361],[-60.8589,46.037],[-60.8487,46.0413],[-60.8543,46.0432],[-60.8522,46.0464],[-60.8534,46.0485],[-60.8513,46.0506],[-60.8428,46.0526],[-60.8445,46.0541],[-60.8522,46.0536],[-60.8485,46.0559],[-60.8506,46.0561],[-60.8541,46.0539],[-60.8676,46.051],[-60.868,46.054],[-60.8654,46.0528],[-60.8624,46.0547],[-60.8659,46.0548],[-60.8638,46.0579],[-60.865,46.0585],[-60.8691,46.0577],[-60.8716,46.0538],[-60.8791,46.0483],[-60.8939,46.0466],[-60.8969,46.0444],[-60.8972,46.041],[-60.9003,46.0391],[-60.9117,46.0382],[-60.9123,46.041],[-60.9195,46.0411],[-60.9251,46.0384],[-60.924,46.0337],[-60.9161,46.0307],[-60.9113,46.0316],[-60.9023,46.0373],[-60.8992,46.0371],[-60.8989,46.0358],[-60.9023,46.0335],[-60.9025,46.0307],[-60.9066,46.028],[-60.8981,46.0231],[-60.9071,46.0209],[-60.9146,46.0214],[-60.9325,46.0162],[-60.9386,46.0116],[-60.9386,46.0085],[-60.9342,46.0091],[-60.9357,46.007],[-60.9321,46.0063],[-60.9382,46.0046],[-60.9377,46.0065],[-60.9469,46.0075],[-60.9553,46.0035],[-60.9543,46.0004],[-60.9563,46.0006],[-60.9572,46.0024],[-60.9625,46],[-61,46],[-60.9956,46.0048],[-60.9865,46.0092],[-60.985,46.0073],[-60.9906,46],[-60.9762,46],[-60.9714,46.0028],[-60.9675,46.0063],[-60.9675,46.0093],[-60.9706,46.0128],[-60.9754,46.0149],[-60.9638,46.0226],[-60.9641,46.0242],[-60.9599,46.0274],[-60.961,46.0299],[-60.9538,46.0325],[-60.9527,46.0362],[-60.9491,46.0402],[-60.9392,46.0447],[-60.9433,46.0455],[-60.9401,46.0498],[-60.9222,46.0529],[-60.9212,46.0562],[-60.9232,46.0567],[-60.9202,46.0588],[-60.9189,46.058],[-60.9206,46.0544],[-60.9189,46.0542],[-60.9128,46.0547],[-60.9074,46.0587],[-60.9064,46.0646],[-60.9091,46.0679],[-60.9077,46.0723],[-60.9096,46.0744],[-60.9036,46.0782],[-60.9061,46.0787],[-60.907,46.0806],[-60.9011,46.0844],[-60.9013,46.0865],[-60.8839,46.0914],[-60.8826,46.0942],[-60.8791,46.0951],[-60.8704,46.0935],[-60.867,46.0905],[-60.8625,46.0906],[-60.8594,46.0928],[-60.862,46.0972],[-60.8588,46.1038],[-60.8528,46.1037],[-60.8525,46.1024],[-60.86,46.0977],[-60.8594,46.0948],[-60.8547,46.0942],[-60.8619,46.0886],[-60.8613,46.0827],[-60.8652,46.0809],[-60.8732,46.0817],[-60.8872,46.0764],[-60.8916,46.0673],[-60.8909,46.0644],[-60.8783,46.0653],[-60.8739,46.0706],[-60.8751,46.0754],[-60.8616,46.0789],[-60.853,46.0723],[-60.84,46.0707],[-60.8237,46.0757],[-60.8045,46.0773],[-60.7835,46.086],[-60.7721,46.0877],[-60.7602,46.0927],[-60.7532,46.0934],[-60.7533,46.0968],[-60.7515,46.0956],[-60.7469,46.1007],[-60.7312,46.1083],[-60.7229,46.1176],[-60.7133,46.1233],[-60.7071,46.1296],[-60.7037,46.1283],[-60.704,46.1261],[-60.7009,46.1236],[-60.7085,46.1222],[-60.7139,46.1185],[-60.7172,46.1134],[-60.7174,46.1067],[-60.7204,46.1003],[-60.7161,46.0939],[-60.7017,46.1009],[-60.6805,46.1057],[-60.6738,46.1124],[-60.6583,46.1146],[-60.6559,46.1165],[-60.6485,46.1163],[-60.6425,46.1197],[-60.6385,46.1244],[-60.633,46.1252],[-60.6151,46.1347],[-60.6156,46.1383],[-60.6247,46.14],[-60.6331,46.1391],[-60.6375,46.1418],[-60.6295,46.1398],[-60.6277,46.1408],[-60.6291,46.1441],[-60.6245,46.1422],[-60.613,46.1432],[-60.5977,46.1487],[-60.5894,46.1542],[-60.5757,46.1739],[-60.5694,46.1786],[-60.565,46.1872],[-60.554,46.1974],[-60.5443,46.2102],[-60.535,46.212],[-60.5331,46.215],[-60.5301,46.216],[-60.5316,46.2201],[-60.5262,46.2198],[-60.5273,46.2213],[-60.5237,46.2243],[-60.5185,46.2237],[-60.506,46.2268],[-60.5041,46.2281],[-60.5037,46.2331],[-60.5,46.2366],[-60.5,46.3122],[-60.5109,46.3085],[-60.5189,46.3017],[-60.5278,46.2994],[-60.5382,46.2918],[-60.5489,46.2742],[-60.5489,46.2659],[-60.5529,46.2589],[-60.564,46.2439],[-60.5787,46.2312],[-60.5931,46.21],[-60.5984,46.2054],[-60.5996,46.2054],[-60.5978,46.2102],[-60.5985,46.2147],[-60.6002,46.2168],[-60.5967,46.2171],[-60.5983,46.2204],[-60.5945,46.2211],[-60.5986,46.2246],[-60.6037,46.2228],[-60.6164,46.2103],[-60.6207,46.2095],[-60.6104,46.2206],[-60.6084,46.2256],[-60.6096,46.2309],[-60.6059,46.2343],[-60.6002,46.2357],[-60.597,46.2405],[-60.597,46.2461],[-60.595,46.2487],[-60.603,46.2479],[-60.591,46.2553],[-60.5918,46.257],[-60.6205,46.2645],[-60.6189,46.2661],[-60.6114,46.265],[-60.6076,46.2676],[-60.6118,46.2769],[-60.6139,46.2925],[-60.6166,46.2967],[-60.613,46.2996],[-60.6087,46.2915],[-60.6088,46.2787],[-60.5995,46.2682],[-60.5915,46.269],[-60.572,46.2778],[-60.5666,46.2822],[-60.564,46.2877],[-60.5539,46.2965],[-60.5476,46.3071],[-60.5422,46.2925],[-60.5429,46.2901],[-60.5409,46.29],[-60.5448,46.3042],[-60.543,46.3198],[-60.5376,46.3257],[-60.5378,46.3275],[-60.5341,46.3313],[-60.529,46.3418],[-60.5261,46.3394],[-60.5325,46.3338],[-60.5327,46.3312],[-60.535,46.329],[-60.5325,46.3302],[-60.5305,46.3342],[-60.5245,46.3397],[-60.522,46.346],[-60.5172,46.3494],[-60.5227,46.3607],[-60.5228,46.3732],[-60.518,46.3787],[-60.5,46.39],[-60.5,46.5],[-61,46.5]],[[-60.5,46.2178],[-60.5049,46.215],[-60.508,46.2096],[-60.5125,46.2078],[-60.5135,46.2053],[-60.53,46.1967],[-60.5444,46.1922],[-60.5522,46.1874],[-60.5596,46.1756],[-60.5677,46.1712],[-60.5677,46.1687],[-60.5743,46.1569],[-60.5803,46.1517],[-60.583,46.1461],[-60.5892,46.1425],[-60.5903,46.1374],[-60.5947,46.1322],[-60.6159,46.1194],[-60.6302,46.1138],[-60.6341,46.1093],[-60.6469,46.1002],[-60.654,46.1],[-60.653,46.0959],[-60.6599,46.0905],[-60.6587,46.0857],[-60.6665,46.077],[-60.6666,46.074],[-60.659,46.0715],[-60.646,46.0729],[-60.6362,46.0771],[-60.6293,46.0829],[-60.6095,46.0865],[-60.5976,46.0916],[-60.596,46.0974],[-60.5838,46.1039],[-60.5774,46.1116],[-60.5682,46.1183],[-60.5381,46.1302],[-60.5301,46.136],[-60.5283,46.139],[-60.5299,46.14],[-60.5389,46.1347],[-60.54,46.1326],[-60.5526,46.126],[-60.5555,46.1259],[-60.5494,46.1323],[-60.5288,46.1478],[-60.5,46.163],[-60.5,46.2178]],[[-60.5311,46.2129],[-60.5273,46.2122],[-60.5238,46.2145],[-60.5267,46.2151],[-60.5311,46.2129]],[[-60.7424,46.0956],[-60.7427,46.0984],[-60.7502,46.0944],[-60.7504,46.093],[-60.749,46.0922],[-60.7424,46.0956]],[[-60.84,46.0509],[-60.8392,46.0524],[-60.8418,46.0508],[-60.84,46.0509]]],[[[-60,46.5],[-60,46],[-60.5,46],[-60.5,46.5],[-60,46.5]],[[-60.5,46.5],[-60.5,46],[-60,46],[-60,46.2174],[-60.0039,46.2204],[-60.0091,46.2207],[-60.016,46.2165],[-60.0289,46.214],[-60.0383,46.2201],[-60.0413,46.2233],[-60.043,46.2287],[-60.0443,46.2274],[-60.0419,46.2207],[-60.0365,46.2169],[-60.0369,46.2145],[-60.049,46.2101],[-60.0534,46.2108],[-60.0578,46.2068],[-60.0603,46.208],[-60.058,46.2102],[-60.0602,46.2117],[-60.071,46.2093],[-60.072,46.2112],[-60.0799,46.215],[-60.083,46.2139],[-60.0816,46.2114],[-60.0849,46.2099],[-60.0831,46.211],[-60.0856,46.2138],[-60.0834,46.2162],[-60.0854,46.2177],[-60.079,46.2179],[-60.069,46.2236],[-60.0579,46.226],[-60.0571,46.2285],[-60.0355,46.2299],[-60.0367,46.2351],[-60.0332,46.2401],[-60.0277,46.2423],[-60.0433,46.2485],[-60.061,46.2525],[-60.0786,46.254],[-60.0942,46.2603],[-60.1212,46.2631],[-60.1256,46.267],[-60.1287,46.2667],[-60.1358,46.2616],[-60.1343,46.2589],[-60.138,46.2556],[-60.1538,46.2501],[-60.1689,46.2422],[-60.1786,46.2328],[-60.1873,46.2188],[-60.1917,46.215],[-60.1978,46.2113],[-60.2046,46.2108],[-60.2072,46.2076],[-60.2125,46.2051],[-60.2098,46.205],[-60.2037,46.2101],[-60.1984,46.2098],[-60.2032,46.2022],[-60.2048,46.1898],[-60.2039,46.1861],[-60.1953,46.1728],[-60.1952,46.1692],[-60.1973,46.1659],[-60.2016,46.1629],[-60.1988,46.1613],[-60.1969,46.1567],[-60.2011,46.1589],[-60.2048,46.1572],[-60.2062,46.1536],[-60.1939,46.1498],[-60.1859,46.1452],[-60.1883,46.1403],[-60.1894,46.1438],[-60.1938,46.1486],[-60.203,46.1503],[-60.2032,46.144],[-60.1975,46.1397],[-60.1961,46.1309],[-60.1998,46.1268],[-60.2097,46.1215],[-60.219,46.1129],[-60.2308,46.1121],[-60.2298,46.1092],[-60.237,46.1019],[-60.2416,46.1051],[-60.2331,46.1079],[-60.2315,46.1095],[-60.232,46.113],[-60.2208,46.1147],[-60.2045,46.1363],[-60.2188,46.1498],[-60.222,46.15],[-60.2206,46.148],[-60.2253,46.149],[-60.2202,46.1524],[-60.2177,46.1583],[-60.2249,46.161],[-60.2178,46.1607],[-60.219,46.1656],[-60.2269,46.176],[-60.225,46.1826],[-60.2285,46.1871],[-60.2332,46.1875],[-60.2441,46.1844],[-60.2484,46.1811],[-60.2598,46.1774],[-60.2663,46.1716],[-60.2703,46.1701],[-60.2738,46.1643],[-60.2836,46.1626],[-60.2965,46.1513],[-60.2977,46.1516],[-60.2964,46.1554],[-60.3054,46.1513],[-60.3081,46.1517],[-60.3019,46.1614],[-60.3057,46.1645],[-60.3047,46.1669],[-60.3103,46.1662],[-60.3197,46.1605],[-60.3239,46.1597],[-60.304,46.171],[-60.2989,46.1714],[-60.2913,46.1784],[-60.2795,46.1825],[-60.2741,46.1883],[-60.2645,46.1916],[-60.2557,46.202],[-60.2521,46.2025],[-60.2519,46.2057],[-60.2472,46.2087],[-60.2416,46.2089],[-60.2426,46.2109],[-60.2401,46.2128],[-60.2364,46.2105],[-60.2372,46.2136],[-60.2351,46.2172],[-60.227,46.2237],[-60.225,46.2292],[-60.218,46.2316],[-60.2132,46.2421],[-60.2104,46.2431],[-60.2119,46.2504],[-60.2049,46.2514],[-60.2082,46.2597],[-60.2069,46.2622],[-60.2143,46.2593],[-60.2281,46.2631],[-60.2299,46.2611],[-60.2345,46.2612],[-60.2428,46.2643],[-60.2445,46.2669],[-60.2432,46.2684],[-60.2522,46.2686],[-60.2546,46.2711],[-60.2533,46.2751],[-60.2576,46.2785],[-60.2561,46.2837],[-60.2671,46.292],[-60.2669,46.2973],[-60.2704,46.2998],[-60.2686,46.3047],[-60.2714,46.3096],[-60.277,46.3114],[-60.2794,46.3142],[-60.2856,46.3106],[-60.2809,46.3068],[-60.2856,46.304],[-60.285,46.3012],[-60.2867,46.2961],[-60.2843,46.2931],[-60.2849,46.2906],[-60.2885,46.2884],[-60.2926,46.2884],[-60.295,46.2848],[-60.3012,46.2806],[-60.2952,46.2721],[-60.2935,46.2662],[-60.2932,46.2624],[-60.2969,46.2589],[-60.2944,46.2555],[-60.2952,46.2458],[-60.2976,46.243],[-60.3021,46.2431],[-60.3035,46.24],[-60.3003,46.2365],[-60.303,46.2305],[-60.3175,46.2112],[-60.3267,46.2059],[-60.3263,46.2078],[-60.3228,46.2095],[-60.3227,46.2128],[-60.33,46.2143],[-60.3417,46.2077],[-60.3432,46.208],[-60.3424,46.2117],[-60.3506,46.209],[-60.3484,46.2119],[-60.3538,46.212],[-60.3688,46.2095],[-60.3882,46.2029],[-60.4015,46.1874],[-60.4097,46.1743],[-60.4114,46.1677],[-60.4166,46.1632],[-60.4301,46.1444],[-60.4326,46.1428],[-60.4316,46.1462],[-60.4376,46.1431],[-60.4308,46.152],[-60.4389,46.1465],[-60.4474,46.1455],[-60.4513,46.1414],[-60.4598,46.1376],[-60.4657,46.1315],[-60.4719,46.1282],[-60.4753,46.1232],[-60.4809,46.1197],[-60.4852,46.119],[-60.486,46.1154],[-60.4917,46.1093],[-60.4973,46.1047],[-60.5,46.1049],[-60.5,46],[-60.4293,46],[-60.4233,46.0012],[-60.4098,46.0109],[-60.4018,46.0128],[-60.3975,46.0159],[-60.3731,46.0249],[-60.3703,46.0235],[-60.3642,46.0238],[-60.3754,46.022],[-60.3798,46.0179],[-60.3927,46.0122],[-60.3966,46.0083],[-60.3998,46.0081],[-60.4004,46.0096],[-60.4074,46.0045],[-60.4086,46],[-60.5,46],[-60.5,46.2366],[-60.4966,46.2393],[-60.4885,46.251],[-60.4844,46.2512],[-60.4852,46.2535],[-60.4797,46.2571],[-60.4763,46.2619],[-60.4688,46.2673],[-60.4608,46.2689],[-60.4575,46.2713],[-60.4398,46.2902],[-60.438,46.291],[-60.4357,46.2872],[-60.4321,46.2864],[-60.4168,46.2927],[-60.4192,46.3071],[-60.4187,46.3146],[-60.4168,46.3174],[-60.4194,46.3255],[-60.4144,46.3342],[-60.4152,46.3422],[-60.4278,46.3459],[-60.4335,46.3446],[-60.448,46.3458],[-60.4688,46.3365],[-60.4861,46.3197],[-60.4933,46.3144],[-60.5,46.3122],[-60.5,46.39],[-60.4942,46.3925],[-60.4823,46.4025],[-60.476,46.4125],[-60.4692,46.4164],[-60.4666,46.422],[-60.4637,46.4234],[-60.4576,46.4306],[-60.4601,46.4428],[-60.4587,46.4474],[-60.4592,46.4533],[-60.4438,46.4809],[-60.4387,46.4841],[-60.4345,46.5],[-60.5,46.5]],[[-60.2997,46.3351],[-60.3032,46.3318],[-60.3128,46.3303],[-60.3174,46.3251],[-60.3225,46.3253],[-60.33,46.3228],[-60.3379,46.3244],[-60.3468,46.3234],[-60.3508,46.3249],[-60.3512,46.3268],[-60.361,46.3252],[-60.3617,46.3239],[-60.36,46.322],[-60.363,46.3178],[-60.3807,46.3074],[-60.3929,46.3052],[-60.3966,46.3001],[-60.4115,46.292],[-60.4227,46.2837],[-60.4259,46.2782],[-60.4308,46.2766],[-60.4324,46.275],[-60.4325,46.2699],[-60.4369,46.2644],[-60.454,46.2526],[-60.4688,46.2461],[-60.4781,46.2397],[-60.4918,46.2264],[-60.4948,46.2255],[-60.5,46.2178],[-60.5,46.163],[-60.4765,46.1722],[-60.4622,46.1805],[-60.4222,46.219],[-60.4109,46.2269],[-60.4072,46.2261],[-60.4074,46.2241],[-60.4039,46.2237],[-60.3965,46.2269],[-60.3788,46.2392],[-60.3718,46.2416],[-60.3618,46.2391],[-60.3558,46.2351],[-60.3547,46.2315],[-60.3489,46.2321],[-60.3445,46.2272],[-60.3459,46.2245],[-60.3442,46.2245],[-60.3358,46.2275],[-60.3318,46.2326],[-60.3254,46.2313],[-60.3126,46.2422],[-60.3007,46.2482],[-60.3022,46.2507],[-60.3013,46.2525],[-60.2959,46.2531],[-60.2958,46.2558],[-60.298,46.2587],[-60.2952,46.262],[-60.295,46.2673],[-60.3024,46.2814],[-60.2938,46.289],[-60.288,46.2898],[-60.2858,46.2919],[-60.2889,46.2971],[-60.288,46.3012],[-60.287,46.3009],[-60.288,46.3076],[-60.2866,46.3117],[-60.2898,46.3146],[-60.291,46.3182],[-60.287,46.3238],[-60.2926,46.3339],[-60.2919,46.3368],[-60.2997,46.3351]],[[-60.3797,46.3784],[-60.37,46.3867],[-60.3694,46.3889],[-60.3804,46.3796],[-60.3797,46.3784]],[[-60.3979,46.3629],[-60.3901,46.37],[-60.3974,46.3657],[-60.4005,46.3626],[-60.3979,46.3629]],[[-60.3965,46.1971],[-60.394,46.1994],[-60.398,46.198],[-60.3965,46.1971]],[[-60.4074,46.1968],[-60.4105,46.1943],[-60.418,46.1817],[-60.4202,46.1748],[-60.4198,46.1713],[-60.4236,46.1656],[-60.4233,46.1621],[-60.4176,46.1646],[-60.4136,46.1701],[-60.411,46.1775],[-60.4023,46.1924],[-60.4015,46.1974],[-60.4074,46.1968]],[[-60.493,46.2351],[-60.4955,46.2373],[-60.4971,46.2351],[-60.493,46.2351]],[[-60.5,46.2309],[-60.4967,46.2332],[-60.497,46.2343],[-60.5,46.2331],[-60.5,46.2309]]],[[[-59.5,46.5],[-59.5,46],[-60,46],[-60,46.5],[-59.5,46.5]],[[-59.6926,46.0342],[-59.6988,46.0331],[-59.7042,46.0345],[-59.7205,46.0318],[-59.725,46.0298],[-59.7262,46.0276],[-59.7337,46.025],[-59.7335,46.0191],[-59.7465,46.0169],[-59.746,46.0141],[-59.7674,46.0157],[-59.7722,46.0122],[-59.789,46.0092],[-59.7957,46.0062],[-59.7959,46.0034],[-59.7717,46.0009],[-59.7703,46.0031],[-59.7703,46],[-59.7494,46.001],[-59.7315,46],[-59.7334,46.004],[-59.7322,46.0049],[-59.7227,46],[-59.7046,46],[-59.7067,46.0018],[-59.7076,46.0065],[-59.7052,46.0088],[-59.7146,46.0146],[-59.7149,46.0164],[-59.7128,46.0164],[-59.7137,46.0196],[-59.7116,46.02],[-59.7138,46.0234],[-59.7112,46.0226],[-59.7055,46.0259],[-59.6993,46.0229],[-59.6941,46.0286],[-59.6901,46.0297],[-59.6889,46.0329],[-59.6771,46.0339],[-59.6755,46.035],[-59.6825,46.0359],[-59.6926,46.0342]],[[-59.6885,46.0211],[-59.6847,46.0208],[-59.6827,46.0236],[-59.684,46.0246],[-59.6885,46.0211]],[[-60,46],[-59.8471,46],[-59.8426,46.0038],[-59.8428,46.0063],[-59.8383,46.0067],[-59.8371,46.0056],[-59.838,46.0042],[-59.8334,46.004],[-59.8298,46.0058],[-59.8245,46.005],[-59.8222,46.0075],[-59.8251,46.0113],[-59.8408,46.0162],[-59.8832,46.0087],[-59.8938,46.004],[-59.9082,46.0072],[-59.9166,46.0075],[-59.9282,46.0057],[-59.9337,46.0017],[-59.9358,46.0064],[-59.9404,46.0041],[-59.9398,46.0029],[-59.9426,46],[-59.9733,46],[-59.967,46],[-59.9641,46.0038],[-59.9707,46.0028],[-59.9674,46.0058],[-59.9615,46.0055],[-59.959,46.0035],[-59.9523,46.0039],[-59.9587,46],[-59.9537,46],[-59.948,46.006],[-59.9371,46.009],[-59.9394,46.0126],[-59.9455,46.0101],[-59.9515,46.0107],[-59.9559,46.0148],[-59.9595,46.0123],[-59.9616,46.0126],[-59.9573,46.0187],[-59.9623,46.0187],[-59.9658,46.0152],[-59.9691,46.0155],[-59.9668,46.021],[-59.9641,46.0196],[-59.9664,46.0234],[-59.9683,46.0351],[-59.9567,46.0466],[-59.9396,46.0492],[-59.9366,46.0502],[-59.9361,46.0521],[-59.9313,46.0524],[-59.926,46.0512],[-59.9222,46.0462],[-59.9117,46.0511],[-59.8973,46.0527],[-59.8906,46.0579],[-59.8909,46.0648],[-59.8935,46.0674],[-59.8916,46.0681],[-59.8925,46.0697],[-59.8912,46.0716],[-59.8951,46.0777],[-59.8941,46.0798],[-59.8882,46.0819],[-59.8881,46.0852],[-59.884,46.0895],[-59.8965,46.0862],[-59.8898,46.0916],[-59.8951,46.0923],[-59.8967,46.0977],[-59.8949,46.1003],[-59.9031,46.0997],[-59.904,46.1014],[-59.9063,46.1014],[-59.9029,46.1039],[-59.9037,46.106],[-59.8968,46.1098],[-59.8979,46.1115],[-59.8969,46.1133],[-59.8791,46.1229],[-59.8726,46.1325],[-59.8692,46.1311],[-59.8694,46.1346],[-59.8621,46.142],[-59.8638,46.1435],[-59.8637,46.1461],[-59.8593,46.1513],[-59.8523,46.1555],[-59.8532,46.159],[-59.8521,46.1611],[-59.8386,46.1679],[-59.8231,46.168],[-59.8137,46.1704],[-59.8129,46.1733],[-59.8172,46.1803],[-59.8292,46.1829],[-59.84,46.1783],[-59.8454,46.1776],[-59.8494,46.1813],[-59.8592,46.1845],[-59.8591,46.1889],[-59.8633,46.1889],[-59.8681,46.1915],[-59.8812,46.1915],[-59.9021,46.1866],[-59.9054,46.1812],[-59.9146,46.178],[-59.9188,46.1744],[-59.9263,46.1727],[-59.9533,46.156],[-59.9463,46.1626],[-59.9506,46.1681],[-59.9507,46.1703],[-59.9454,46.1724],[-59.9409,46.1796],[-59.9372,46.1817],[-59.9325,46.1789],[-59.9226,46.1775],[-59.9219,46.1758],[-59.9176,46.1777],[-59.9352,46.1815],[-59.934,46.1853],[-59.94,46.1919],[-59.9389,46.1956],[-59.9419,46.1974],[-59.9488,46.1976],[-59.9506,46.2003],[-59.9504,46.2083],[-59.9534,46.216],[-59.9526,46.2171],[-59.9609,46.2173],[-59.9678,46.2205],[-59.9722,46.2195],[-59.9778,46.2219],[-59.9958,46.2166],[-60,46.2174],[-60,46]],[[-59.8579,46.1107],[-59.8765,46.1036],[-59.886,46.0966],[-59.8845,46.0931],[-59.8813,46.0911],[-59.8861,46.0854],[-59.8872,46.081],[-59.8832,46.08],[-59.8826,46.0786],[-59.8849,46.0722],[-59.8783,46.0708],[-59.8693,46.0735],[-59.8565,46.0842],[-59.8429,46.0906],[-59.831,46.1002],[-59.8278,46.1056],[-59.8205,46.1106],[-59.8175,46.1162],[-59.7999,46.1256],[-59.7983,46.1278],[-59.8017,46.129],[-59.8118,46.126],[-59.8239,46.1162],[-59.8531,46.1096],[-59.8579,46.1107]]],[[[-60.5,47],[-60.5,46.5],[-61,46.5],[-61,47],[-60.5,47]],[[-61,46.5],[-60.5,46.5],[-60.5,46.8973],[-60.5065,46.9002],[-60.5131,46.9056],[-60.5105,46.9086],[-60.5031,46.9085],[-60.5018,46.9116],[-60.5,46.9119],[-60.5,47],[-60.6473,47],[-60.6637,46.9829],[-60.6689,46.9756],[-60.6713,46.9655],[-60.6804,46.9564],[-60.6821,46.9374],[-60.6848,46.9358],[-60.6843,46.9327],[-60.6872,46.9284],[-60.6871,46.9207],[-60.6916,46.9134],[-60.6952,46.9119],[-60.7039,46.9016],[-60.7337,46.8787],[-60.7632,46.8639],[-60.7682,46.8595],[-60.774,46.8486],[-60.7964,46.8318],[-60.8163,46.8254],[-60.839,46.8232],[-60.8488,46.82],[-60.867,46.8064],[-60.8748,46.8043],[-60.8775,46.8004],[-60.8771,46.7967],[-60.8807,46.7971],[-60.892,46.7887],[-60.8966,46.7815],[-60.8968,46.7775],[-60.9058,46.7685],[-60.9103,46.7552],[-60.9213,46.7394],[-60.9292,46.7226],[-60.9396,46.7123],[-60.9413,46.7078],[-60.947,46.7033],[-60.9536,46.6946],[-60.9591,46.6918],[-60.9626,46.6872],[-60.9602,46.6853],[-60.9615,46.6801],[-60.9596,46.677],[-60.9598,46.6696],[-60.9556,46.6633],[-60.9568,46.6607],[-60.9645,46.6687],[-60.9625,46.6712],[-60.9814,46.6573],[-60.9873,46.6549],[-60.9917,46.6556],[-60.9928,46.6536],[-60.9983,46.6518],[-61,46.6489],[-61,46.5]],[[-60.5,46.9077],[-60.5012,46.9016],[-60.5,46.9016],[-60.5,46.9077]]],[[[-60,47],[-60,46.5],[-60.5,46.5],[-60.5,47],[-60,47]],[[-60.5,47],[-60.5,46.5],[-60.4345,46.5],[-60.4305,46.5077],[-60.4172,46.5205],[-60.4169,46.5308],[-60.4126,46.5353],[-60.4092,46.5479],[-60.3953,46.5644],[-60.3897,46.5737],[-60.3794,46.5842],[-60.3764,46.5915],[-60.3722,46.594],[-60.3689,46.6008],[-60.3617,46.6046],[-60.3605,46.6074],[-60.3515,46.6147],[-60.3503,46.6271],[-60.3517,46.6283],[-60.3731,46.6295],[-60.3888,46.6325],[-60.3881,46.6301],[-60.394,46.6282],[-60.4024,46.6295],[-60.4153,46.6284],[-60.4182,46.6308],[-60.4243,46.6294],[-60.43,46.632],[-60.4269,46.6339],[-60.4096,46.6336],[-60.4046,46.6367],[-60.3965,46.6369],[-60.3944,46.6391],[-60.3907,46.6375],[-60.3886,46.6339],[-60.3915,46.6419],[-60.39,46.6511],[-60.3878,46.6535],[-60.3601,46.6557],[-60.3525,46.6524],[-60.3492,46.6536],[-60.3501,46.6559],[-60.3547,46.6556],[-60.3549,46.6579],[-60.3579,46.6569],[-60.3642,46.6594],[-60.3841,46.6566],[-60.3987,46.6616],[-60.4032,46.6616],[-60.4058,46.6651],[-60.4055,46.6732],[-60.4027,46.681],[-60.3962,46.6852],[-60.3851,46.6878],[-60.3827,46.6853],[-60.3746,46.6903],[-60.3697,46.6895],[-60.363,46.6913],[-60.3601,46.691],[-60.3569,46.6882],[-60.3547,46.6897],[-60.3554,46.6941],[-60.3536,46.6967],[-60.3434,46.7004],[-60.3513,46.7103],[-60.3493,46.7226],[-60.3393,46.7273],[-60.332,46.7337],[-60.3255,46.744],[-60.3255,46.7478],[-60.3223,46.7526],[-60.3229,46.7569],[-60.3265,46.7604],[-60.3236,46.7625],[-60.3223,46.7677],[-60.3335,46.7752],[-60.3236,46.7793],[-60.3177,46.7848],[-60.3189,46.7917],[-60.323,46.7944],[-60.3304,46.8075],[-60.3322,46.8068],[-60.3364,46.8088],[-60.3174,46.8065],[-60.3204,46.8101],[-60.3157,46.8134],[-60.3188,46.8205],[-60.3219,46.8213],[-60.3119,46.8249],[-60.3074,46.8378],[-60.3051,46.839],[-60.3065,46.8412],[-60.3054,46.8455],[-60.3028,46.8463],[-60.3026,46.8489],[-60.3036,46.851],[-60.3119,46.8542],[-60.3122,46.8578],[-60.3172,46.8625],[-60.3355,46.8701],[-60.3366,46.8759],[-60.3516,46.8839],[-60.3539,46.8735],[-60.366,46.8745],[-60.369,46.8698],[-60.3735,46.8705],[-60.3761,46.8691],[-60.3821,46.8717],[-60.3874,46.871],[-60.3933,46.8724],[-60.3963,46.8708],[-60.403,46.8708],[-60.4053,46.8723],[-60.4044,46.8748],[-60.406,46.8759],[-60.4139,46.8741],[-60.4164,46.8745],[-60.4182,46.8772],[-60.4211,46.8757],[-60.4257,46.8771],[-60.4377,46.8866],[-60.4415,46.8934],[-60.4462,46.8949],[-60.4527,46.9032],[-60.4614,46.9017],[-60.46,46.9043],[-60.4527,46.9051],[-60.4595,46.9197],[-60.4567,46.907],[-60.46,46.9064],[-60.4627,46.9038],[-60.4668,46.9059],[-60.4738,46.9029],[-60.4727,46.9068],[-60.4764,46.9075],[-60.4776,46.9058],[-60.485,46.9041],[-60.4928,46.8984],[-60.5,46.8973],[-60.5,46.9119],[-60.4924,46.9133],[-60.4881,46.9179],[-60.4823,46.9192],[-60.4787,46.9219],[-60.478,46.9275],[-60.472,46.9317],[-60.4643,46.9322],[-60.464,46.9356],[-60.4602,46.9222],[-60.4618,46.9336],[-60.4613,46.947],[-60.4571,46.9548],[-60.4421,46.9683],[-60.4268,46.9786],[-60.4159,46.9904],[-60.4042,46.9965],[-60.4017,47],[-60.5,47]],[[-60.3409,46.6809],[-60.3373,46.6823],[-60.3381,46.6859],[-60.3445,46.6868],[-60.3476,46.6835],[-60.3409,46.6809]],[[-60.4832,46.911],[-60.4819,46.912],[-60.484,46.9135],[-60.4878,46.9133],[-60.4832,46.911]],[[-60.4992,46.9089],[-60.5,46.9016],[-60.4943,46.9026],[-60.4949,46.9055],[-60.4981,46.9063],[-60.4966,46.9088],[-60.4939,46.907],[-60.4947,46.9108],[-60.4962,46.9119],[-60.4992,46.9089]]],[[[-59.5,47],[-59.5,46.5],[-60,46.5],[-60,47],[-59.5,47]]],[[[-125,48.5],[-124.5,48.5],[-124.5,48.4309],[-124.7272,48.4934],[-124.8135,48.4984],[-124.8574,48.4975],[-124.9038,48.4935],[-124.9523,48.4866],[-125,48.4773],[-125,48.5]]],[[[-124.5,48.5],[-124,48.5],[-124,48.2946],[-124.0121,48.2967],[-124.5,48.4309],[-124.5,48.5]],[[-124.3019,48.5],[-124.2981,48.4949],[-124.292,48.4905],[-124.2944,48.4877],[-124.2929,48.4849],[-124.2729,48.4799],[-124.2508,48.4704],[-124.2072,48.4575],[-124.1857,48.4542],[-124.183,48.4524],[-124.1679,48.4513],[-124.1534,48.4455],[-124.1467,48.446],[-124.1446,48.4436],[-124.1162,48.4389],[-124.1112,48.4336],[-124.1076,48.4321],[-124.0963,48.4345],[-124.0884,48.4297],[-124.0698,48.4224],[-124.0581,48.4224],[-124.0467,48.4197],[-124.0397,48.421],[-124.0305,48.417],[-124.0183,48.4146],[-124.0121,48.4109],[-124,48.4086],[-124,48.5],[-124.3019,48.5]]],[[[-124,48.5],[-123.5,48.5],[-123.5,48.2329],[-123.5412,48.2246],[-123.6791,48.24],[-124,48.2946],[-124,48.5]],[[-124,48.5],[-124,48.4086],[-123.9938,48.4067],[-123.9889,48.4019],[-123.9862,48.395],[-123.9825,48.3952],[-123.9754,48.3923],[-123.9718,48.3947],[-123.9671,48.3938],[-123.9566,48.3961],[-123.9504,48.3956],[-123.9402,48.3845],[-123.9214,48.3764],[-123.8909,48.3825],[-123.8631,48.379],[-123.8488,48.3728],[-123.8363,48.37],[-123.822,48.3566],[-123.7959,48.3644],[-123.7851,48.3642],[-123.7784,48.3685],[-123.7727,48.368],[-123.7662,48.371],[-123.7564,48.3648],[-123.7538,48.359],[-123.7339,48.3538],[-123.7168,48.3589],[-123.7116,48.3583],[-123.7163,48.3604],[-123.7254,48.3572],[-123.7263,48.3606],[-123.7314,48.3635],[-123.7262,48.3711],[-123.7195,48.3732],[-123.7141,48.378],[-123.706,48.3821],[-123.7006,48.383],[-123.6982,48.3817],[-123.6994,48.3837],[-123.6983,48.3842],[-123.6914,48.3776],[-123.6826,48.3881],[-123.6619,48.3893],[-123.6541,48.394],[-123.6524,48.3893],[-123.6481,48.3857],[-123.6436,48.3856],[-123.6386,48.3892],[-123.6356,48.3894],[-123.635,48.3843],[-123.6387,48.3816],[-123.6352,48.3785],[-123.6377,48.3695],[-123.6341,48.3662],[-123.6358,48.3635],[-123.6486,48.3656],[-123.6518,48.364],[-123.6561,48.3684],[-123.6632,48.3642],[-123.6776,48.3679],[-123.6814,48.3702],[-123.6819,48.3757],[-123.684,48.3768],[-123.6909,48.3747],[-123.7003,48.3752],[-123.7168,48.3649],[-123.7161,48.3627],[-123.7123,48.3641],[-123.7053,48.3624],[-123.7037,48.3593],[-123.7163,48.3539],[-123.7153,48.3511],[-123.718,48.3473],[-123.7146,48.3433],[-123.711,48.3418],[-123.7149,48.3386],[-123.7104,48.3395],[-123.7072,48.3362],[-123.7046,48.3392],[-123.686,48.3354],[-123.6817,48.3305],[-123.6776,48.3302],[-123.6713,48.3269],[-123.672,48.3223],[-123.6688,48.3221],[-123.6679,48.32],[-123.6598,48.3171],[-123.6557,48.3169],[-123.6536,48.3157],[-123.6536,48.3135],[-123.6481,48.3136],[-123.6378,48.3169],[-123.6347,48.3243],[-123.6292,48.3256],[-123.634,48.3268],[-123.6313,48.3345],[-123.6141,48.3362],[-123.6091,48.3342],[-123.6045,48.3343],[-123.6024,48.3378],[-123.5958,48.3374],[-123.5918,48.3389],[-123.5907,48.3428],[-123.5889,48.3411],[-123.5928,48.3279],[-123.5998,48.3225],[-123.6002,48.3208],[-123.604,48.3201],[-123.6002,48.3168],[-123.5918,48.3151],[-123.5892,48.311],[-123.585,48.3093],[-123.579,48.3139],[-123.5719,48.3134],[-123.5689,48.3114],[-123.5651,48.3134],[-123.5638,48.3086],[-123.5604,48.3096],[-123.5569,48.3131],[-123.5408,48.3204],[-123.5406,48.3258],[-123.5483,48.3324],[-123.5526,48.334],[-123.5543,48.3377],[-123.5593,48.3404],[-123.5593,48.3427],[-123.5642,48.3458],[-123.5571,48.3435],[-123.5524,48.3398],[-123.5462,48.3398],[-123.5418,48.3372],[-123.5361,48.3371],[-123.5288,48.3404],[-123.5273,48.3425],[-123.5317,48.3434],[-123.5364,48.3402],[-123.5398,48.3407],[-123.5399,48.3472],[-123.5447,48.3521],[-123.5438,48.3551],[-123.5348,48.3607],[-123.5295,48.3698],[-123.5245,48.3729],[-123.5143,48.3836],[-123.5104,48.3852],[-123.5064,48.3824],[-123.504,48.3831],[-123.504,48.3869],[-123.5,48.3863],[-123.5,48.5],[-123.5471,48.5],[-123.5522,48.4891],[-123.5531,48.5],[-124,48.5]],[[-123.5414,48.3147],[-123.5472,48.3142],[-123.5483,48.3094],[-123.5444,48.3097],[-123.5419,48.3136],[-123.5392,48.3125],[-123.5369,48.3142],[-123.5406,48.315],[-123.5375,48.3178],[-123.5436,48.3175],[-123.5414,48.3147]],[[-123.6022,48.3153],[-123.6006,48.3128],[-123.5981,48.3144],[-123.6008,48.3164],[-123.6022,48.3153]],[[-123.6075,48.3294],[-123.6111,48.3272],[-123.6103,48.3261],[-123.6053,48.3264],[-123.6042,48.3281],[-123.6075,48.3294]],[[-123.6281,48.3342],[-123.6294,48.3317],[-123.6244,48.3297],[-123.6233,48.3314],[-123.6281,48.3342]],[[-123.6569,48.3889],[-123.6614,48.3869],[-123.6544,48.3864],[-123.6525,48.3886],[-123.6569,48.3889]],[[-123.7083,48.3319],[-123.7061,48.3333],[-123.7081,48.3339],[-123.7083,48.3319]]],[[[-123.5,48.5],[-123.1887,48.5],[-123.1599,48.4535],[-123.1151,48.4228],[-123.2484,48.284],[-123.5,48.2329],[-123.5,48.5]],[[-123.25,48.4245],[-123.2455,48.423],[-123.2426,48.4195],[-123.2375,48.4199],[-123.2373,48.4218],[-123.2338,48.4234],[-123.2272,48.4222],[-123.2245,48.4236],[-123.2288,48.4297],[-123.2362,48.4295],[-123.2386,48.428],[-123.2444,48.43],[-123.25,48.4245]],[[-123.2321,48.4339],[-123.234,48.4355],[-123.2373,48.4348],[-123.2365,48.4333],[-123.2321,48.4339]],[[-123.2396,48.4317],[-123.2374,48.4311],[-123.2396,48.4337],[-123.2396,48.4317]],[[-123.2499,48.4324],[-123.2464,48.4315],[-123.2406,48.4345],[-123.2429,48.4389],[-123.2422,48.4418],[-123.2485,48.4408],[-123.2514,48.4363],[-123.2499,48.4324]],[[-123.2518,48.4387],[-123.2527,48.4403],[-123.2559,48.4383],[-123.2538,48.4374],[-123.2518,48.4387]],[[-123.2523,48.4343],[-123.2581,48.4381],[-123.2582,48.4335],[-123.2547,48.4302],[-123.2523,48.4343]],[[-123.2554,48.4393],[-123.2523,48.4421],[-123.2535,48.4434],[-123.2574,48.4404],[-123.2554,48.4393]],[[-123.5,48.5],[-123.5,48.3863],[-123.4807,48.384],[-123.4776,48.3859],[-123.477,48.3884],[-123.479,48.3904],[-123.4829,48.3903],[-123.488,48.3941],[-123.4871,48.398],[-123.471,48.4184],[-123.4565,48.4301],[-123.4592,48.4297],[-123.4697,48.4208],[-123.4743,48.4254],[-123.4742,48.4282],[-123.4632,48.4317],[-123.4499,48.4309],[-123.4465,48.4382],[-123.4468,48.4401],[-123.4501,48.4418],[-123.4502,48.4493],[-123.4578,48.4558],[-123.4552,48.4579],[-123.4393,48.4492],[-123.4341,48.4499],[-123.4335,48.4471],[-123.436,48.446],[-123.4314,48.4436],[-123.4365,48.4406],[-123.4325,48.4396],[-123.4337,48.4375],[-123.4207,48.4336],[-123.4221,48.4324],[-123.4252,48.4338],[-123.4284,48.4317],[-123.4312,48.434],[-123.4359,48.4339],[-123.4395,48.4315],[-123.4376,48.4281],[-123.4248,48.4249],[-123.4211,48.4259],[-123.4187,48.4234],[-123.4198,48.4218],[-123.4149,48.4197],[-123.4119,48.4206],[-123.4103,48.4167],[-123.3965,48.4198],[-123.3966,48.4219],[-123.3943,48.4236],[-123.396,48.4276],[-123.3931,48.4295],[-123.3889,48.4276],[-123.3842,48.4283],[-123.3794,48.4253],[-123.3736,48.4272],[-123.373,48.4298],[-123.3784,48.4331],[-123.3812,48.437],[-123.3878,48.4387],[-123.387,48.4404],[-123.3828,48.4412],[-123.379,48.4383],[-123.3772,48.4341],[-123.3727,48.4333],[-123.3711,48.431],[-123.3699,48.4218],[-123.3757,48.4239],[-123.3862,48.4239],[-123.3896,48.4203],[-123.3869,48.4187],[-123.3915,48.4168],[-123.3908,48.4147],[-123.3831,48.4146],[-123.3776,48.4093],[-123.3653,48.4067],[-123.3584,48.4073],[-123.3509,48.4045],[-123.3491,48.4025],[-123.3478,48.4031],[-123.3493,48.405],[-123.3485,48.4063],[-123.3391,48.4098],[-123.3308,48.408],[-123.3278,48.4117],[-123.3222,48.4053],[-123.316,48.4086],[-123.3167,48.4107],[-123.3144,48.4127],[-123.3093,48.4126],[-123.3043,48.4097],[-123.2934,48.4119],[-123.297,48.42],[-123.3009,48.423],[-123.3003,48.4258],[-123.3021,48.4264],[-123.3059,48.4241],[-123.3074,48.4251],[-123.3073,48.4276],[-123.3043,48.4298],[-123.3015,48.4362],[-123.2985,48.4379],[-123.2911,48.437],[-123.2922,48.4406],[-123.2892,48.444],[-123.2916,48.4466],[-123.2919,48.4507],[-123.2951,48.4496],[-123.2943,48.453],[-123.2977,48.4526],[-123.2988,48.4538],[-123.2956,48.4582],[-123.2889,48.4588],[-123.2876,48.455],[-123.2819,48.4515],[-123.2797,48.4481],[-123.2746,48.4509],[-123.2648,48.4504],[-123.2649,48.4549],[-123.2688,48.4561],[-123.2767,48.4644],[-123.2806,48.4649],[-123.281,48.4666],[-123.2878,48.4709],[-123.3026,48.477],[-123.3012,48.4835],[-123.3023,48.4855],[-123.3004,48.4878],[-123.3055,48.495],[-123.3149,48.4968],[-123.3157,48.4943],[-123.3195,48.4937],[-123.3311,48.496],[-123.3388,48.5],[-123.5,48.5]],[[-123.2775,48.4208],[-123.2756,48.4189],[-123.2733,48.42],[-123.2753,48.4217],[-123.2775,48.4208]],[[-123.3003,48.4283],[-123.2981,48.4258],[-123.2978,48.4281],[-123.3003,48.4283]],[[-123.3081,48.3967],[-123.305,48.3942],[-123.3033,48.3956],[-123.3031,48.4006],[-123.305,48.4025],[-123.3069,48.4011],[-123.3081,48.3967]],[[-123.3053,48.4033],[-123.3031,48.4047],[-123.3053,48.4067],[-123.3072,48.4056],[-123.3053,48.4033]]],[[[-126.5,48.5],[-126.5,49],[-126,49],[-126,48.5],[-126.5,48.5]]],[[[-126,48.5],[-126,49],[-125.5,49],[-125.5,48.5],[-126,48.5]],[[-125.6743,49],[-125.6742,48.9967],[-125.6673,48.9947],[-125.661,48.9967],[-125.6594,48.9931],[-125.6555,48.9971],[-125.6575,49],[-125.6349,49],[-125.6114,48.984],[-125.6112,48.9807],[-125.6151,48.9802],[-125.6131,48.9773],[-125.6183,48.9777],[-125.6191,48.976],[-125.6138,48.9703],[-125.6108,48.9719],[-125.6076,48.9702],[-125.6087,48.9689],[-125.6034,48.9641],[-125.6056,48.9632],[-125.6091,48.9644],[-125.6095,48.9625],[-125.6016,48.9612],[-125.6054,48.9588],[-125.6048,48.958],[-125.6014,48.9564],[-125.5963,48.9578],[-125.5906,48.9568],[-125.5934,48.9549],[-125.5891,48.9482],[-125.5846,48.9488],[-125.5861,48.9467],[-125.5791,48.9453],[-125.5743,48.9399],[-125.5691,48.9372],[-125.5569,48.9353],[-125.5528,48.9367],[-125.5528,48.9349],[-125.555,48.9334],[-125.5511,48.9298],[-125.548,48.9327],[-125.5417,48.9342],[-125.5439,48.9298],[-125.5397,48.9282],[-125.5458,48.9238],[-125.5451,48.9199],[-125.5288,48.9217],[-125.5256,48.9259],[-125.529,48.925],[-125.5322,48.9284],[-125.5362,48.9284],[-125.5343,48.9305],[-125.5278,48.9282],[-125.5271,48.9304],[-125.5347,48.9347],[-125.5357,48.9384],[-125.5436,48.9423],[-125.5471,48.9467],[-125.5604,48.9509],[-125.5641,48.9487],[-125.5691,48.9509],[-125.5734,48.9487],[-125.5734,48.9505],[-125.5671,48.9526],[-125.5663,48.9548],[-125.5706,48.9583],[-125.5894,48.9643],[-125.5882,48.9677],[-125.5835,48.9703],[-125.5857,48.9757],[-125.5826,48.9753],[-125.5792,48.9781],[-125.5753,48.9777],[-125.5744,48.9767],[-125.5756,48.9759],[-125.5724,48.9722],[-125.568,48.9697],[-125.5681,48.9661],[-125.563,48.9647],[-125.5555,48.956],[-125.5439,48.9513],[-125.5421,48.9466],[-125.5348,48.9432],[-125.527,48.9343],[-125.525,48.9353],[-125.5199,48.934],[-125.5148,48.9301],[-125.5199,48.9287],[-125.5196,48.9277],[-125.5166,48.9271],[-125.5158,48.9251],[-125.5122,48.9252],[-125.5108,48.9215],[-125.5,48.9206],[-125.5037,48.9249],[-125.503,48.9259],[-125.5,48.9233],[-125.5,49],[-125.6743,49]],[[-125.501,48.9194],[-125.5025,48.9174],[-125.5,48.9172],[-125.501,48.9194]],[[-125.5126,48.9031],[-125.5085,48.9069],[-125.5083,48.9096],[-125.5173,48.9158],[-125.5186,48.914],[-125.5167,48.9102],[-125.5217,48.9017],[-125.5126,48.9031]],[[-125.5222,48.9228],[-125.5241,48.9243],[-125.5268,48.922],[-125.5227,48.9206],[-125.5222,48.9228]],[[-125.5452,48.9465],[-125.5441,48.9449],[-125.5426,48.9456],[-125.5452,48.9465]],[[-125.5468,48.9272],[-125.5508,48.9279],[-125.5522,48.9259],[-125.5491,48.9241],[-125.5443,48.9266],[-125.5447,48.9291],[-125.5468,48.9272]],[[-125.582,48.9669],[-125.5806,48.9635],[-125.5773,48.9635],[-125.5743,48.9614],[-125.5711,48.9619],[-125.5771,48.969],[-125.582,48.9669]],[[-125.6064,48.965],[-125.6087,48.9672],[-125.6086,48.9656],[-125.6064,48.965]],[[-125.6153,48.9662],[-125.6124,48.9648],[-125.6121,48.9661],[-125.6153,48.9662]],[[-125.6413,48.9803],[-125.6452,48.9814],[-125.646,48.9778],[-125.6406,48.976],[-125.6398,48.9779],[-125.6413,48.9803]],[[-125.6702,48.9937],[-125.67,48.9922],[-125.6661,48.9907],[-125.666,48.9931],[-125.6702,48.9937]]],[[[-125.5,48.5],[-125.5,49],[-125,49],[-125,48.5],[-125.5,48.5]],[[-125.5,49],[-125.5,48.9206],[-125.5,48.9233],[-125.494,48.9227],[-125.4887,48.9197],[-125.4795,48.9209],[-125.476,48.9249],[-125.47,48.9249],[-125.4682,48.9263],[-125.4675,48.9316],[-125.4612,48.9361],[-125.4607,48.941],[-125.4584,48.9423],[-125.4517,48.9413],[-125.4468,48.9425],[-125.4448,48.9454],[-125.4442,48.9488],[-125.4454,48.9497],[-125.4416,48.9529],[-125.4351,48.9542],[-125.4328,48.9527],[-125.4319,48.9579],[-125.4276,48.9619],[-125.4225,48.9639],[-125.4186,48.9626],[-125.4076,48.9701],[-125.4033,48.9713],[-125.3916,48.9795],[-125.3926,48.985],[-125.3861,48.9879],[-125.3808,48.993],[-125.37,48.9972],[-125.3694,49],[-125.3088,49],[-125.2978,48.9984],[-125.2973,49],[-125.2951,49],[-125.2966,48.9979],[-125.2965,48.9924],[-125.2933,48.9865],[-125.2948,48.9837],[-125.2939,48.9792],[-125.2878,48.9745],[-125.3007,48.9762],[-125.3103,48.9736],[-125.3152,48.974],[-125.3232,48.9687],[-125.3165,48.969],[-125.3101,48.9656],[-125.2998,48.9678],[-125.2922,48.966],[-125.2893,48.9672],[-125.2837,48.9659],[-125.2811,48.9632],[-125.2766,48.9674],[-125.2759,48.9655],[-125.2813,48.9609],[-125.2778,48.9592],[-125.2766,48.9546],[-125.2713,48.9544],[-125.2707,48.9597],[-125.2685,48.9577],[-125.2585,48.9576],[-125.2499,48.9543],[-125.2498,48.9483],[-125.2424,48.9438],[-125.221,48.9515],[-125.2171,48.9543],[-125.2145,48.9586],[-125.2061,48.96],[-125.1981,48.967],[-125.1974,48.9722],[-125.1926,48.9759],[-125.184,48.9782],[-125.1842,48.9815],[-125.1877,48.9808],[-125.1944,48.9837],[-125.196,48.9907],[-125.1929,49],[-125.1803,49],[-125.1862,48.9934],[-125.1857,48.9902],[-125.1783,48.9884],[-125.1738,48.9895],[-125.1677,48.9888],[-125.1661,48.9854],[-125.1625,48.9842],[-125.1602,48.9855],[-125.1612,48.9891],[-125.1592,48.9946],[-125.1565,48.9964],[-125.15,48.9965],[-125.1593,49],[-125.1513,49],[-125.1461,48.9971],[-125.1444,48.999],[-125.1458,49],[-125.1394,49],[-125.1335,48.9971],[-125.1322,48.9948],[-125.1328,48.9914],[-125.1266,48.9893],[-125.127,48.9789],[-125.1208,48.9792],[-125.1175,48.9756],[-125.1089,48.973],[-125.1029,48.9746],[-125.0947,48.9729],[-125.0845,48.9763],[-125.0679,48.9894],[-125.0606,48.9909],[-125.0496,48.9977],[-125.0449,48.9931],[-125.0455,48.9907],[-125.0436,48.9898],[-125.035,48.9908],[-125.031,48.9934],[-125.0263,48.9939],[-125.0301,48.9903],[-125.037,48.9881],[-125.0674,48.9856],[-125.0757,48.9784],[-125.084,48.9752],[-125.087,48.9717],[-125.0805,48.9708],[-125.0848,48.9663],[-125.0655,48.962],[-125.0565,48.9675],[-125.0477,48.9689],[-125.0435,48.9798],[-125.0376,48.9784],[-125.0366,48.9814],[-125.0331,48.9827],[-125.0378,48.9752],[-125.0366,48.9737],[-125.0317,48.9739],[-125.0302,48.9751],[-125.0307,48.9769],[-125.0252,48.979],[-125.0185,48.9749],[-125.0198,48.9718],[-125.0266,48.9662],[-125.0308,48.9601],[-125.0328,48.9561],[-125.0305,48.9548],[-125.0214,48.9619],[-125.0147,48.9622],[-125.0024,48.9658],[-125,48.9682],[-125,48.9855],[-125.003,48.9901],[-125.0143,49],[-125,49],[-125,48.9416],[-125.0034,48.9435],[-125.0049,48.9472],[-125.0185,48.9437],[-125.0228,48.9387],[-125.0328,48.9374],[-125.0292,48.9359],[-125.0322,48.9323],[-125.0216,48.929],[-125.0249,48.9265],[-125.0218,48.9204],[-125.0157,48.9214],[-125.0149,48.9173],[-125.007,48.9193],[-125.0069,48.9159],[-125.0047,48.9136],[-125.0082,48.9121],[-125.0113,48.9072],[-125.01,48.9037],[-125.0131,48.9013],[-125.0089,48.9007],[-125.0094,48.8985],[-125.0169,48.8967],[-125.0219,48.8919],[-125.0292,48.8892],[-125.0322,48.884],[-125.038,48.8862],[-125.0407,48.8836],[-125.0474,48.884],[-125.0488,48.8773],[-125.0536,48.8768],[-125.0495,48.8841],[-125.0571,48.8832],[-125.0649,48.8851],[-125.0742,48.8843],[-125.0752,48.8836],[-125.0738,48.8812],[-125.0861,48.8766],[-125.0905,48.8776],[-125.0914,48.8741],[-125.0977,48.8672],[-125.1069,48.8641],[-125.1056,48.8615],[-125.1114,48.853],[-125.1202,48.8497],[-125.1235,48.8503],[-125.1291,48.8472],[-125.1296,48.8443],[-125.1344,48.8403],[-125.1332,48.836],[-125.1353,48.8365],[-125.1372,48.8348],[-125.1373,48.8244],[-125.1399,48.8249],[-125.1387,48.8371],[-125.1415,48.8395],[-125.1446,48.8372],[-125.1444,48.8346],[-125.1489,48.8341],[-125.1563,48.8251],[-125.1611,48.8246],[-125.1661,48.8209],[-125.1639,48.8171],[-125.1691,48.8186],[-125.1695,48.8144],[-125.1771,48.8157],[-125.1837,48.8127],[-125.1868,48.8077],[-125.1802,48.8042],[-125.1814,48.8032],[-125.1891,48.8],[-125.1934,48.8003],[-125.1915,48.7975],[-125.1923,48.7965],[-125.2007,48.7988],[-125.2121,48.7972],[-125.2131,48.7951],[-125.2109,48.793],[-125.2185,48.789],[-125.2204,48.7849],[-125.2143,48.7799],[-125.2084,48.7807],[-125.201,48.7849],[-125.1993,48.7808],[-125.1913,48.7839],[-125.1869,48.7812],[-125.185,48.7817],[-125.1839,48.7857],[-125.1775,48.7876],[-125.1665,48.7836],[-125.1648,48.7813],[-125.1665,48.7777],[-125.1597,48.7761],[-125.161,48.7712],[-125.1577,48.7688],[-125.1543,48.7701],[-125.1544,48.7756],[-125.1469,48.7758],[-125.1452,48.7794],[-125.1412,48.7824],[-125.1423,48.7869],[-125.1287,48.7968],[-125.1194,48.7943],[-125.1156,48.7912],[-125.117,48.7875],[-125.1343,48.7732],[-125.1332,48.7633],[-125.1271,48.7604],[-125.1266,48.759],[-125.133,48.7567],[-125.1306,48.7544],[-125.1305,48.7476],[-125.1219,48.7392],[-125.119,48.7399],[-125.1177,48.7383],[-125.1199,48.7373],[-125.1175,48.7363],[-125.1181,48.7301],[-125.108,48.7271],[-125.1037,48.7221],[-125.0898,48.718],[-125.0872,48.7209],[-125.0831,48.7209],[-125.0802,48.7232],[-125.0706,48.7216],[-125.0672,48.7225],[-125.0365,48.7157],[-125.0209,48.714],[-125.0105,48.7096],[-125.0048,48.7054],[-125,48.7062],[-125,49],[-125.5,49]],[[-125.0305,48.8901],[-125.0238,48.8923],[-125.0208,48.8959],[-125.0293,48.8922],[-125.0305,48.8901]],[[-125.0271,48.9192],[-125.0274,48.9218],[-125.0246,48.9229],[-125.0268,48.9262],[-125.0256,48.9278],[-125.0333,48.9294],[-125.0356,48.9277],[-125.032,48.9203],[-125.0271,48.9192]],[[-125.0335,48.971],[-125.0367,48.9697],[-125.0343,48.9695],[-125.0335,48.971]],[[-125.035,48.9102],[-125.0337,48.913],[-125.0365,48.911],[-125.035,48.9102]],[[-125.0368,48.9075],[-125.0371,48.9096],[-125.0394,48.9082],[-125.0368,48.9075]],[[-125.0661,48.954],[-125.0702,48.949],[-125.0806,48.947],[-125.0822,48.9441],[-125.0887,48.9395],[-125.0856,48.938],[-125.0858,48.9367],[-125.0909,48.9363],[-125.0984,48.9329],[-125.1085,48.9243],[-125.1064,48.9212],[-125.1016,48.9188],[-125.1079,48.9195],[-125.1128,48.9153],[-125.1123,48.9139],[-125.1085,48.9138],[-125.1063,48.9095],[-125.1086,48.9074],[-125.1145,48.9052],[-125.1186,48.9056],[-125.1216,48.9036],[-125.1179,48.9022],[-125.117,48.896],[-125.1093,48.8932],[-125.1042,48.8937],[-125.0992,48.897],[-125.0957,48.8954],[-125.0857,48.897],[-125.0806,48.9011],[-125.0833,48.9027],[-125.079,48.9053],[-125.0813,48.9067],[-125.0804,48.9076],[-125.0722,48.9072],[-125.0672,48.9091],[-125.0623,48.9148],[-125.0618,48.9179],[-125.0575,48.9198],[-125.0585,48.9245],[-125.0548,48.9315],[-125.0555,48.9357],[-125.0461,48.9402],[-125.0456,48.9441],[-125.0504,48.9528],[-125.0539,48.952],[-125.056,48.9534],[-125.0661,48.954]],[[-125.084,48.9544],[-125.0784,48.9564],[-125.0785,48.9596],[-125.0877,48.9569],[-125.087,48.9543],[-125.084,48.9544]],[[-125.0877,48.946],[-125.0865,48.9494],[-125.0912,48.9524],[-125.0952,48.9504],[-125.0953,48.9485],[-125.0877,48.946]],[[-125.092,48.9425],[-125.0932,48.9443],[-125.094,48.9426],[-125.092,48.9425]],[[-125.0949,48.9417],[-125.0979,48.9465],[-125.0996,48.9454],[-125.0973,48.941],[-125.095,48.9406],[-125.0949,48.9417]],[[-125.0964,48.935],[-125.0957,48.936],[-125.0976,48.9368],[-125.1002,48.9347],[-125.0964,48.935]],[[-125.1038,48.9363],[-125.1106,48.9351],[-125.1194,48.9311],[-125.1163,48.9304],[-125.1069,48.9336],[-125.1038,48.9363]],[[-125.1135,48.9292],[-125.1115,48.9278],[-125.1101,48.9287],[-125.1135,48.9292]],[[-125.1111,48.9108],[-125.1143,48.9137],[-125.1164,48.9129],[-125.1156,48.9109],[-125.1111,48.9108]],[[-125.1213,48.898],[-125.1337,48.8979],[-125.137,48.8923],[-125.1397,48.8921],[-125.1418,48.8898],[-125.1413,48.8859],[-125.1447,48.8823],[-125.1503,48.8848],[-125.1588,48.8821],[-125.1597,48.8794],[-125.1629,48.8772],[-125.1616,48.8726],[-125.1582,48.8728],[-125.1565,48.8747],[-125.1514,48.8746],[-125.1485,48.8774],[-125.1398,48.881],[-125.1307,48.881],[-125.1256,48.8847],[-125.1217,48.8846],[-125.1206,48.8874],[-125.1143,48.8924],[-125.1184,48.8941],[-125.1213,48.898]],[[-125.1185,48.8516],[-125.1167,48.8535],[-125.119,48.8548],[-125.1245,48.8521],[-125.1185,48.8516]],[[-125.1197,48.9249],[-125.1196,48.9268],[-125.1247,48.9254],[-125.1255,48.9238],[-125.1197,48.9249]],[[-125.1354,48.9152],[-125.1288,48.917],[-125.1283,48.9189],[-125.1323,48.9188],[-125.1354,48.9152]],[[-125.157,48.7496],[-125.1563,48.7469],[-125.1544,48.7472],[-125.1538,48.7489],[-125.1559,48.751],[-125.157,48.7496]],[[-125.154,48.9494],[-125.1556,48.9505],[-125.1579,48.9487],[-125.154,48.9494]],[[-125.1622,48.9714],[-125.1578,48.9751],[-125.1593,48.9761],[-125.1645,48.9726],[-125.1622,48.9714]],[[-125.1758,48.8474],[-125.166,48.8466],[-125.1618,48.8494],[-125.1698,48.8565],[-125.1749,48.856],[-125.178,48.8549],[-125.1805,48.8499],[-125.1758,48.8474]],[[-125.1668,48.8734],[-125.1694,48.869],[-125.1733,48.8671],[-125.173,48.8656],[-125.165,48.865],[-125.1639,48.8709],[-125.1668,48.8734]],[[-125.1707,48.7759],[-125.172,48.7742],[-125.1686,48.7728],[-125.1677,48.7764],[-125.1707,48.7759]],[[-125.1741,48.9772],[-125.1744,48.9755],[-125.1722,48.9763],[-125.1741,48.9772]],[[-125.1925,48.8342],[-125.1927,48.8307],[-125.1898,48.8297],[-125.1898,48.8326],[-125.1852,48.8336],[-125.1862,48.8356],[-125.1829,48.8474],[-125.1885,48.8495],[-125.1997,48.8484],[-125.1992,48.8504],[-125.2017,48.8514],[-125.2071,48.8496],[-125.2082,48.8462],[-125.1925,48.8342]],[[-125.2019,48.9561],[-125.1997,48.9567],[-125.1969,48.9519],[-125.1919,48.9528],[-125.1933,48.9586],[-125.1908,48.9633],[-125.1886,48.9644],[-125.1889,48.9694],[-125.1928,48.9739],[-125.1964,48.9706],[-125.1961,48.9669],[-125.1997,48.9617],[-125.2039,48.9597],[-125.2036,48.9539],[-125.2028,48.9531],[-125.2019,48.9561]],[[-125.2184,48.8218],[-125.2141,48.8225],[-125.2157,48.824],[-125.2096,48.8275],[-125.2041,48.8285],[-125.2009,48.8319],[-125.1985,48.8288],[-125.1965,48.8293],[-125.1958,48.8317],[-125.1981,48.8353],[-125.2044,48.8358],[-125.2053,48.8353],[-125.2036,48.8338],[-125.2049,48.8332],[-125.2143,48.8369],[-125.2175,48.8347],[-125.2163,48.8333],[-125.2186,48.8314],[-125.2186,48.8291],[-125.223,48.8285],[-125.223,48.8251],[-125.2249,48.8264],[-125.2261,48.8255],[-125.2242,48.8202],[-125.2203,48.8196],[-125.2184,48.8218]],[[-125.2039,48.9508],[-125.2053,48.9483],[-125.2036,48.9478],[-125.1978,48.9503],[-125.1989,48.9522],[-125.2039,48.9508]],[[-125.2165,48.943],[-125.2108,48.9439],[-125.2095,48.9456],[-125.2051,48.9536],[-125.2047,48.9578],[-125.206,48.9594],[-125.2117,48.9572],[-125.2163,48.9515],[-125.2247,48.9489],[-125.2273,48.9464],[-125.2254,48.9438],[-125.2204,48.9452],[-125.2165,48.943]],[[-125.2101,48.8412],[-125.2098,48.8396],[-125.2065,48.8386],[-125.2054,48.8396],[-125.2083,48.8422],[-125.2101,48.8412]],[[-125.2305,48.9233],[-125.2381,48.9258],[-125.2406,48.9242],[-125.2306,48.9209],[-125.2255,48.9219],[-125.226,48.9236],[-125.2305,48.9233]],[[-125.2309,48.8199],[-125.2343,48.8163],[-125.2296,48.8165],[-125.2309,48.8199]],[[-125.2315,48.9198],[-125.2335,48.9206],[-125.2357,48.9189],[-125.2315,48.9198]],[[-125.2553,48.9257],[-125.2526,48.9242],[-125.2483,48.9256],[-125.2439,48.9246],[-125.242,48.926],[-125.2436,48.9271],[-125.2354,48.9284],[-125.2372,48.9298],[-125.2388,48.929],[-125.2508,48.9365],[-125.2574,48.9385],[-125.2638,48.9382],[-125.2677,48.935],[-125.2733,48.9356],[-125.2707,48.9336],[-125.2703,48.9297],[-125.2565,48.9314],[-125.2545,48.9292],[-125.2518,48.9298],[-125.2502,48.9288],[-125.2553,48.9257]],[[-125.2387,48.8297],[-125.2413,48.8327],[-125.2453,48.8305],[-125.25,48.8314],[-125.2525,48.8296],[-125.2512,48.826],[-125.2483,48.8257],[-125.2387,48.8297]],[[-125.2472,48.9221],[-125.2476,48.9211],[-125.2457,48.9209],[-125.2412,48.9227],[-125.2472,48.9221]],[[-125.2633,48.912],[-125.262,48.9106],[-125.2585,48.9111],[-125.2586,48.9088],[-125.2514,48.9078],[-125.25,48.9097],[-125.2437,48.9115],[-125.2428,48.9154],[-125.2557,48.9185],[-125.261,48.9167],[-125.2633,48.912]],[[-125.2478,48.9244],[-125.2493,48.9239],[-125.2473,48.9233],[-125.2478,48.9244]],[[-125.2555,48.9513],[-125.2569,48.9535],[-125.2597,48.9517],[-125.2555,48.9513]],[[-125.2563,48.9268],[-125.2561,48.9287],[-125.2596,48.9278],[-125.2563,48.9268]],[[-125.2753,48.912],[-125.275,48.9071],[-125.2695,48.907],[-125.2694,48.9046],[-125.261,48.9057],[-125.2736,48.9129],[-125.2753,48.912]],[[-125.2632,48.9271],[-125.2688,48.9266],[-125.2634,48.9251],[-125.262,48.9262],[-125.2632,48.9271]],[[-125.2902,48.924],[-125.2905,48.9217],[-125.2866,48.9224],[-125.2832,48.921],[-125.2837,48.9193],[-125.2907,48.9183],[-125.291,48.9152],[-125.2773,48.9185],[-125.275,48.9159],[-125.2711,48.9165],[-125.2696,48.9146],[-125.2629,48.9172],[-125.265,48.9212],[-125.2705,48.9242],[-125.2858,48.9291],[-125.2937,48.929],[-125.2938,48.9239],[-125.2902,48.924]],[[-125.2723,48.9432],[-125.2753,48.9427],[-125.2735,48.9408],[-125.2748,48.9391],[-125.2714,48.937],[-125.2681,48.9368],[-125.2649,48.9388],[-125.2652,48.9407],[-125.2723,48.9432]],[[-125.2789,48.8932],[-125.2782,48.897],[-125.2842,48.8979],[-125.2875,48.8955],[-125.2789,48.8932]],[[-125.281,48.9567],[-125.2793,48.9561],[-125.281,48.9595],[-125.288,48.9586],[-125.2851,48.9558],[-125.281,48.9567]],[[-125.281,48.9324],[-125.2798,48.9338],[-125.284,48.9337],[-125.281,48.9324]],[[-125.2841,48.9518],[-125.2816,48.9518],[-125.285,48.9532],[-125.2841,48.9518]],[[-125.2893,48.9047],[-125.2861,48.9042],[-125.2845,48.9058],[-125.2866,48.9074],[-125.2893,48.9047]],[[-125.2926,48.9118],[-125.2893,48.9105],[-125.2853,48.9125],[-125.2882,48.9136],[-125.2926,48.9118]],[[-125.2883,48.9547],[-125.2893,48.9532],[-125.2872,48.9523],[-125.2883,48.9547]],[[-125.288,48.9081],[-125.2932,48.9096],[-125.2966,48.9079],[-125.2911,48.906],[-125.288,48.9081]],[[-125.3112,48.8641],[-125.2902,48.866],[-125.2895,48.8693],[-125.2951,48.8738],[-125.2968,48.8777],[-125.3012,48.8803],[-125.3081,48.8811],[-125.3104,48.8793],[-125.3058,48.878],[-125.3071,48.8757],[-125.3053,48.8734],[-125.3301,48.8781],[-125.3288,48.8732],[-125.325,48.8719],[-125.3202,48.873],[-125.3177,48.867],[-125.3112,48.8641]],[[-125.2993,48.9019],[-125.2903,48.9031],[-125.294,48.9046],[-125.2993,48.9019]],[[-125.2982,48.9621],[-125.2933,48.9631],[-125.2963,48.9644],[-125.2982,48.9621]],[[-125.304,48.9205],[-125.3061,48.9223],[-125.3066,48.9205],[-125.304,48.9205]],[[-125.307,48.9156],[-125.3045,48.9187],[-125.3063,48.919],[-125.3086,48.9164],[-125.307,48.9156]],[[-125.3075,48.9387],[-125.3082,48.9407],[-125.3103,48.9411],[-125.32,48.9403],[-125.3134,48.9346],[-125.3108,48.9343],[-125.3075,48.9387]],[[-125.3143,48.9473],[-125.3103,48.9513],[-125.3131,48.9506],[-125.3204,48.9532],[-125.3271,48.9475],[-125.3225,48.9485],[-125.3143,48.9473]],[[-125.3345,48.9074],[-125.3278,48.9078],[-125.3271,48.9054],[-125.3239,48.9049],[-125.3103,48.9082],[-125.3116,48.9127],[-125.316,48.9148],[-125.3244,48.9127],[-125.3291,48.9158],[-125.3309,48.9139],[-125.3306,48.9098],[-125.3341,48.9107],[-125.3358,48.9091],[-125.3345,48.9074]],[[-125.3166,48.865],[-125.3183,48.8629],[-125.3163,48.8604],[-125.3123,48.8603],[-125.312,48.863],[-125.3166,48.865]],[[-125.315,48.9222],[-125.3186,48.9209],[-125.3151,48.9172],[-125.3132,48.9172],[-125.3131,48.9206],[-125.315,48.9222]],[[-125.32,48.8551],[-125.3158,48.8541],[-125.315,48.8552],[-125.3192,48.8566],[-125.32,48.8551]],[[-125.3193,48.8837],[-125.3201,48.8824],[-125.3182,48.8813],[-125.3153,48.8821],[-125.3193,48.8837]],[[-125.3198,48.919],[-125.3243,48.9181],[-125.3228,48.9159],[-125.3181,48.9178],[-125.3198,48.919]],[[-125.3231,48.864],[-125.3202,48.8657],[-125.3227,48.8686],[-125.3278,48.8646],[-125.3231,48.864]],[[-125.333,48.9143],[-125.3297,48.9183],[-125.3214,48.9226],[-125.3253,48.9224],[-125.3265,48.9244],[-125.3401,48.9268],[-125.3458,48.9225],[-125.3341,48.9164],[-125.347,48.9182],[-125.3496,48.916],[-125.3461,48.9133],[-125.3401,48.9117],[-125.333,48.9143]],[[-125.3234,48.9434],[-125.3265,48.9439],[-125.3281,48.9415],[-125.3256,48.9392],[-125.3227,48.9392],[-125.3219,48.9427],[-125.3234,48.9434]],[[-125.331,48.8535],[-125.3337,48.8525],[-125.3334,48.851],[-125.3284,48.85],[-125.3283,48.8517],[-125.331,48.8535]],[[-125.3287,48.8948],[-125.3313,48.8988],[-125.3306,48.9009],[-125.3468,48.907],[-125.3519,48.9071],[-125.353,48.9055],[-125.3488,48.9007],[-125.3424,48.9012],[-125.3422,48.8961],[-125.3369,48.8981],[-125.3395,48.8937],[-125.3387,48.8923],[-125.3313,48.8916],[-125.329,48.8927],[-125.3287,48.8948]],[[-125.3359,48.8613],[-125.335,48.8595],[-125.3301,48.8593],[-125.3343,48.8621],[-125.3359,48.8613]],[[-125.3411,48.9936],[-125.3366,48.9922],[-125.3323,48.9932],[-125.332,48.9941],[-125.3352,48.9945],[-125.3338,48.9977],[-125.3363,49],[-125.3493,48.9989],[-125.3456,48.9937],[-125.3411,48.9936]],[[-125.3372,48.8739],[-125.3324,48.8771],[-125.3345,48.8777],[-125.3368,48.8761],[-125.349,48.8766],[-125.3519,48.8787],[-125.355,48.8765],[-125.3447,48.8723],[-125.3372,48.8739]],[[-125.3492,48.9818],[-125.3469,48.9826],[-125.3495,48.9855],[-125.3414,48.9844],[-125.3406,48.9862],[-125.3369,48.9868],[-125.3387,48.9892],[-125.3479,48.992],[-125.351,48.9912],[-125.3554,48.9893],[-125.3541,48.9879],[-125.3564,48.9865],[-125.3542,48.9857],[-125.3549,48.9818],[-125.3483,48.9836],[-125.3492,48.9818]],[[-125.343,48.8614],[-125.3491,48.8615],[-125.3492,48.8569],[-125.3377,48.8545],[-125.3417,48.8576],[-125.343,48.8614]],[[-125.3503,48.899],[-125.3447,48.896],[-125.3447,48.8974],[-125.3503,48.899]],[[-125.3459,48.9191],[-125.3478,48.9205],[-125.3489,48.9197],[-125.3459,48.9191]],[[-125.3471,48.9931],[-125.3494,48.9939],[-125.3505,48.9921],[-125.3471,48.9931]],[[-125.3564,48.8599],[-125.3482,48.8648],[-125.3548,48.8653],[-125.3621,48.8633],[-125.371,48.8662],[-125.3724,48.8645],[-125.3672,48.8628],[-125.3653,48.8589],[-125.3605,48.8577],[-125.3589,48.8585],[-125.3585,48.8613],[-125.3564,48.8599]],[[-125.3532,48.8991],[-125.3519,48.9013],[-125.354,48.9021],[-125.3556,48.8994],[-125.3532,48.8991]],[[-125.3524,48.9089],[-125.3686,48.9076],[-125.3651,48.906],[-125.3524,48.9089]],[[-125.3578,48.8687],[-125.3604,48.8692],[-125.3655,48.867],[-125.3562,48.8669],[-125.3541,48.8693],[-125.3578,48.8687]],[[-125.3608,48.9908],[-125.3618,48.9881],[-125.358,48.9878],[-125.3557,48.9918],[-125.3608,48.9908]],[[-125.3583,48.9706],[-125.3568,48.9746],[-125.3625,48.9769],[-125.3678,48.975],[-125.3688,48.972],[-125.3644,48.9699],[-125.3583,48.9706]],[[-125.3634,48.8746],[-125.3657,48.8723],[-125.3605,48.8714],[-125.3634,48.8746]],[[-125.3622,48.9529],[-125.3632,48.9554],[-125.3667,48.9571],[-125.3651,48.9542],[-125.3668,48.9525],[-125.3622,48.9529]],[[-125.3646,48.9221],[-125.3655,48.9233],[-125.3727,48.9207],[-125.3678,48.9196],[-125.3646,48.9221]],[[-125.3761,48.9073],[-125.3771,48.9054],[-125.3714,48.9033],[-125.3703,48.9058],[-125.3736,48.9082],[-125.3761,48.9073]],[[-125.3722,48.8939],[-125.3724,48.8965],[-125.3763,48.896],[-125.3761,48.8939],[-125.3722,48.8939]],[[-125.3723,48.8881],[-125.3791,48.894],[-125.3822,48.8886],[-125.3773,48.8871],[-125.3723,48.8881]],[[-125.3768,48.9836],[-125.3769,48.9825],[-125.3742,48.9837],[-125.3768,48.9836]],[[-125.3794,48.8853],[-125.386,48.887],[-125.3882,48.8825],[-125.383,48.8819],[-125.3827,48.8799],[-125.3781,48.8793],[-125.3794,48.8853]],[[-125.3817,48.9757],[-125.3796,48.9769],[-125.3808,48.9778],[-125.3817,48.9757]],[[-125.3845,48.8908],[-125.3811,48.8922],[-125.3827,48.8941],[-125.3873,48.8943],[-125.3906,48.8917],[-125.3845,48.8908]],[[-125.3854,48.9333],[-125.3868,48.9322],[-125.3837,48.9308],[-125.3824,48.932],[-125.3854,48.9333]],[[-125.3874,48.9704],[-125.3897,48.9675],[-125.3892,48.9633],[-125.3857,48.9631],[-125.3845,48.967],[-125.3874,48.9704]],[[-125.3955,48.8871],[-125.391,48.8857],[-125.3884,48.8868],[-125.3955,48.8871]],[[-125.4157,48.9517],[-125.4105,48.9479],[-125.404,48.9516],[-125.4089,48.956],[-125.4157,48.9517]],[[-125.4355,48.8975],[-125.433,48.897],[-125.4316,48.8999],[-125.4355,48.8975]],[[-125.4568,48.8929],[-125.454,48.891],[-125.4533,48.893],[-125.4558,48.894],[-125.4568,48.8929]],[[-125.4733,48.907],[-125.468,48.9048],[-125.4664,48.9058],[-125.472,48.9102],[-125.4733,48.907]],[[-125.487,48.8817],[-125.4861,48.88],[-125.4841,48.8802],[-125.4847,48.8836],[-125.487,48.8817]],[[-125.5,48.9172],[-125.4985,48.9179],[-125.4994,48.9192],[-125.5,48.9172]]],[[[-125,48.5],[-125,49],[-124.5,49],[-124.5,48.5],[-125,48.5]],[[-125,49],[-125,48.9682],[-124.9969,48.9713],[-124.9978,48.9745],[-124.9933,48.9761],[-124.9978,48.9796],[-125,48.9855],[-125,49],[-124.9954,49],[-124.9843,48.9914],[-124.9768,48.9881],[-124.9765,48.9866],[-124.9843,48.9865],[-124.9861,48.9839],[-124.9853,48.9806],[-124.9757,48.9835],[-124.9745,48.9854],[-124.9682,48.9833],[-124.9547,48.9866],[-124.9446,48.9857],[-124.9373,48.9825],[-124.9207,48.9826],[-124.9105,48.9853],[-124.8965,48.9937],[-124.8946,49],[-124.8672,49],[-124.8814,48.9951],[-124.8853,48.9907],[-124.8923,48.9887],[-124.8948,48.9848],[-124.8936,48.981],[-124.9066,48.973],[-124.9107,48.9748],[-124.916,48.9736],[-124.9279,48.9757],[-124.9406,48.9756],[-124.9462,48.9774],[-124.9499,48.9748],[-124.9556,48.9754],[-124.9648,48.9732],[-124.9822,48.9643],[-124.982,48.9603],[-124.989,48.9574],[-124.9888,48.956],[-124.9844,48.9559],[-124.9768,48.9521],[-124.987,48.9507],[-124.9855,48.9464],[-124.9863,48.9397],[-124.9831,48.9367],[-124.9853,48.936],[-125,48.9416],[-125,48.7062],[-124.9887,48.705],[-124.9727,48.7006],[-124.9519,48.6996],[-124.9353,48.6914],[-124.9287,48.6909],[-124.9195,48.6866],[-124.9122,48.6807],[-124.9079,48.6813],[-124.9063,48.6794],[-124.9023,48.6811],[-124.885,48.6754],[-124.8798,48.6766],[-124.8741,48.6742],[-124.871,48.6759],[-124.8666,48.6712],[-124.8591,48.6691],[-124.8572,48.6702],[-124.8529,48.6687],[-124.8504,48.6707],[-124.8496,48.6667],[-124.8419,48.6657],[-124.8363,48.6605],[-124.8261,48.6588],[-124.8247,48.6609],[-124.8193,48.6608],[-124.8167,48.6631],[-124.8104,48.6584],[-124.8086,48.6543],[-124.8047,48.6526],[-124.8061,48.649],[-124.8036,48.6452],[-124.8018,48.6458],[-124.7941,48.6375],[-124.791,48.6388],[-124.7846,48.6381],[-124.7778,48.6338],[-124.7741,48.6288],[-124.7706,48.6295],[-124.7681,48.6237],[-124.7637,48.6214],[-124.7662,48.6185],[-124.7637,48.6147],[-124.7589,48.6168],[-124.7564,48.6128],[-124.7512,48.611],[-124.7403,48.613],[-124.7331,48.6087],[-124.726,48.5982],[-124.7172,48.5938],[-124.7054,48.5923],[-124.7004,48.5901],[-124.6887,48.5897],[-124.6779,48.5836],[-124.6634,48.5814],[-124.66,48.5782],[-124.6575,48.5793],[-124.6496,48.5747],[-124.6342,48.5707],[-124.6271,48.5704],[-124.6222,48.5682],[-124.6185,48.5698],[-124.6157,48.5673],[-124.6035,48.5637],[-124.5889,48.5625],[-124.5554,48.5557],[-124.5527,48.5564],[-124.5494,48.5543],[-124.5,48.543],[-124.5,49],[-125,49]],[[-124.9735,48.9834],[-124.9733,48.9817],[-124.9716,48.9822],[-124.9735,48.9834]],[[-124.9879,48.9896],[-124.994,48.9917],[-124.9955,48.9898],[-124.9885,48.9869],[-124.9862,48.9878],[-124.9879,48.9896]]],[[[-124.5,48.5],[-124.5,49],[-124,49],[-124,48.5],[-124.5,48.5]],[[-124.5,49],[-124.5,48.543],[-124.4958,48.5433],[-124.4853,48.5481],[-124.4749,48.5539],[-124.4694,48.5594],[-124.4463,48.5642],[-124.4352,48.5696],[-124.4137,48.5754],[-124.4073,48.5718],[-124.403,48.5671],[-124.4041,48.5594],[-124.4105,48.5558],[-124.423,48.5552],[-124.428,48.5532],[-124.4314,48.5499],[-124.4436,48.546],[-124.4575,48.5359],[-124.4579,48.5313],[-124.4533,48.5281],[-124.4472,48.5269],[-124.4478,48.5243],[-124.4427,48.5256],[-124.4356,48.5245],[-124.434,48.5228],[-124.4191,48.5221],[-124.406,48.5182],[-124.3997,48.5201],[-124.3985,48.5175],[-124.3942,48.5156],[-124.3665,48.5088],[-124.3109,48.5044],[-124.3019,48.5],[-124,48.5],[-124,49],[-124.5,49]]],[[[-124,48.5],[-124,49],[-123.5,49],[-123.5,48.5],[-124,48.5]],[[-124,49],[-124,48.5],[-123.5,48.5],[-123.5,48.5612],[-123.5053,48.5575],[-123.5071,48.553],[-123.5373,48.5464],[-123.5388,48.5445],[-123.5382,48.5322],[-123.5349,48.5252],[-123.5353,48.5156],[-123.5445,48.5021],[-123.5471,48.5],[-123.5531,48.5],[-123.5516,48.506],[-123.5485,48.5083],[-123.549,48.5121],[-123.5424,48.5163],[-123.5426,48.519],[-123.5432,48.5224],[-123.5449,48.5234],[-123.5446,48.5277],[-123.5554,48.5366],[-123.5576,48.5412],[-123.5576,48.5494],[-123.549,48.5575],[-123.5389,48.5581],[-123.5296,48.5619],[-123.5212,48.5605],[-123.5189,48.5649],[-123.5146,48.5677],[-123.5147,48.5721],[-123.5208,48.5826],[-123.5198,48.5897],[-123.523,48.5978],[-123.5181,48.6095],[-123.5185,48.6149],[-123.5268,48.6253],[-123.5303,48.6326],[-123.5368,48.6366],[-123.5446,48.6444],[-123.5504,48.6467],[-123.5529,48.6496],[-123.5518,48.6517],[-123.5553,48.6572],[-123.5534,48.6586],[-123.5469,48.655],[-123.5413,48.6541],[-123.5336,48.6603],[-123.5343,48.6643],[-123.5312,48.6708],[-123.5315,48.6814],[-123.5347,48.6872],[-123.5342,48.6939],[-123.5549,48.7051],[-123.5564,48.7081],[-123.5546,48.7142],[-123.5558,48.7172],[-123.5812,48.7322],[-123.5895,48.7361],[-123.6292,48.7443],[-123.6358,48.744],[-123.6413,48.7463],[-123.6364,48.7471],[-123.6393,48.7483],[-123.642,48.7521],[-123.6406,48.754],[-123.6387,48.7509],[-123.6234,48.7478],[-123.6267,48.7514],[-123.6367,48.7527],[-123.6379,48.7573],[-123.6334,48.7589],[-123.6337,48.7623],[-123.6299,48.7618],[-123.6264,48.7649],[-123.6196,48.764],[-123.6073,48.7559],[-123.6017,48.7553],[-123.5967,48.7581],[-123.5999,48.7608],[-123.598,48.7651],[-123.5929,48.7615],[-123.5884,48.7534],[-123.5821,48.7522],[-123.5775,48.746],[-123.5703,48.7425],[-123.5696,48.751],[-123.5784,48.7607],[-123.5801,48.7683],[-123.5734,48.7722],[-123.5654,48.7799],[-123.5579,48.78],[-123.5591,48.7839],[-123.5646,48.7891],[-123.5616,48.7957],[-123.5624,48.7984],[-123.5883,48.8079],[-123.5941,48.805],[-123.5977,48.8006],[-123.5963,48.7992],[-123.5991,48.7977],[-123.5989,48.7894],[-123.6024,48.794],[-123.5998,48.7942],[-123.6021,48.7969],[-123.6006,48.7982],[-123.6016,48.8025],[-123.6046,48.805],[-123.6092,48.8148],[-123.6007,48.8212],[-123.596,48.8228],[-123.5889,48.8206],[-123.5842,48.8243],[-123.5896,48.8358],[-123.5875,48.8403],[-123.5926,48.8482],[-123.6135,48.854],[-123.6209,48.8613],[-123.6301,48.8629],[-123.6352,48.8616],[-123.6417,48.8684],[-123.6403,48.8703],[-123.6434,48.8732],[-123.6415,48.8729],[-123.6429,48.8745],[-123.6419,48.8755],[-123.6459,48.8825],[-123.65,48.885],[-123.6506,48.8816],[-123.66,48.881],[-123.6569,48.883],[-123.6607,48.8842],[-123.6593,48.8852],[-123.6624,48.8885],[-123.6667,48.8895],[-123.667,48.8919],[-123.6745,48.8935],[-123.6726,48.8973],[-123.6781,48.9035],[-123.6896,48.9055],[-123.6965,48.9092],[-123.6968,48.9156],[-123.7019,48.9197],[-123.7041,48.9286],[-123.7068,48.9296],[-123.7039,48.9187],[-123.7099,48.9184],[-123.7144,48.9244],[-123.7144,48.927],[-123.7378,48.9382],[-123.7474,48.9515],[-123.7562,48.9587],[-123.7735,48.9642],[-123.7757,48.9669],[-123.7951,48.9741],[-123.8076,48.9876],[-123.8077,48.995],[-123.8125,48.9942],[-123.8169,48.9966],[-123.816,48.9986],[-123.8174,49],[-123.8022,49],[-123.8008,48.996],[-123.7929,48.9976],[-123.7871,48.9921],[-123.7786,48.9916],[-123.7775,48.9877],[-123.7692,48.9809],[-123.7693,48.986],[-123.7726,48.988],[-123.7574,48.9867],[-123.7606,48.9909],[-123.7581,48.9959],[-123.7605,49],[-124,49]],[[-123.5892,49],[-123.5816,48.9901],[-123.5766,48.9878],[-123.5715,48.9799],[-123.5678,48.9799],[-123.5683,48.9781],[-123.5638,48.9728],[-123.5415,48.9562],[-123.5213,48.945],[-123.5122,48.9418],[-123.5088,48.9427],[-123.5015,48.9417],[-123.5,48.9379],[-123.5,48.9564],[-123.511,48.961],[-123.5329,48.9778],[-123.5406,48.9819],[-123.5597,49],[-123.5892,49]],[[-123.5,48.895],[-123.5034,48.8961],[-123.5033,48.8948],[-123.5,48.8938],[-123.5,48.8916],[-123.5037,48.8932],[-123.522,48.9103],[-123.5304,48.9152],[-123.5477,48.9195],[-123.5776,48.9383],[-123.5953,48.9455],[-123.5942,48.943],[-123.5982,48.9417],[-123.5959,48.9364],[-123.598,48.9323],[-123.5928,48.9282],[-123.5941,48.9265],[-123.5873,48.9184],[-123.5926,48.912],[-123.5884,48.9009],[-123.5923,48.8985],[-123.5869,48.8934],[-123.5751,48.8875],[-123.5813,48.8871],[-123.571,48.8797],[-123.571,48.8769],[-123.5493,48.8672],[-123.5512,48.8645],[-123.5616,48.8578],[-123.5615,48.8539],[-123.5708,48.8493],[-123.5701,48.8333],[-123.5724,48.8252],[-123.5718,48.8222],[-123.5672,48.8176],[-123.5547,48.8139],[-123.5435,48.8042],[-123.5237,48.7948],[-123.5178,48.7899],[-123.5219,48.7884],[-123.5435,48.7921],[-123.5541,48.7871],[-123.5468,48.7828],[-123.5448,48.7783],[-123.5466,48.777],[-123.547,48.7738],[-123.5541,48.7717],[-123.5621,48.7667],[-123.563,48.7599],[-123.5495,48.7502],[-123.5507,48.7475],[-123.5351,48.7381],[-123.5255,48.7346],[-123.5198,48.7297],[-123.5115,48.7254],[-123.5077,48.7205],[-123.5,48.7151],[-123.5,48.895]],[[-123.5021,48.9399],[-123.5056,48.9408],[-123.5038,48.9392],[-123.5021,48.9399]],[[-123.5573,48.9452],[-123.5567,48.9435],[-123.5585,48.9428],[-123.5398,48.9328],[-123.5355,48.9318],[-123.5344,48.9334],[-123.5446,48.9395],[-123.5482,48.9435],[-123.5734,48.9568],[-123.5734,48.9552],[-123.5666,48.9495],[-123.5573,48.9452]],[[-123.586,48.957],[-123.5776,48.955],[-123.578,48.9579],[-123.5852,48.9618],[-123.5883,48.9592],[-123.586,48.957]],[[-123.5904,48.9546],[-123.5862,48.9507],[-123.5853,48.9533],[-123.5899,48.9557],[-123.5904,48.9546]],[[-123.5895,48.9594],[-123.5885,48.9636],[-123.5896,48.9645],[-123.5984,48.9693],[-123.6048,48.9706],[-123.6045,48.9681],[-123.5921,48.9594],[-123.5895,48.9594]],[[-123.6004,48.9792],[-123.601,48.9832],[-123.604,48.9852],[-123.6084,48.9853],[-123.6067,48.9825],[-123.6004,48.9792]],[[-123.6063,48.9714],[-123.6094,48.9735],[-123.6106,48.9726],[-123.6096,48.9709],[-123.6063,48.9714]],[[-123.6173,48.9911],[-123.6137,48.9944],[-123.6177,49],[-123.6322,49],[-123.6226,48.9978],[-123.6173,48.9911]],[[-123.6275,48.9812],[-123.6174,48.9757],[-123.6166,48.9773],[-123.6238,48.9812],[-123.6275,48.9812]],[[-123.6327,48.9309],[-123.6337,48.9299],[-123.6308,48.9273],[-123.631,48.9253],[-123.6243,48.9214],[-123.6248,48.9267],[-123.6299,48.9311],[-123.6327,48.9309]],[[-123.6307,48.97],[-123.6365,48.977],[-123.6357,48.9831],[-123.6422,48.9818],[-123.6369,48.9799],[-123.643,48.9794],[-123.6594,48.984],[-123.6628,48.9807],[-123.6664,48.9828],[-123.6521,48.9898],[-123.6537,48.9954],[-123.6573,49],[-123.7017,49],[-123.6916,48.9818],[-123.6878,48.9803],[-123.6811,48.9812],[-123.678,48.9801],[-123.6743,48.9728],[-123.6752,48.9702],[-123.6734,48.9689],[-123.6724,48.9702],[-123.6671,48.9703],[-123.6688,48.9775],[-123.6753,48.9834],[-123.6699,48.9833],[-123.6693,48.9798],[-123.6576,48.9682],[-123.6619,48.9652],[-123.6593,48.9605],[-123.6617,48.9575],[-123.6569,48.9488],[-123.6524,48.9447],[-123.6432,48.9418],[-123.6388,48.9422],[-123.6372,48.9395],[-123.6398,48.9383],[-123.6393,48.9365],[-123.6322,48.9339],[-123.628,48.9384],[-123.6281,48.955],[-123.6307,48.97]],[[-123.6325,48.8794],[-123.6297,48.8772],[-123.6292,48.8792],[-123.6381,48.8839],[-123.6406,48.8872],[-123.6419,48.8839],[-123.6389,48.8828],[-123.6381,48.8803],[-123.6317,48.8756],[-123.6306,48.8769],[-123.6333,48.8786],[-123.6325,48.8794]],[[-123.6508,48.9923],[-123.6474,48.991],[-123.6495,48.993],[-123.6508,48.9923]],[[-123.6738,48.9076],[-123.672,48.9023],[-123.6739,48.902],[-123.6689,48.8977],[-123.664,48.8952],[-123.6635,48.8967],[-123.6573,48.8951],[-123.6682,48.9055],[-123.6738,48.9076]],[[-123.6824,48.9654],[-123.6776,48.9615],[-123.6744,48.9623],[-123.6754,48.9641],[-123.6823,48.9667],[-123.6824,48.9654]],[[-123.6756,48.9083],[-123.6754,48.91],[-123.6781,48.9109],[-123.6756,48.9083]],[[-123.6851,48.9142],[-123.6859,48.9136],[-123.682,48.9097],[-123.6851,48.9142]],[[-123.6854,48.9147],[-123.687,48.9167],[-123.6871,48.9147],[-123.6854,48.9147]],[[-123.6909,48.974],[-123.6912,48.9708],[-123.6858,48.9732],[-123.6895,48.9748],[-123.6909,48.974]],[[-123.6898,48.9153],[-123.6907,48.9145],[-123.6879,48.9134],[-123.6898,48.9153]],[[-123.6959,48.9721],[-123.6941,48.9717],[-123.694,48.974],[-123.6959,48.9721]],[[-123.7956,48.9933],[-123.7931,48.9914],[-123.7833,48.9897],[-123.7956,48.9933]],[[-123.7936,48.9961],[-123.7944,48.9953],[-123.7919,48.9944],[-123.7936,48.9961]],[[-123.81,49],[-123.8038,48.9961],[-123.8057,49],[-123.81,49]]],[[[-123.5,48.5],[-123.5,49],[-123.3184,49],[-123.0085,48.8312],[-123.0085,48.7671],[-123.2679,48.694],[-123.2189,48.5487],[-123.1887,48.5],[-123.5,48.5]],[[-123.1912,48.8083],[-123.1987,48.8078],[-123.2019,48.8111],[-123.2048,48.8112],[-123.2014,48.8083],[-123.2037,48.8066],[-123.2031,48.8051],[-123.1891,48.8014],[-123.1761,48.7953],[-123.1861,48.7952],[-123.2014,48.7986],[-123.2013,48.7953],[-123.1961,48.7928],[-123.1992,48.788],[-123.2005,48.7886],[-123.2009,48.7937],[-123.2035,48.7957],[-123.2119,48.796],[-123.2154,48.7917],[-123.2078,48.7839],[-123.2028,48.7827],[-123.2012,48.7773],[-123.2027,48.7753],[-123.2012,48.7738],[-123.1894,48.7721],[-123.1806,48.7683],[-123.155,48.7632],[-123.1524,48.7646],[-123.1338,48.7627],[-123.1318,48.7631],[-123.1303,48.7662],[-123.1236,48.7672],[-123.114,48.7652],[-123.0944,48.7643],[-123.0887,48.7671],[-123.0902,48.7727],[-123.0974,48.775],[-123.1056,48.7752],[-123.111,48.778],[-123.1104,48.7796],[-123.0914,48.778],[-123.0854,48.7785],[-123.0839,48.7806],[-123.0802,48.7809],[-123.0607,48.7791],[-123.0469,48.7813],[-123.0444,48.7836],[-123.0454,48.7859],[-123.0554,48.7839],[-123.0657,48.7841],[-123.0927,48.788],[-123.1075,48.7916],[-123.1091,48.7939],[-123.1257,48.7958],[-123.187,48.8134],[-123.1894,48.8126],[-123.1895,48.8097],[-123.1912,48.8083]],[[-123.0733,48.796],[-123.0742,48.7943],[-123.0787,48.7942],[-123.1023,48.7982],[-123.0966,48.7953],[-123.0681,48.79],[-123.0588,48.7903],[-123.0508,48.7937],[-123.0618,48.7946],[-123.0618,48.7978],[-123.075,48.798],[-123.0768,48.7966],[-123.0733,48.796]],[[-123.0836,48.7976],[-123.0837,48.7988],[-123.098,48.8018],[-123.0943,48.7989],[-123.0863,48.7967],[-123.0836,48.7976]],[[-123.2588,48.7673],[-123.2746,48.773],[-123.2746,48.7747],[-123.2707,48.7772],[-123.263,48.7734],[-123.2469,48.7698],[-123.2398,48.7707],[-123.2438,48.7736],[-123.2446,48.7774],[-123.2499,48.7802],[-123.25,48.7831],[-123.2562,48.7933],[-123.2702,48.8022],[-123.2749,48.8023],[-123.278,48.8056],[-123.2772,48.8076],[-123.2803,48.8123],[-123.2903,48.8178],[-123.3006,48.8169],[-123.3088,48.8222],[-123.323,48.822],[-123.3275,48.819],[-123.3182,48.8106],[-123.3193,48.8075],[-123.3272,48.8075],[-123.3276,48.8046],[-123.3123,48.7985],[-123.3066,48.7988],[-123.304,48.7965],[-123.3054,48.795],[-123.3134,48.7952],[-123.3112,48.7941],[-123.3181,48.7885],[-123.3079,48.7795],[-123.309,48.7785],[-123.3129,48.7808],[-123.3146,48.7786],[-123.3177,48.7791],[-123.3207,48.7775],[-123.3152,48.7721],[-123.3149,48.7698],[-123.3048,48.766],[-123.3021,48.7663],[-123.3021,48.7637],[-123.2793,48.7552],[-123.271,48.7489],[-123.2499,48.7405],[-123.2386,48.7379],[-123.2361,48.7358],[-123.2303,48.7364],[-123.234,48.7383],[-123.2319,48.74],[-123.2355,48.7402],[-123.2411,48.7439],[-123.239,48.7463],[-123.263,48.7548],[-123.2671,48.7596],[-123.257,48.7624],[-123.2465,48.7549],[-123.2306,48.7527],[-123.229,48.7437],[-123.2136,48.7379],[-123.2075,48.732],[-123.2015,48.732],[-123.2005,48.7334],[-123.1923,48.7346],[-123.1874,48.7335],[-123.1841,48.7352],[-123.1824,48.7396],[-123.1802,48.74],[-123.1876,48.7432],[-123.1872,48.7456],[-123.1754,48.7436],[-123.1734,48.7445],[-123.1903,48.7526],[-123.2153,48.7592],[-123.2279,48.7602],[-123.2486,48.7675],[-123.2588,48.7673]],[[-123.1792,48.8225],[-123.1883,48.8261],[-123.1797,48.8214],[-123.1792,48.8225]],[[-123.2261,48.8233],[-123.2153,48.8194],[-123.2114,48.8225],[-123.2042,48.8186],[-123.2053,48.8164],[-123.2089,48.8169],[-123.2069,48.8147],[-123.2008,48.8125],[-123.1975,48.8128],[-123.1958,48.815],[-123.1906,48.8142],[-123.1897,48.8153],[-123.2261,48.8333],[-123.2317,48.8344],[-123.2336,48.8331],[-123.2322,48.8314],[-123.2328,48.8275],[-123.2261,48.8233]],[[-123.2053,48.8299],[-123.2111,48.8331],[-123.2128,48.8325],[-123.2053,48.8299]],[[-123.2266,48.8223],[-123.2273,48.8202],[-123.2234,48.8184],[-123.2201,48.819],[-123.2266,48.8223]],[[-123.3038,48.8672],[-123.3052,48.863],[-123.2979,48.8587],[-123.2987,48.8534],[-123.3037,48.8515],[-123.3103,48.8526],[-123.3139,48.8506],[-123.3174,48.8541],[-123.3265,48.8563],[-123.3421,48.8581],[-123.3456,48.8573],[-123.3405,48.8531],[-123.3281,48.8484],[-123.3215,48.843],[-123.323,48.8416],[-123.3304,48.8427],[-123.3343,48.8416],[-123.3209,48.835],[-123.3253,48.8349],[-123.3285,48.8327],[-123.3148,48.8299],[-123.3139,48.8312],[-123.3032,48.8271],[-123.2865,48.8263],[-123.2802,48.8229],[-123.278,48.8253],[-123.2672,48.823],[-123.2604,48.8195],[-123.2436,48.8186],[-123.24,48.8158],[-123.23,48.8139],[-123.2275,48.8148],[-123.2319,48.8178],[-123.2292,48.8219],[-123.2309,48.8236],[-123.2518,48.8282],[-123.2518,48.8297],[-123.246,48.8313],[-123.2451,48.8358],[-123.2479,48.839],[-123.2496,48.8454],[-123.2484,48.8465],[-123.244,48.8461],[-123.2443,48.8478],[-123.271,48.8577],[-123.2704,48.8601],[-123.2626,48.8597],[-123.2503,48.8554],[-123.2453,48.856],[-123.2616,48.8634],[-123.267,48.8636],[-123.2768,48.867],[-123.2838,48.8733],[-123.2905,48.8747],[-123.3038,48.8672]],[[-123.234,48.8446],[-123.2364,48.8456],[-123.2424,48.8444],[-123.2335,48.8422],[-123.234,48.8446]],[[-123.2356,48.8292],[-123.2389,48.8308],[-123.2381,48.8325],[-123.2394,48.8353],[-123.2425,48.8347],[-123.2442,48.8297],[-123.2361,48.8256],[-123.2356,48.8292]],[[-123.2665,48.5679],[-123.2646,48.5676],[-123.2647,48.571],[-123.269,48.5718],[-123.269,48.5698],[-123.2665,48.5679]],[[-123.5,48.5],[-123.3388,48.5],[-123.3652,48.5155],[-123.3667,48.52],[-123.3644,48.5259],[-123.3659,48.5328],[-123.3619,48.5417],[-123.3619,48.5453],[-123.3651,48.5499],[-123.3618,48.5571],[-123.367,48.5599],[-123.3677,48.5688],[-123.3661,48.5732],[-123.371,48.5825],[-123.3702,48.5885],[-123.3718,48.5916],[-123.3701,48.5969],[-123.3721,48.5988],[-123.3769,48.5928],[-123.3741,48.5909],[-123.3746,48.5895],[-123.3783,48.5919],[-123.3835,48.5918],[-123.3904,48.5943],[-123.3905,48.5972],[-123.3881,48.5983],[-123.3885,48.5996],[-123.393,48.6007],[-123.3947,48.6084],[-123.4097,48.6273],[-123.4074,48.6326],[-123.3949,48.6448],[-123.3922,48.6493],[-123.3971,48.653],[-123.3939,48.656],[-123.3926,48.6616],[-123.394,48.6625],[-123.4,48.6611],[-123.403,48.6632],[-123.4032,48.6644],[-123.397,48.6667],[-123.3995,48.6688],[-123.4062,48.6707],[-123.4108,48.6672],[-123.416,48.6726],[-123.4211,48.6737],[-123.4167,48.6738],[-123.4133,48.6772],[-123.4108,48.6742],[-123.3968,48.6743],[-123.3966,48.6765],[-123.4029,48.6801],[-123.4024,48.6834],[-123.4003,48.6852],[-123.4021,48.6884],[-123.4068,48.6872],[-123.4397,48.6992],[-123.4765,48.6958],[-123.4826,48.6936],[-123.4843,48.6914],[-123.484,48.6885],[-123.4747,48.6876],[-123.4741,48.6846],[-123.4761,48.6833],[-123.4751,48.6804],[-123.4826,48.6806],[-123.4892,48.6766],[-123.4835,48.6747],[-123.4813,48.6727],[-123.4831,48.6718],[-123.4792,48.6706],[-123.4787,48.6685],[-123.4729,48.6684],[-123.4739,48.6658],[-123.4706,48.6639],[-123.4568,48.6657],[-123.4478,48.6588],[-123.4465,48.6549],[-123.4472,48.6532],[-123.4497,48.6539],[-123.4508,48.6508],[-123.4602,48.6487],[-123.4752,48.6408],[-123.4801,48.6313],[-123.4787,48.6259],[-123.4679,48.6306],[-123.4652,48.6285],[-123.4732,48.617],[-123.4784,48.6126],[-123.4816,48.6068],[-123.4809,48.6022],[-123.4781,48.6],[-123.4806,48.5973],[-123.4716,48.5944],[-123.4661,48.5899],[-123.4667,48.5836],[-123.4708,48.5811],[-123.4647,48.5724],[-123.4744,48.568],[-123.4755,48.5629],[-123.4663,48.5587],[-123.4763,48.5612],[-123.4747,48.574],[-123.4863,48.5775],[-123.4919,48.573],[-123.4966,48.5635],[-123.5,48.5612],[-123.5,48.5]],[[-123.3277,48.6315],[-123.3278,48.6243],[-123.333,48.6251],[-123.3365,48.6291],[-123.3373,48.6326],[-123.335,48.6357],[-123.3388,48.6383],[-123.3413,48.6375],[-123.3415,48.6333],[-123.3348,48.6244],[-123.326,48.6221],[-123.3121,48.6115],[-123.309,48.6018],[-123.2975,48.5949],[-123.2931,48.5875],[-123.2839,48.5927],[-123.2694,48.5905],[-123.2716,48.5952],[-123.2704,48.6001],[-123.2679,48.6011],[-123.2765,48.6083],[-123.2917,48.616],[-123.2964,48.6172],[-123.3003,48.6145],[-123.3078,48.617],[-123.3129,48.6233],[-123.3151,48.631],[-123.3307,48.643],[-123.3322,48.6415],[-123.3303,48.6404],[-123.3301,48.6355],[-123.3277,48.6315]],[[-123.286,48.5699],[-123.2868,48.5679],[-123.2818,48.5642],[-123.2809,48.561],[-123.2729,48.5615],[-123.273,48.569],[-123.2777,48.571],[-123.286,48.5699]],[[-123.3006,48.6618],[-123.2803,48.6614],[-123.2756,48.663],[-123.2979,48.6658],[-123.3006,48.6618]],[[-123.2827,48.6325],[-123.2911,48.6349],[-123.2863,48.6321],[-123.2827,48.6325]],[[-123.3214,48.7305],[-123.3302,48.7312],[-123.3259,48.7278],[-123.3328,48.7215],[-123.3331,48.7188],[-123.3116,48.7032],[-123.2985,48.6988],[-123.3001,48.7016],[-123.2954,48.7044],[-123.2957,48.7077],[-123.2909,48.7122],[-123.2903,48.7153],[-123.2949,48.7185],[-123.2997,48.7195],[-123.3004,48.7219],[-123.3046,48.7236],[-123.3047,48.7262],[-123.3111,48.7319],[-123.3185,48.7327],[-123.3214,48.7305]],[[-123.2942,48.6697],[-123.3014,48.6711],[-123.3019,48.67],[-123.2959,48.6682],[-123.2942,48.6697]],[[-123.5,48.9379],[-123.4809,48.9301],[-123.4555,48.9223],[-123.4152,48.9055],[-123.4076,48.9014],[-123.4107,48.8961],[-123.4096,48.894],[-123.405,48.8933],[-123.404,48.8945],[-123.4055,48.8967],[-123.4013,48.8978],[-123.3894,48.8914],[-123.3884,48.8874],[-123.3908,48.8852],[-123.3991,48.8871],[-123.3944,48.8812],[-123.3892,48.8784],[-123.3871,48.8735],[-123.391,48.8703],[-123.3742,48.8621],[-123.3525,48.8592],[-123.3501,48.8614],[-123.3501,48.8656],[-123.3459,48.8668],[-123.3333,48.8648],[-123.329,48.8612],[-123.3209,48.8622],[-123.3175,48.8608],[-123.3139,48.8625],[-123.3141,48.8676],[-123.3106,48.8684],[-123.3145,48.8715],[-123.3117,48.8712],[-123.3106,48.8726],[-123.319,48.8767],[-123.3124,48.8777],[-123.3116,48.8801],[-123.3248,48.887],[-123.3257,48.8841],[-123.3229,48.8799],[-123.325,48.8799],[-123.3313,48.8881],[-123.3362,48.8884],[-123.3367,48.8907],[-123.3416,48.8919],[-123.3349,48.8936],[-123.3364,48.8943],[-123.3353,48.8956],[-123.3386,48.8968],[-123.3383,48.8988],[-123.3439,48.9045],[-123.3483,48.9064],[-123.3566,48.9066],[-123.3829,48.9122],[-123.3983,48.9185],[-123.4073,48.9199],[-123.414,48.9252],[-123.4632,48.9443],[-123.4652,48.9463],[-123.489,48.9506],[-123.4953,48.9551],[-123.5,48.9564],[-123.5,48.9379]],[[-123.3295,48.6751],[-123.3111,48.6644],[-123.3202,48.6736],[-123.3294,48.6768],[-123.3295,48.6751]],[[-123.3168,48.8865],[-123.3182,48.8888],[-123.3124,48.8874],[-123.3185,48.8904],[-123.3167,48.8911],[-123.3221,48.8941],[-123.3267,48.8938],[-123.3267,48.8916],[-123.322,48.8877],[-123.3168,48.8865]],[[-123.3218,48.6765],[-123.317,48.675],[-123.3148,48.6784],[-123.3205,48.6808],[-123.3233,48.6788],[-123.3218,48.6765]],[[-123.3413,48.6663],[-123.3397,48.6624],[-123.3293,48.657],[-123.3272,48.6574],[-123.3366,48.6653],[-123.3413,48.6663]],[[-123.3479,48.6067],[-123.3567,48.6165],[-123.3773,48.6166],[-123.3576,48.6061],[-123.3535,48.6008],[-123.3501,48.5903],[-123.3477,48.5888],[-123.334,48.5967],[-123.3342,48.602],[-123.3384,48.6057],[-123.3479,48.6067]],[[-123.3944,48.8397],[-123.4081,48.8431],[-123.4057,48.8416],[-123.4059,48.84],[-123.401,48.8383],[-123.3987,48.8344],[-123.3938,48.8327],[-123.3954,48.8314],[-123.4026,48.8354],[-123.3991,48.8301],[-123.3799,48.8246],[-123.3803,48.8218],[-123.3846,48.8222],[-123.3823,48.819],[-123.3878,48.8208],[-123.3758,48.8128],[-123.3651,48.8087],[-123.3641,48.809],[-123.3663,48.8105],[-123.3656,48.8115],[-123.3714,48.8135],[-123.3719,48.8157],[-123.3781,48.8203],[-123.3745,48.8217],[-123.3706,48.8194],[-123.3674,48.8203],[-123.3606,48.8164],[-123.3594,48.8178],[-123.365,48.8221],[-123.366,48.8254],[-123.364,48.826],[-123.3543,48.8212],[-123.3561,48.8239],[-123.3533,48.8248],[-123.3561,48.8283],[-123.3516,48.8275],[-123.3546,48.8313],[-123.3626,48.8321],[-123.3714,48.8377],[-123.3775,48.8383],[-123.3991,48.8482],[-123.4043,48.8494],[-123.3944,48.8397]],[[-123.3576,48.5989],[-123.3574,48.596],[-123.3523,48.5924],[-123.3537,48.5958],[-123.3559,48.5964],[-123.3564,48.5994],[-123.3576,48.5989]],[[-123.3815,48.7281],[-123.3866,48.726],[-123.3856,48.7223],[-123.3812,48.7188],[-123.3756,48.7172],[-123.3711,48.718],[-123.3605,48.7252],[-123.3604,48.7279],[-123.3625,48.7295],[-123.3606,48.7306],[-123.3627,48.7308],[-123.3661,48.7347],[-123.37,48.7355],[-123.3798,48.7306],[-123.3815,48.7281]],[[-123.3877,48.6864],[-123.3852,48.6784],[-123.3735,48.6786],[-123.3645,48.6854],[-123.3697,48.6883],[-123.3877,48.6912],[-123.3838,48.6866],[-123.3877,48.6864]],[[-123.4651,48.7187],[-123.4555,48.7252],[-123.447,48.7267],[-123.4418,48.726],[-123.4258,48.7333],[-123.4316,48.7419],[-123.4319,48.7446],[-123.4481,48.7563],[-123.4614,48.7718],[-123.4441,48.7677],[-123.4292,48.7548],[-123.4108,48.7578],[-123.4029,48.755],[-123.3992,48.7572],[-123.3969,48.7551],[-123.3894,48.754],[-123.3879,48.7526],[-123.3842,48.754],[-123.384,48.7566],[-123.3806,48.7595],[-123.3801,48.7647],[-123.3774,48.7667],[-123.3702,48.768],[-123.3667,48.7717],[-123.3668,48.7746],[-123.3708,48.7755],[-123.3773,48.7817],[-123.3773,48.7856],[-123.3849,48.7881],[-123.3921,48.7951],[-123.3921,48.797],[-123.4079,48.7986],[-123.4176,48.8016],[-123.422,48.8043],[-123.4264,48.8113],[-123.4334,48.8133],[-123.4528,48.826],[-123.4704,48.8346],[-123.4728,48.8399],[-123.4855,48.8429],[-123.4887,48.846],[-123.492,48.8459],[-123.4967,48.8484],[-123.498,48.85],[-123.4953,48.8525],[-123.4996,48.8571],[-123.4911,48.8552],[-123.4854,48.8558],[-123.4885,48.8591],[-123.4547,48.8455],[-123.4443,48.844],[-123.4438,48.8454],[-123.4476,48.8491],[-123.4461,48.8505],[-123.4405,48.8463],[-123.4255,48.8406],[-123.4272,48.8439],[-123.4589,48.859],[-123.4667,48.8592],[-123.4708,48.8648],[-123.4697,48.8651],[-123.4623,48.8605],[-123.4567,48.861],[-123.4435,48.8566],[-123.4285,48.8472],[-123.4269,48.8449],[-123.425,48.8454],[-123.42,48.8429],[-123.4192,48.844],[-123.4205,48.8482],[-123.4257,48.8518],[-123.4685,48.8728],[-123.4784,48.8802],[-123.4932,48.8876],[-123.4938,48.89],[-123.4917,48.8924],[-123.5,48.895],[-123.4961,48.8909],[-123.5,48.8916],[-123.5,48.7151],[-123.487,48.7135],[-123.4651,48.7187]],[[-123.3749,48.6705],[-123.3753,48.6686],[-123.3705,48.67],[-123.3749,48.6705]],[[-123.3749,48.8109],[-123.3749,48.8098],[-123.3721,48.8095],[-123.3749,48.8109]],[[-123.3754,48.7343],[-123.374,48.7359],[-123.3781,48.7355],[-123.3754,48.7343]],[[-123.382,48.8131],[-123.379,48.8127],[-123.3829,48.8148],[-123.382,48.8131]],[[-123.3876,48.719],[-123.3863,48.7171],[-123.385,48.718],[-123.3863,48.721],[-123.3876,48.719]],[[-123.3851,48.8224],[-123.3907,48.8264],[-123.3999,48.8286],[-123.3863,48.8217],[-123.3851,48.8224]],[[-123.3903,48.7004],[-123.3881,48.6985],[-123.3893,48.7014],[-123.3903,48.7004]],[[-123.3912,48.6814],[-123.3897,48.6828],[-123.3907,48.6859],[-123.3953,48.6878],[-123.3966,48.6866],[-123.3952,48.6837],[-123.3912,48.6814]],[[-123.3944,48.6784],[-123.3922,48.6782],[-123.3949,48.6817],[-123.3944,48.6784]],[[-123.3948,48.874],[-123.3974,48.8762],[-123.397,48.8746],[-123.3948,48.874]],[[-123.3999,48.6982],[-123.3984,48.6959],[-123.3956,48.6973],[-123.3999,48.6982]],[[-123.3984,48.7012],[-123.4005,48.7001],[-123.3984,48.6992],[-123.3959,48.7009],[-123.3984,48.7012]],[[-123.4156,48.893],[-123.4167,48.8921],[-123.4217,48.8946],[-123.4284,48.8935],[-123.4123,48.8807],[-123.4008,48.8761],[-123.3976,48.8763],[-123.3974,48.8787],[-123.4001,48.8818],[-123.4128,48.8902],[-123.4098,48.8924],[-123.4199,48.897],[-123.4196,48.8953],[-123.4156,48.893]],[[-123.4066,48.7485],[-123.4018,48.7481],[-123.4071,48.75],[-123.4123,48.7469],[-123.4101,48.7462],[-123.4066,48.7485]],[[-123.4113,48.7014],[-123.4091,48.7006],[-123.4073,48.7033],[-123.4134,48.71],[-123.4194,48.7101],[-123.4236,48.7075],[-123.4248,48.7027],[-123.4193,48.7],[-123.4113,48.7014]],[[-123.4335,48.9016],[-123.4383,48.9028],[-123.4331,48.9],[-123.4335,48.9016]],[[-123.4414,48.8992],[-123.441,48.9006],[-123.444,48.9022],[-123.451,48.9036],[-123.4446,48.8995],[-123.4414,48.8992]],[[-123.4848,48.591],[-123.4843,48.5924],[-123.4879,48.5929],[-123.4848,48.591]]],[[[-126.5,49],[-126.5,49.5],[-126,49.5],[-126,49],[-126.5,49]],[[-126.5,49.5],[-126.5,49.379],[-126.4957,49.3788],[-126.4918,49.3767],[-126.4838,49.3795],[-126.4851,49.3766],[-126.483,49.3748],[-126.4714,49.3743],[-126.4732,49.376],[-126.4742,49.3814],[-126.4647,49.3849],[-126.4605,49.3912],[-126.463,49.3945],[-126.4668,49.3959],[-126.4619,49.3995],[-126.4596,49.4067],[-126.47,49.4111],[-126.4711,49.4155],[-126.4653,49.4175],[-126.4799,49.4164],[-126.4848,49.4185],[-126.4891,49.4229],[-126.4878,49.4307],[-126.483,49.4363],[-126.4747,49.4425],[-126.4743,49.4447],[-126.4667,49.4428],[-126.4643,49.4445],[-126.4606,49.4443],[-126.4621,49.4458],[-126.4604,49.4499],[-126.4534,49.4553],[-126.4546,49.4598],[-126.452,49.4607],[-126.4506,49.465],[-126.4454,49.4702],[-126.4256,49.4768],[-126.4112,49.4718],[-126.4068,49.4745],[-126.4031,49.4726],[-126.4043,49.4703],[-126.4057,49.4696],[-126.4066,49.4718],[-126.4148,49.465],[-126.4138,49.4597],[-126.4159,49.4569],[-126.424,49.4557],[-126.4282,49.4529],[-126.4321,49.4465],[-126.4193,49.442],[-126.4172,49.4351],[-126.4102,49.4325],[-126.4039,49.4277],[-126.4031,49.417],[-126.4073,49.4155],[-126.4071,49.4128],[-126.4023,49.4109],[-126.3945,49.411],[-126.3878,49.4079],[-126.3788,49.4062],[-126.3736,49.4074],[-126.3642,49.4057],[-126.3588,49.4028],[-126.3501,49.4009],[-126.3475,49.3949],[-126.3455,49.3945],[-126.3418,49.3895],[-126.3377,49.3881],[-126.3356,49.3815],[-126.3334,49.3796],[-126.319,49.371],[-126.3064,49.3699],[-126.3072,49.3671],[-126.3035,49.3658],[-126.2999,49.3607],[-126.2949,49.361],[-126.291,49.3583],[-126.2882,49.3593],[-126.2898,49.3573],[-126.2872,49.355],[-126.2886,49.3529],[-126.2857,49.3505],[-126.2831,49.3515],[-126.2718,49.3486],[-126.2665,49.3496],[-126.2675,49.3548],[-126.2705,49.359],[-126.269,49.3634],[-126.2736,49.3739],[-126.2725,49.3774],[-126.2675,49.3785],[-126.2657,49.375],[-126.2676,49.3726],[-126.2668,49.3673],[-126.2629,49.3678],[-126.2669,49.3589],[-126.2604,49.3537],[-126.2621,49.3475],[-126.2597,49.347],[-126.255,49.35],[-126.2553,49.3572],[-126.2519,49.3581],[-126.2531,49.3594],[-126.2523,49.3615],[-126.2549,49.3615],[-126.2577,49.3676],[-126.257,49.3707],[-126.2591,49.3732],[-126.261,49.3816],[-126.258,49.3835],[-126.2606,49.3873],[-126.2581,49.3897],[-126.2619,49.3933],[-126.2599,49.395],[-126.2615,49.3981],[-126.2593,49.4039],[-126.254,49.4055],[-126.2539,49.414],[-126.2516,49.4156],[-126.2524,49.4194],[-126.2509,49.4223],[-126.2523,49.4265],[-126.2673,49.445],[-126.2702,49.4451],[-126.2873,49.4392],[-126.2914,49.4345],[-126.2915,49.4289],[-126.2945,49.4268],[-126.3002,49.4274],[-126.3042,49.4208],[-126.3123,49.4201],[-126.3109,49.4235],[-126.3048,49.4269],[-126.3035,49.4346],[-126.296,49.4461],[-126.2919,49.4476],[-126.291,49.4513],[-126.2841,49.4514],[-126.284,49.4497],[-126.2871,49.4494],[-126.2823,49.4451],[-126.2795,49.4469],[-126.2803,49.451],[-126.2775,49.4546],[-126.2774,49.4611],[-126.2821,49.4697],[-126.282,49.4751],[-126.2874,49.486],[-126.2949,49.4957],[-126.2955,49.5],[-126.2868,49.5],[-126.2828,49.4957],[-126.2829,49.4914],[-126.2779,49.4828],[-126.2712,49.4763],[-126.2687,49.4656],[-126.2645,49.4546],[-126.2587,49.4457],[-126.259,49.4426],[-126.2475,49.4343],[-126.2436,49.4357],[-126.2432,49.4394],[-126.2451,49.4431],[-126.2406,49.4513],[-126.2405,49.4532],[-126.246,49.4591],[-126.2464,49.4692],[-126.2412,49.4744],[-126.2351,49.4739],[-126.2352,49.4714],[-126.2403,49.4672],[-126.2394,49.4514],[-126.2359,49.4493],[-126.237,49.4589],[-126.2359,49.4593],[-126.231,49.4514],[-126.2355,49.448],[-126.2365,49.4419],[-126.2324,49.4398],[-126.2282,49.4418],[-126.226,49.4408],[-126.2265,49.4355],[-126.2347,49.4328],[-126.2185,49.4281],[-126.22,49.4264],[-126.2324,49.4275],[-126.2361,49.4237],[-126.2377,49.4178],[-126.2362,49.4148],[-126.2304,49.4117],[-126.2267,49.4045],[-126.2184,49.4035],[-126.2139,49.4013],[-126.2059,49.4027],[-126.1901,49.3979],[-126.1823,49.3995],[-126.178,49.3978],[-126.1713,49.3979],[-126.1494,49.4006],[-126.1482,49.4018],[-126.1514,49.4036],[-126.1581,49.4039],[-126.1686,49.4019],[-126.1713,49.4041],[-126.1614,49.4097],[-126.1492,49.4094],[-126.1433,49.4109],[-126.1417,49.414],[-126.137,49.4174],[-126.1228,49.4226],[-126.1208,49.4299],[-126.0941,49.4307],[-126.0853,49.4361],[-126.0774,49.4377],[-126.0739,49.4314],[-126.0585,49.4305],[-126.0521,49.4334],[-126.0526,49.4399],[-126.0493,49.4443],[-126.046,49.4446],[-126.0453,49.4472],[-126.0403,49.4495],[-126.0377,49.4541],[-126.0333,49.4537],[-126.0323,49.452],[-126.0352,49.4485],[-126.0431,49.4448],[-126.0404,49.4431],[-126.0405,49.4392],[-126.0348,49.4352],[-126.0337,49.432],[-126.0396,49.4258],[-126.0465,49.4233],[-126.068,49.4201],[-126.0643,49.4177],[-126.0677,49.414],[-126.0623,49.4141],[-126.0597,49.4121],[-126.0607,49.4069],[-126.0662,49.4047],[-126.0681,49.4021],[-126.0791,49.4001],[-126.081,49.399],[-126.083,49.3936],[-126.0795,49.3927],[-126.0775,49.395],[-126.0721,49.393],[-126.0718,49.3899],[-126.0657,49.3826],[-126.0642,49.3768],[-126.0605,49.3743],[-126.0598,49.3587],[-126.0613,49.3504],[-126.0588,49.3471],[-126.0589,49.341],[-126.0544,49.3372],[-126.0507,49.3365],[-126.0536,49.333],[-126.0481,49.3313],[-126.0511,49.3346],[-126.0445,49.3346],[-126.0427,49.3329],[-126.0433,49.3296],[-126.0382,49.3301],[-126.0347,49.3248],[-126.0154,49.3194],[-126.001,49.3195],[-126,49.3206],[-126,49.3026],[-126.001,49.3044],[-126.0067,49.306],[-126.0174,49.3032],[-126.0155,49.3009],[-126.0184,49.2953],[-126.0164,49.2939],[-126.0121,49.2956],[-126.0065,49.2923],[-126.0086,49.2918],[-126.0085,49.2891],[-126.0055,49.2891],[-126.0043,49.2864],[-126.0099,49.286],[-126.0092,49.2847],[-126.011,49.2842],[-126.0086,49.2815],[-126.0176,49.2825],[-126.0201,49.2858],[-126.0237,49.2874],[-126.0312,49.2859],[-126.026,49.2758],[-126.0265,49.2714],[-126.024,49.2616],[-126.0202,49.2597],[-126.0211,49.2567],[-126.0136,49.2549],[-126.0141,49.2518],[-126.0107,49.247],[-126.0103,49.245],[-126.0156,49.2443],[-126.0181,49.2413],[-126.0141,49.2426],[-126.0069,49.2389],[-126.0027,49.2416],[-126,49.2397],[-126,49.5],[-126.5,49.5]],[[-126,49.2126],[-126.0127,49.2173],[-126.0186,49.217],[-126.0224,49.2149],[-126.022,49.212],[-126.0266,49.2122],[-126.0282,49.2079],[-126.0332,49.2087],[-126.0388,49.2071],[-126.0401,49.2054],[-126.038,49.202],[-126.0395,49.1998],[-126.0362,49.1999],[-126.0348,49.198],[-126.0368,49.1908],[-126.0312,49.1875],[-126.0309,49.1854],[-126.0266,49.1849],[-126.0264,49.1873],[-126.0233,49.1869],[-126.0243,49.1893],[-126.0174,49.1871],[-126.0119,49.1813],[-126.0092,49.172],[-126.0122,49.167],[-126.021,49.1684],[-126.023,49.1651],[-126.0188,49.1598],[-126.0125,49.1563],[-126.01,49.1596],[-126.0064,49.1582],[-126.007,49.1602],[-126,49.1585],[-126,49.2126]],[[-126.0028,49.1511],[-126,49.1483],[-126,49.1512],[-126.0028,49.1511]],[[-126.0217,49.1553],[-126.0239,49.1575],[-126.0272,49.1578],[-126.0306,49.1569],[-126.0294,49.155],[-126.0325,49.1564],[-126.0344,49.1553],[-126.03,49.1517],[-126.0272,49.1558],[-126.0217,49.1553]],[[-126.0299,49.2127],[-126.0291,49.2139],[-126.033,49.2155],[-126.0341,49.2139],[-126.0299,49.2127]],[[-126.0587,49.3184],[-126.0557,49.3138],[-126.0588,49.3105],[-126.0536,49.3039],[-126.0477,49.3027],[-126.0454,49.3048],[-126.0325,49.3061],[-126.0334,49.3099],[-126.0574,49.3239],[-126.0587,49.3184]],[[-126.0338,49.2849],[-126.0347,49.2883],[-126.0355,49.2858],[-126.0338,49.2849]],[[-126.0442,49.2083],[-126.0439,49.2058],[-126.0419,49.2064],[-126.0422,49.2083],[-126.0442,49.2083]],[[-126.0476,49.3212],[-126.0447,49.3209],[-126.0435,49.3232],[-126.0468,49.3238],[-126.0476,49.3212]],[[-126.0466,49.1806],[-126.0459,49.1816],[-126.0477,49.1837],[-126.0485,49.1812],[-126.0466,49.1806]],[[-126.0519,49.2255],[-126.0467,49.2249],[-126.0459,49.2259],[-126.0503,49.2269],[-126.0519,49.2255]],[[-126.0891,49.2491],[-126.0859,49.2459],[-126.0787,49.247],[-126.0789,49.2487],[-126.0844,49.2526],[-126.0808,49.257],[-126.0732,49.2591],[-126.067,49.257],[-126.0633,49.2612],[-126.0546,49.2602],[-126.0541,49.2659],[-126.0477,49.2692],[-126.0472,49.2713],[-126.0571,49.2825],[-126.0563,49.2916],[-126.0698,49.3002],[-126.0711,49.2981],[-126.0679,49.2929],[-126.0682,49.2887],[-126.0706,49.2864],[-126.0701,49.283],[-126.0637,49.2781],[-126.0646,49.275],[-126.06,49.271],[-126.0613,49.269],[-126.066,49.2705],[-126.0666,49.2762],[-126.0699,49.2782],[-126.0728,49.2726],[-126.0703,49.2701],[-126.0713,49.2686],[-126.0732,49.2683],[-126.0755,49.2708],[-126.0756,49.2733],[-126.0739,49.2738],[-126.0709,49.2811],[-126.0755,49.2948],[-126.0752,49.3023],[-126.081,49.3102],[-126.0769,49.3174],[-126.0752,49.3259],[-126.0756,49.3312],[-126.0785,49.3323],[-126.0801,49.3372],[-126.0776,49.3393],[-126.0835,49.3447],[-126.0818,49.3461],[-126.084,49.3567],[-126.0803,49.3596],[-126.0813,49.3643],[-126.0866,49.3722],[-126.0943,49.3727],[-126.0955,49.3746],[-126.0948,49.3784],[-126.1005,49.3812],[-126.1015,49.383],[-126.0986,49.3849],[-126.1,49.3897],[-126.1084,49.3945],[-126.1259,49.3987],[-126.1288,49.3979],[-126.1306,49.3952],[-126.1364,49.3964],[-126.153,49.3923],[-126.1564,49.3889],[-126.1653,49.3877],[-126.1687,49.3847],[-126.1753,49.3825],[-126.1828,49.3752],[-126.1902,49.3743],[-126.193,49.375],[-126.1903,49.3762],[-126.1932,49.3816],[-126.1994,49.385],[-126.2037,49.3898],[-126.2123,49.3935],[-126.221,49.3934],[-126.2241,49.3901],[-126.2292,49.3943],[-126.231,49.3916],[-126.2335,49.391],[-126.2346,49.3892],[-126.2303,49.3809],[-126.2335,49.3767],[-126.2318,49.3749],[-126.2263,49.3758],[-126.2273,49.374],[-126.2325,49.3735],[-126.2311,49.3701],[-126.2322,49.3685],[-126.2264,49.3631],[-126.2282,49.3619],[-126.2299,49.3633],[-126.2304,49.36],[-126.2354,49.3593],[-126.2336,49.357],[-126.2344,49.3547],[-126.2304,49.356],[-126.229,49.3546],[-126.2332,49.3537],[-126.2374,49.3486],[-126.2319,49.3435],[-126.239,49.3447],[-126.2418,49.3396],[-126.2395,49.3385],[-126.238,49.3426],[-126.2366,49.3394],[-126.2389,49.3346],[-126.2437,49.3322],[-126.2345,49.3283],[-126.2356,49.3265],[-126.2332,49.3246],[-126.2374,49.3246],[-126.2401,49.3209],[-126.24,49.3188],[-126.2361,49.3179],[-126.239,49.3168],[-126.2396,49.3149],[-126.2236,49.3101],[-126.2271,49.3094],[-126.2235,49.3067],[-126.2245,49.3038],[-126.2165,49.2981],[-126.2235,49.2932],[-126.2285,49.2931],[-126.2275,49.2912],[-126.2339,49.2839],[-126.2323,49.2821],[-126.217,49.2825],[-126.2136,49.2781],[-126.2136,49.2752],[-126.2104,49.2728],[-126.2071,49.2721],[-126.2005,49.2667],[-126.1962,49.2672],[-126.1932,49.2641],[-126.1898,49.2654],[-126.1893,49.2621],[-126.1871,49.2606],[-126.186,49.2636],[-126.1826,49.2642],[-126.1821,49.2661],[-126.1738,49.2675],[-126.1729,49.2705],[-126.169,49.2732],[-126.1628,49.2712],[-126.1603,49.2728],[-126.1578,49.2703],[-126.1529,49.2707],[-126.1529,49.2725],[-126.1506,49.2734],[-126.1444,49.2722],[-126.1358,49.2662],[-126.135,49.2609],[-126.1397,49.2609],[-126.1412,49.2589],[-126.1369,49.255],[-126.1327,49.2547],[-126.1294,49.2573],[-126.1274,49.2539],[-126.1218,49.2567],[-126.1116,49.2554],[-126.1008,49.2501],[-126.1046,49.2451],[-126.1,49.2458],[-126.0932,49.2508],[-126.0891,49.2491]],[[-126.0509,49.3257],[-126.0496,49.3284],[-126.0522,49.3293],[-126.053,49.326],[-126.0509,49.3257]],[[-126.0512,49.1814],[-126.0516,49.1844],[-126.0586,49.1894],[-126.0664,49.19],[-126.0732,49.184],[-126.0601,49.1765],[-126.0503,49.1772],[-126.0501,49.1789],[-126.0534,49.1809],[-126.0512,49.1814]],[[-126.0546,49.2541],[-126.0543,49.2555],[-126.0574,49.2548],[-126.0546,49.2541]],[[-126.0999,49.3945],[-126.0982,49.3916],[-126.094,49.3901],[-126.0908,49.3918],[-126.0905,49.3945],[-126.0869,49.3929],[-126.0841,49.3963],[-126.0866,49.3999],[-126.0933,49.397],[-126.0928,49.3995],[-126.0811,49.4013],[-126.0698,49.4057],[-126.0664,49.4095],[-126.0691,49.4109],[-126.0775,49.4109],[-126.078,49.4123],[-126.0727,49.4132],[-126.0719,49.4157],[-126.0847,49.4196],[-126.1112,49.4169],[-126.1181,49.4128],[-126.1176,49.4101],[-126.1246,49.4102],[-126.1255,49.4045],[-126.118,49.4031],[-126.1154,49.3993],[-126.1109,49.3968],[-126.0999,49.3945]],[[-126.0719,49.2287],[-126.0699,49.228],[-126.0694,49.2295],[-126.0719,49.2287]],[[-126.0771,49.2131],[-126.074,49.2104],[-126.0705,49.2119],[-126.0719,49.2149],[-126.0771,49.2131]],[[-126.0906,49.2167],[-126.0904,49.2178],[-126.0929,49.218],[-126.0919,49.2199],[-126.0862,49.2188],[-126.0828,49.2158],[-126.0796,49.2164],[-126.0777,49.2188],[-126.0777,49.223],[-126.0858,49.2261],[-126.096,49.2267],[-126.0938,49.2224],[-126.0965,49.2207],[-126.1015,49.223],[-126.1031,49.2209],[-126.1008,49.2199],[-126.1008,49.2171],[-126.0983,49.2172],[-126.0963,49.2153],[-126.0906,49.2167]],[[-126.0888,49.1711],[-126.0905,49.1739],[-126.0967,49.1744],[-126.0982,49.1732],[-126.0921,49.1678],[-126.0889,49.1686],[-126.0888,49.1711]],[[-126.1261,49.2444],[-126.127,49.2426],[-126.1225,49.243],[-126.122,49.2442],[-126.1261,49.2444]],[[-126.1816,49.3807],[-126.1804,49.3825],[-126.1812,49.3845],[-126.1872,49.3824],[-126.187,49.3805],[-126.1816,49.3807]],[[-126.232,49.3665],[-126.234,49.3697],[-126.2362,49.3703],[-126.238,49.3688],[-126.2345,49.3622],[-126.2319,49.3634],[-126.232,49.3665]]],[[[-126,49],[-126,49.5],[-125.5,49.5],[-125.5,49],[-126,49]],[[-126,49.5],[-126,49.3206],[-125.9926,49.3288],[-125.9903,49.3295],[-125.9894,49.3371],[-125.9913,49.35],[-125.9886,49.3548],[-125.9857,49.3542],[-125.9848,49.3478],[-125.9818,49.3441],[-125.9732,49.3463],[-125.9709,49.3507],[-125.9673,49.3526],[-125.9637,49.3573],[-125.9587,49.3589],[-125.9557,49.363],[-125.9555,49.3669],[-125.9588,49.3718],[-125.9566,49.3749],[-125.9527,49.376],[-125.9546,49.3829],[-125.9529,49.386],[-125.9479,49.3876],[-125.9481,49.3914],[-125.945,49.3984],[-125.9315,49.4027],[-125.92,49.4022],[-125.9176,49.4065],[-125.914,49.4085],[-125.9157,49.4156],[-125.9059,49.4178],[-125.9025,49.4205],[-125.898,49.4176],[-125.8968,49.4127],[-125.9054,49.397],[-125.9168,49.3926],[-125.93,49.392],[-125.9324,49.3899],[-125.9345,49.3815],[-125.9307,49.3793],[-125.9273,49.3833],[-125.9245,49.3801],[-125.9292,49.378],[-125.9338,49.3729],[-125.9325,49.3626],[-125.9363,49.3534],[-125.9386,49.3517],[-125.9394,49.3472],[-125.9458,49.3375],[-125.9528,49.3339],[-125.9529,49.3288],[-125.9499,49.3277],[-125.9502,49.3241],[-125.9479,49.3211],[-125.9488,49.3165],[-125.9561,49.3147],[-125.9599,49.3108],[-125.9487,49.3074],[-125.9467,49.3028],[-125.952,49.3011],[-125.9811,49.3043],[-125.9849,49.3018],[-125.9851,49.2984],[-125.9797,49.2985],[-125.976,49.2952],[-125.9739,49.2963],[-125.9747,49.2992],[-125.97,49.2991],[-125.9676,49.2969],[-125.9705,49.2946],[-125.9765,49.2936],[-125.9856,49.2966],[-125.9924,49.3008],[-126,49.3026],[-126,49.2397],[-125.9948,49.236],[-125.9904,49.2366],[-125.9829,49.2331],[-125.9824,49.2298],[-125.9791,49.228],[-125.9758,49.229],[-125.9726,49.2255],[-125.971,49.2279],[-125.9652,49.2294],[-125.962,49.2328],[-125.9577,49.2345],[-125.9568,49.2373],[-125.9527,49.2407],[-125.9372,49.2444],[-125.9361,49.2458],[-125.938,49.2476],[-125.9428,49.2476],[-125.9437,49.2502],[-125.9346,49.2584],[-125.927,49.2575],[-125.924,49.2631],[-125.9179,49.2644],[-125.9149,49.2669],[-125.914,49.2716],[-125.9064,49.2702],[-125.9111,49.2762],[-125.8962,49.2803],[-125.8929,49.2777],[-125.89,49.2774],[-125.8849,49.2793],[-125.8853,49.2816],[-125.8837,49.2829],[-125.873,49.2747],[-125.8685,49.2751],[-125.866,49.273],[-125.8581,49.2778],[-125.8474,49.2769],[-125.851,49.2736],[-125.8647,49.272],[-125.8613,49.2703],[-125.8623,49.2667],[-125.8602,49.265],[-125.8624,49.263],[-125.8623,49.2607],[-125.867,49.2581],[-125.8668,49.2565],[-125.8557,49.255],[-125.8487,49.2592],[-125.8344,49.2616],[-125.8335,49.2639],[-125.837,49.2692],[-125.8356,49.2793],[-125.8383,49.284],[-125.8378,49.288],[-125.8354,49.2908],[-125.8323,49.2903],[-125.8288,49.2973],[-125.8235,49.2967],[-125.8205,49.299],[-125.8187,49.3076],[-125.8149,49.3127],[-125.8158,49.3218],[-125.8102,49.3246],[-125.8124,49.3262],[-125.8102,49.3278],[-125.811,49.3299],[-125.8066,49.3416],[-125.8041,49.3441],[-125.7966,49.3461],[-125.7966,49.3492],[-125.791,49.3564],[-125.7833,49.3607],[-125.7778,49.3617],[-125.772,49.3599],[-125.772,49.3566],[-125.7854,49.3511],[-125.7883,49.344],[-125.7987,49.3387],[-125.8019,49.3336],[-125.801,49.3318],[-125.793,49.3282],[-125.7927,49.3219],[-125.7943,49.3196],[-125.7915,49.3157],[-125.7926,49.314],[-125.7912,49.3108],[-125.7934,49.3058],[-125.8021,49.2973],[-125.8027,49.2887],[-125.8071,49.2808],[-125.8059,49.2793],[-125.8095,49.2604],[-125.8142,49.2534],[-125.8119,49.2457],[-125.8086,49.2423],[-125.7996,49.2393],[-125.7863,49.2395],[-125.7789,49.2404],[-125.7723,49.2441],[-125.7707,49.2425],[-125.7679,49.2432],[-125.7662,49.2442],[-125.7671,49.2461],[-125.7581,49.2484],[-125.7548,49.2509],[-125.7529,49.2558],[-125.7465,49.2583],[-125.7434,49.2563],[-125.7418,49.2588],[-125.7354,49.2621],[-125.7321,49.2616],[-125.7302,49.2556],[-125.7363,49.2495],[-125.7404,49.2399],[-125.7504,49.2327],[-125.7537,49.2271],[-125.7526,49.2247],[-125.7545,49.2216],[-125.7521,49.2188],[-125.7505,49.2125],[-125.7541,49.2086],[-125.7514,49.2031],[-125.753,49.1971],[-125.7501,49.1922],[-125.7521,49.1881],[-125.746,49.1859],[-125.7458,49.1812],[-125.751,49.1797],[-125.7548,49.1759],[-125.7591,49.1768],[-125.7571,49.1723],[-125.7611,49.1734],[-125.7619,49.1696],[-125.7735,49.1556],[-125.7697,49.1524],[-125.7712,49.1481],[-125.7824,49.1519],[-125.7848,49.149],[-125.783,49.1472],[-125.7836,49.1445],[-125.7932,49.1458],[-125.7907,49.1405],[-125.7833,49.138],[-125.7792,49.1324],[-125.7753,49.1332],[-125.767,49.1292],[-125.7616,49.1309],[-125.7611,49.1356],[-125.7658,49.1408],[-125.7657,49.1435],[-125.7693,49.1451],[-125.7686,49.1472],[-125.7615,49.1488],[-125.7514,49.1448],[-125.7426,49.1495],[-125.7435,49.1604],[-125.7424,49.164],[-125.7441,49.1667],[-125.7475,49.1681],[-125.7452,49.1704],[-125.7411,49.1675],[-125.7387,49.1598],[-125.7324,49.1558],[-125.7352,49.1517],[-125.7355,49.1458],[-125.731,49.1429],[-125.7271,49.1429],[-125.723,49.1452],[-125.7181,49.1502],[-125.7185,49.1536],[-125.716,49.1558],[-125.7169,49.1582],[-125.714,49.1614],[-125.7097,49.1617],[-125.711,49.1643],[-125.7028,49.1675],[-125.7032,49.1695],[-125.707,49.1713],[-125.7066,49.1734],[-125.7128,49.1763],[-125.7094,49.1773],[-125.7001,49.1736],[-125.6956,49.1759],[-125.6953,49.1792],[-125.6936,49.1804],[-125.6881,49.1806],[-125.688,49.1907],[-125.684,49.196],[-125.6808,49.1949],[-125.6822,49.1936],[-125.6815,49.192],[-125.6777,49.1926],[-125.678,49.1978],[-125.6818,49.201],[-125.6766,49.2026],[-125.6738,49.2096],[-125.6714,49.2112],[-125.666,49.2106],[-125.6671,49.2039],[-125.6647,49.203],[-125.6702,49.203],[-125.6679,49.1997],[-125.6686,49.1935],[-125.6723,49.1927],[-125.673,49.1896],[-125.6691,49.1881],[-125.6685,49.1852],[-125.6716,49.1826],[-125.6701,49.1796],[-125.6728,49.1689],[-125.6755,49.1673],[-125.6686,49.1695],[-125.6629,49.1688],[-125.6601,49.1731],[-125.6574,49.1713],[-125.6531,49.1712],[-125.6523,49.1723],[-125.6562,49.1797],[-125.6563,49.1829],[-125.6542,49.1857],[-125.6558,49.1987],[-125.6543,49.2018],[-125.6442,49.2068],[-125.6236,49.2122],[-125.6187,49.2169],[-125.6089,49.2125],[-125.6092,49.2181],[-125.6014,49.2253],[-125.6022,49.2308],[-125.5969,49.2336],[-125.5944,49.2325],[-125.5937,49.2299],[-125.5997,49.2203],[-125.5987,49.2146],[-125.6026,49.2113],[-125.6013,49.2043],[-125.6197,49.2006],[-125.6329,49.1999],[-125.6429,49.1932],[-125.6393,49.1888],[-125.6358,49.1894],[-125.6369,49.1867],[-125.6355,49.186],[-125.6308,49.1915],[-125.6279,49.1904],[-125.6384,49.1772],[-125.638,49.1718],[-125.6427,49.1615],[-125.6487,49.1583],[-125.6514,49.1541],[-125.6667,49.1503],[-125.6736,49.1551],[-125.6796,49.1544],[-125.6805,49.1528],[-125.6781,49.1499],[-125.679,49.1481],[-125.6754,49.1455],[-125.672,49.1445],[-125.6678,49.1464],[-125.6644,49.1445],[-125.6659,49.1422],[-125.6714,49.1429],[-125.6736,49.1415],[-125.6675,49.139],[-125.6675,49.137],[-125.6727,49.1375],[-125.6789,49.1409],[-125.685,49.1406],[-125.6971,49.1341],[-125.698,49.1315],[-125.7064,49.1305],[-125.7086,49.1294],[-125.7095,49.1265],[-125.7134,49.1269],[-125.7227,49.1232],[-125.7241,49.1195],[-125.7193,49.1152],[-125.7211,49.1113],[-125.7315,49.1118],[-125.7387,49.1095],[-125.757,49.1089],[-125.7574,49.1072],[-125.753,49.1048],[-125.7478,49.1043],[-125.7409,49.0999],[-125.737,49.0999],[-125.7275,49.0955],[-125.7268,49.0931],[-125.7288,49.0891],[-125.7401,49.0889],[-125.7401,49.0831],[-125.7437,49.0861],[-125.746,49.0915],[-125.7528,49.0929],[-125.7689,49.1014],[-125.7734,49.0999],[-125.7805,49.1021],[-125.7811,49.1041],[-125.7777,49.1056],[-125.7833,49.1072],[-125.7863,49.1103],[-125.7961,49.113],[-125.8122,49.1223],[-125.8199,49.1203],[-125.8217,49.1221],[-125.8258,49.1204],[-125.8346,49.1227],[-125.8367,49.1206],[-125.8372,49.1175],[-125.8344,49.1141],[-125.8192,49.1045],[-125.8212,49.1023],[-125.8256,49.1035],[-125.8297,49.1],[-125.8339,49.0992],[-125.8339,49.1055],[-125.8423,49.1141],[-125.8477,49.1135],[-125.8465,49.1152],[-125.8481,49.1166],[-125.8498,49.1127],[-125.8575,49.1132],[-125.8575,49.1065],[-125.8513,49.1027],[-125.8555,49.1037],[-125.8617,49.1072],[-125.8616,49.114],[-125.8594,49.1156],[-125.8534,49.1154],[-125.8501,49.1176],[-125.853,49.1231],[-125.8624,49.1249],[-125.872,49.1234],[-125.8764,49.1202],[-125.876,49.1157],[-125.8782,49.1155],[-125.8874,49.1231],[-125.8838,49.1236],[-125.8833,49.1274],[-125.8843,49.1308],[-125.887,49.1304],[-125.8882,49.1333],[-125.8868,49.1373],[-125.8894,49.1506],[-125.9072,49.1557],[-125.9131,49.1529],[-125.9114,49.1505],[-125.9156,49.1478],[-125.9159,49.1409],[-125.9146,49.1373],[-125.9094,49.1369],[-125.91,49.1327],[-125.9055,49.1337],[-125.9024,49.1309],[-125.9021,49.129],[-125.9055,49.1267],[-125.9072,49.1223],[-125.9055,49.1215],[-125.9038,49.1232],[-125.9,49.1215],[-125.8969,49.1199],[-125.8947,49.1162],[-125.896,49.1102],[-125.9022,49.1108],[-125.9019,49.1093],[-125.8943,49.1061],[-125.893,49.1076],[-125.8943,49.1091],[-125.8859,49.1103],[-125.8731,49.104],[-125.8737,49.0989],[-125.8766,49.0968],[-125.8841,49.0979],[-125.8893,49.0969],[-125.8903,49.0946],[-125.8887,49.0922],[-125.885,49.0913],[-125.8817,49.0878],[-125.8755,49.0878],[-125.8746,49.0856],[-125.8652,49.0816],[-125.8584,49.0766],[-125.8543,49.0775],[-125.8447,49.0731],[-125.8423,49.0736],[-125.8424,49.0709],[-125.839,49.0726],[-125.8345,49.0693],[-125.8293,49.0699],[-125.8283,49.0686],[-125.8311,49.0672],[-125.8295,49.0649],[-125.8269,49.0631],[-125.8235,49.0653],[-125.8229,49.062],[-125.8149,49.0637],[-125.8159,49.0662],[-125.8131,49.0691],[-125.8049,49.0694],[-125.7922,49.0658],[-125.7897,49.0636],[-125.7919,49.0619],[-125.7845,49.0586],[-125.7839,49.0601],[-125.7872,49.063],[-125.7804,49.0662],[-125.7827,49.0699],[-125.7809,49.0711],[-125.7739,49.0725],[-125.7623,49.0718],[-125.7498,49.0684],[-125.7249,49.0554],[-125.7226,49.0523],[-125.709,49.0435],[-125.6983,49.0403],[-125.677,49.0213],[-125.6743,49.0143],[-125.6777,49.0112],[-125.6812,49.0125],[-125.6805,49.0109],[-125.6757,49.0093],[-125.6825,49.0079],[-125.6756,49.006],[-125.6779,49.0043],[-125.6748,49.0022],[-125.6765,49.0008],[-125.6743,49],[-125.6575,49],[-125.6561,49.0018],[-125.6446,49.0032],[-125.6349,49],[-125.5,49],[-125.5,49.5],[-126,49.5]],[[-125.605,49.2136],[-125.6052,49.2125],[-125.6032,49.2126],[-125.605,49.2136]],[[-125.618,49.2121],[-125.6176,49.2093],[-125.6149,49.2121],[-125.618,49.2121]],[[-125.6237,49.2063],[-125.6225,49.2029],[-125.6182,49.2052],[-125.6208,49.2079],[-125.6237,49.2063]],[[-125.6443,49.1906],[-125.6425,49.1898],[-125.6434,49.1915],[-125.6443,49.1906]],[[-125.6546,49.1695],[-125.6558,49.1676],[-125.654,49.168],[-125.6546,49.1695]],[[-125.6811,49.1891],[-125.6787,49.1901],[-125.6807,49.191],[-125.6811,49.1891]],[[-125.7156,49.1535],[-125.7115,49.1524],[-125.7117,49.1539],[-125.7156,49.1535]],[[-125.7154,49.1516],[-125.7142,49.149],[-125.713,49.1494],[-125.7138,49.151],[-125.7117,49.1515],[-125.7154,49.1516]],[[-125.7216,49.1446],[-125.7179,49.1439],[-125.7182,49.1474],[-125.7216,49.1446]],[[-125.7233,49.0392],[-125.72,49.0372],[-125.7186,49.0383],[-125.7197,49.0396],[-125.7233,49.0392]],[[-125.7438,49.1284],[-125.7336,49.1285],[-125.7307,49.1304],[-125.7347,49.1387],[-125.7361,49.1379],[-125.74,49.1408],[-125.7487,49.1399],[-125.7477,49.1343],[-125.7495,49.1324],[-125.7438,49.1284]],[[-125.7386,49.0919],[-125.739,49.0932],[-125.7406,49.0919],[-125.7386,49.0919]],[[-125.742,49.0953],[-125.7473,49.0947],[-125.7422,49.0938],[-125.742,49.0953]],[[-125.749,49.0981],[-125.7471,49.0986],[-125.7472,49.1025],[-125.7491,49.1012],[-125.749,49.0981]],[[-125.7812,49.1191],[-125.7817,49.1156],[-125.7793,49.1143],[-125.7868,49.1134],[-125.7881,49.1116],[-125.7782,49.1125],[-125.7791,49.1141],[-125.7714,49.1102],[-125.7707,49.1115],[-125.7741,49.1127],[-125.7716,49.1132],[-125.7636,49.1107],[-125.7615,49.1077],[-125.7621,49.1099],[-125.7531,49.1115],[-125.7505,49.1135],[-125.7542,49.1183],[-125.7638,49.1212],[-125.7655,49.1198],[-125.7679,49.1215],[-125.7749,49.1222],[-125.7812,49.1191]],[[-125.7536,49.1425],[-125.7587,49.1428],[-125.7605,49.1397],[-125.7575,49.1382],[-125.7532,49.1401],[-125.7524,49.1415],[-125.7536,49.1425]],[[-125.9284,49.2242],[-125.934,49.2237],[-125.9295,49.2203],[-125.9296,49.2172],[-125.9316,49.215],[-125.9313,49.2073],[-125.9295,49.2036],[-125.9228,49.1972],[-125.9209,49.1914],[-125.9156,49.1876],[-125.9184,49.1847],[-125.9255,49.1825],[-125.9258,49.177],[-125.9201,49.1737],[-125.9124,49.1719],[-125.9017,49.1757],[-125.8955,49.1729],[-125.892,49.1738],[-125.8914,49.1867],[-125.8893,49.1889],[-125.8896,49.193],[-125.8813,49.1938],[-125.884,49.1991],[-125.8777,49.1971],[-125.8785,49.1925],[-125.8727,49.1925],[-125.8697,49.1952],[-125.8735,49.2025],[-125.8817,49.2039],[-125.8857,49.2013],[-125.8894,49.2058],[-125.888,49.2088],[-125.8899,49.2135],[-125.8876,49.2135],[-125.8854,49.2163],[-125.8827,49.2115],[-125.8774,49.2153],[-125.8756,49.2124],[-125.8726,49.2131],[-125.8674,49.2089],[-125.8635,49.2093],[-125.863,49.2111],[-125.8588,49.2109],[-125.8543,49.2188],[-125.8573,49.2216],[-125.8596,49.2195],[-125.8606,49.2248],[-125.8594,49.2254],[-125.8552,49.2227],[-125.8501,49.2253],[-125.8491,49.2288],[-125.8451,49.2299],[-125.8459,49.225],[-125.8413,49.2225],[-125.8395,49.2178],[-125.8405,49.2139],[-125.8387,49.2125],[-125.8416,49.2102],[-125.8459,49.2108],[-125.8534,49.205],[-125.8531,49.2008],[-125.855,49.2025],[-125.8576,49.2018],[-125.8617,49.1952],[-125.8594,49.1928],[-125.8615,49.1926],[-125.8599,49.1887],[-125.8621,49.1857],[-125.8645,49.185],[-125.8685,49.1868],[-125.8704,49.1848],[-125.8667,49.1802],[-125.8657,49.1708],[-125.862,49.1599],[-125.8646,49.1577],[-125.8756,49.1591],[-125.8751,49.153],[-125.8718,49.149],[-125.8684,49.1504],[-125.8663,49.1487],[-125.8568,49.1474],[-125.8568,49.145],[-125.8619,49.1444],[-125.8637,49.1427],[-125.8588,49.142],[-125.8551,49.1371],[-125.8556,49.1355],[-125.8523,49.1337],[-125.8434,49.1336],[-125.8353,49.1294],[-125.8246,49.1278],[-125.8184,49.1241],[-125.8156,49.1247],[-125.8136,49.1294],[-125.7974,49.1204],[-125.7925,49.1226],[-125.7913,49.1313],[-125.7994,49.1399],[-125.8034,49.1417],[-125.808,49.1393],[-125.8193,49.1379],[-125.8092,49.1425],[-125.8083,49.1451],[-125.8035,49.1484],[-125.7931,49.1494],[-125.7918,49.1511],[-125.7937,49.1547],[-125.7976,49.1536],[-125.7924,49.1667],[-125.7947,49.172],[-125.7922,49.1777],[-125.7953,49.1821],[-125.7947,49.1843],[-125.7965,49.1855],[-125.7932,49.1877],[-125.7967,49.1981],[-125.794,49.1974],[-125.7914,49.2015],[-125.7958,49.2084],[-125.8,49.2085],[-125.7982,49.2121],[-125.8038,49.2192],[-125.8038,49.2236],[-125.7987,49.2264],[-125.7921,49.224],[-125.7891,49.2178],[-125.7902,49.213],[-125.7874,49.2027],[-125.7788,49.1998],[-125.7779,49.1962],[-125.7718,49.1933],[-125.7675,49.1969],[-125.769,49.2002],[-125.7675,49.2024],[-125.7703,49.2135],[-125.7697,49.22],[-125.7757,49.2297],[-125.7814,49.2335],[-125.7878,49.2332],[-125.7906,49.2346],[-125.792,49.2313],[-125.7943,49.2341],[-125.7999,49.236],[-125.8164,49.2361],[-125.8233,49.2383],[-125.8342,49.2382],[-125.8621,49.2427],[-125.8792,49.2411],[-125.8857,49.2421],[-125.8918,49.2415],[-125.8999,49.2361],[-125.8985,49.2345],[-125.8955,49.2357],[-125.8939,49.2343],[-125.8973,49.2315],[-125.8994,49.225],[-125.9071,49.2265],[-125.9172,49.2241],[-125.9264,49.2263],[-125.9284,49.2242]],[[-125.7794,49.1078],[-125.7733,49.1074],[-125.776,49.1088],[-125.7794,49.1078]],[[-125.7782,49.1801],[-125.7765,49.1829],[-125.7793,49.1826],[-125.7782,49.1801]],[[-125.779,49.1861],[-125.78,49.1875],[-125.7817,49.1864],[-125.7809,49.1852],[-125.779,49.1861]],[[-125.787,49.1202],[-125.7872,49.1181],[-125.7856,49.1182],[-125.7865,49.1192],[-125.7831,49.1215],[-125.787,49.1202]],[[-125.7891,49.189],[-125.7875,49.1881],[-125.7868,49.193],[-125.7834,49.1952],[-125.788,49.1997],[-125.7891,49.189]],[[-125.8101,49.0585],[-125.8107,49.0562],[-125.8067,49.0577],[-125.8101,49.0585]],[[-125.8251,49.1258],[-125.8273,49.1264],[-125.828,49.1251],[-125.8251,49.1258]],[[-125.8408,49.0674],[-125.8386,49.0692],[-125.8392,49.0703],[-125.8416,49.0686],[-125.8408,49.0674]],[[-125.8408,49.1267],[-125.8419,49.1244],[-125.8406,49.1236],[-125.8392,49.1253],[-125.8408,49.1267]],[[-125.8545,49.0713],[-125.8594,49.0723],[-125.8594,49.0706],[-125.8542,49.0664],[-125.8531,49.0684],[-125.8545,49.0713]],[[-125.8647,49.1293],[-125.8634,49.1317],[-125.8657,49.1305],[-125.8647,49.1293]],[[-125.8676,49.1312],[-125.8689,49.131],[-125.8674,49.1291],[-125.8676,49.1312]],[[-125.8737,49.2603],[-125.8725,49.2587],[-125.8706,49.2602],[-125.8737,49.2603]],[[-125.8807,49.1603],[-125.8823,49.156],[-125.8777,49.1494],[-125.8765,49.1514],[-125.8771,49.1569],[-125.8807,49.1603]],[[-125.8789,49.1332],[-125.8765,49.1331],[-125.8779,49.1345],[-125.8789,49.1332]],[[-125.8816,49.1774],[-125.8794,49.1756],[-125.8792,49.1769],[-125.8817,49.1784],[-125.8852,49.1783],[-125.8869,49.1765],[-125.8832,49.1752],[-125.8816,49.1774]],[[-125.8811,49.1221],[-125.8803,49.1229],[-125.8821,49.1234],[-125.8826,49.1221],[-125.8811,49.1221]],[[-125.8819,49.1884],[-125.8874,49.1891],[-125.8874,49.1826],[-125.8808,49.1857],[-125.8819,49.1884]],[[-125.8831,49.1683],[-125.8847,49.1675],[-125.8822,49.1658],[-125.8814,49.1672],[-125.8831,49.1683]],[[-125.8902,49.1587],[-125.8866,49.1557],[-125.8848,49.1576],[-125.8886,49.1595],[-125.8902,49.1587]],[[-125.8886,49.175],[-125.8897,49.1739],[-125.8886,49.1731],[-125.8867,49.1742],[-125.8886,49.175]],[[-125.8953,49.2546],[-125.8941,49.2535],[-125.8952,49.2523],[-125.8902,49.2536],[-125.8953,49.2546]],[[-125.8927,49.1594],[-125.8919,49.1616],[-125.8975,49.1649],[-125.8975,49.1615],[-125.8927,49.1594]],[[-125.8948,49.1691],[-125.9026,49.1728],[-125.9069,49.1708],[-125.8995,49.1684],[-125.8948,49.1691]],[[-125.9004,49.1603],[-125.8985,49.1617],[-125.9009,49.1629],[-125.9021,49.1609],[-125.9004,49.1603]],[[-125.9101,49.2474],[-125.9127,49.2437],[-125.9112,49.2412],[-125.9079,49.2387],[-125.9042,49.2392],[-125.9039,49.2426],[-125.9101,49.2474]],[[-125.9137,49.2629],[-125.9183,49.2633],[-125.9165,49.2613],[-125.914,49.2613],[-125.9137,49.2629]],[[-125.9177,49.2445],[-125.915,49.2426],[-125.9147,49.2451],[-125.9171,49.2462],[-125.9177,49.2445]],[[-125.9234,49.1518],[-125.9201,49.1507],[-125.9174,49.1539],[-125.9206,49.1554],[-125.9234,49.1518]],[[-125.9241,49.1124],[-125.9256,49.1134],[-125.9303,49.1086],[-125.9187,49.1101],[-125.9241,49.1124]],[[-125.9268,49.1221],[-125.9247,49.1204],[-125.9225,49.1222],[-125.9268,49.1221]],[[-125.9275,49.1598],[-125.9252,49.1616],[-125.9262,49.1625],[-125.9418,49.1589],[-125.9366,49.1546],[-125.9278,49.1531],[-125.9275,49.1598]],[[-125.9679,49.1501],[-125.9655,49.1516],[-125.9634,49.1497],[-125.9612,49.1511],[-125.9616,49.1567],[-125.966,49.1606],[-125.9615,49.1621],[-125.9678,49.1713],[-125.957,49.1758],[-125.9547,49.1807],[-125.9597,49.1833],[-125.9612,49.1868],[-125.9541,49.1861],[-125.9536,49.1834],[-125.9501,49.182],[-125.9445,49.1828],[-125.9421,49.1849],[-125.9337,49.184],[-125.9323,49.1888],[-125.9371,49.1931],[-125.9444,49.1945],[-125.9511,49.1995],[-125.9528,49.2033],[-125.9524,49.2073],[-125.9567,49.2084],[-125.9631,49.2075],[-125.9569,49.2109],[-125.9731,49.2107],[-125.9766,49.2082],[-126,49.2126],[-126,49.1585],[-125.9974,49.1546],[-125.9946,49.1542],[-125.9942,49.1519],[-125.991,49.1534],[-125.9895,49.1526],[-125.9885,49.1499],[-125.9911,49.1482],[-125.9736,49.1494],[-125.969,49.1465],[-125.9679,49.1501]],[[-125.9337,49.1424],[-125.9416,49.1471],[-125.9515,49.1479],[-125.9536,49.1469],[-125.9527,49.1444],[-125.9547,49.141],[-125.9518,49.1405],[-125.9533,49.1382],[-125.9478,49.1351],[-125.95,49.1322],[-125.9439,49.131],[-125.9449,49.1277],[-125.9426,49.1261],[-125.9433,49.1248],[-125.9339,49.1235],[-125.935,49.1266],[-125.9368,49.1272],[-125.9337,49.1424]],[[-125.945,49.2216],[-125.9467,49.2183],[-125.943,49.2157],[-125.9394,49.2163],[-125.945,49.2216]],[[-125.9625,49.2222],[-125.961,49.2188],[-125.9551,49.2174],[-125.9562,49.2251],[-125.958,49.2262],[-125.9625,49.2222]],[[-125.9592,49.3341],[-125.9572,49.3314],[-125.956,49.3346],[-125.958,49.3361],[-125.9592,49.3341]],[[-125.9619,49.2274],[-125.9629,49.2292],[-125.9656,49.2264],[-125.9636,49.2259],[-125.9619,49.2274]],[[-125.9786,49.1392],[-125.9796,49.1382],[-125.9769,49.1361],[-125.9758,49.1372],[-125.9786,49.1392]],[[-125.9779,49.3044],[-125.9767,49.3051],[-125.9774,49.3078],[-125.9813,49.3063],[-125.9779,49.3044]],[[-125.9814,49.145],[-125.9814,49.1469],[-125.9858,49.1467],[-125.9814,49.145]],[[-125.9866,49.1413],[-125.9853,49.1399],[-125.9815,49.1407],[-125.9816,49.142],[-125.9866,49.1413]],[[-125.9892,49.3011],[-125.9872,49.3025],[-125.9892,49.3033],[-125.9906,49.3022],[-125.9892,49.3011]],[[-125.9886,49.1464],[-125.9911,49.1451],[-125.9905,49.1432],[-125.9881,49.1446],[-125.9886,49.1464]],[[-126,49.1483],[-125.9956,49.1488],[-125.9959,49.1504],[-126,49.1512],[-126,49.1483]]],[[[-125.5,49],[-125.5,49.5],[-125,49.5],[-125,49],[-125.5,49]],[[-125.5,49.5],[-125.5,49],[-125.3694,49],[-125.371,49.0029],[-125.3622,49.0065],[-125.3605,49.009],[-125.362,49.0102],[-125.3586,49.0188],[-125.3631,49.028],[-125.3564,49.0323],[-125.3575,49.0356],[-125.354,49.0358],[-125.3529,49.0389],[-125.3476,49.0397],[-125.338,49.0373],[-125.3309,49.0305],[-125.3253,49.0315],[-125.3163,49.028],[-125.3116,49.0291],[-125.3014,49.0245],[-125.2906,49.0235],[-125.2632,49.0268],[-125.2616,49.0291],[-125.2383,49.0327],[-125.2271,49.0372],[-125.2234,49.0367],[-125.2211,49.0347],[-125.2033,49.0392],[-125.2028,49.0369],[-125.2094,49.0344],[-125.2234,49.0333],[-125.2358,49.0285],[-125.2533,49.0273],[-125.2676,49.0229],[-125.2805,49.0213],[-125.2844,49.019],[-125.2919,49.0202],[-125.2947,49.0178],[-125.3032,49.0169],[-125.306,49.0151],[-125.3145,49.0169],[-125.3233,49.0128],[-125.3241,49.01],[-125.3191,49.0066],[-125.322,49.0024],[-125.3211,49.0009],[-125.3185,49.003],[-125.3088,49],[-125.2973,49],[-125.2966,49.0023],[-125.2916,49.0048],[-125.2951,49],[-125.1929,49],[-125.193,49.0061],[-125.189,49.0104],[-125.1833,49.0082],[-125.1788,49.0115],[-125.1785,49.0131],[-125.181,49.0143],[-125.1801,49.0172],[-125.1777,49.0186],[-125.1734,49.0182],[-125.1729,49.0153],[-125.1659,49.0159],[-125.1572,49.0273],[-125.157,49.0381],[-125.1633,49.0423],[-125.1634,49.0462],[-125.1675,49.0516],[-125.1542,49.0513],[-125.153,49.0544],[-125.1478,49.0525],[-125.1456,49.0535],[-125.1561,49.0663],[-125.1669,49.0725],[-125.1736,49.0823],[-125.183,49.0871],[-125.1988,49.0909],[-125.1996,49.0944],[-125.1975,49.0969],[-125.1875,49.0904],[-125.1838,49.0908],[-125.1722,49.0867],[-125.1669,49.083],[-125.1637,49.0782],[-125.1527,49.0742],[-125.1498,49.0693],[-125.1476,49.0605],[-125.1399,49.0517],[-125.1378,49.0458],[-125.141,49.046],[-125.1406,49.044],[-125.1434,49.0431],[-125.1393,49.0395],[-125.1449,49.0356],[-125.1502,49.0268],[-125.1487,49.0233],[-125.1506,49.0194],[-125.1645,49.0117],[-125.1677,49.0077],[-125.1803,49],[-125.1593,49],[-125.1593,49.0034],[-125.1525,49.0068],[-125.1507,49.0103],[-125.1454,49.0103],[-125.1428,49.0077],[-125.1462,49.0037],[-125.1502,49.0029],[-125.1513,49],[-125.1458,49],[-125.1471,49.001],[-125.145,49.0013],[-125.1394,49],[-125.0143,49],[-125.0383,49.0077],[-125.0408,49.0111],[-125.0474,49.0126],[-125.0485,49.0177],[-125.0415,49.0205],[-125.0351,49.0185],[-125.0284,49.0277],[-125.0254,49.0264],[-125.0246,49.0239],[-125.0286,49.02],[-125.033,49.0197],[-125.0341,49.0164],[-125.0182,49.0117],[-125.0178,49.0095],[-125,49.0025],[-125,49],[-125,49.5],[-125.5,49.5]],[[-125.1883,49.0016],[-125.1864,49.001],[-125.1834,49.0031],[-125.1883,49.0016]],[[-125.3028,49.0206],[-125.3058,49.0191],[-125.2992,49.0186],[-125.3028,49.0206]],[[-125.3121,49.0246],[-125.3129,49.0262],[-125.3175,49.0261],[-125.3155,49.0238],[-125.3121,49.0246]],[[-125.3328,49.0269],[-125.3384,49.0268],[-125.3375,49.025],[-125.3387,49.0241],[-125.3328,49.021],[-125.3302,49.0252],[-125.3328,49.0269]],[[-125.3363,49],[-125.3456,49.003],[-125.3487,49.0018],[-125.3478,49],[-125.3363,49]],[[-125.3411,49.0357],[-125.3391,49.0342],[-125.3401,49.0363],[-125.3411,49.0357]]],[[[-125,49],[-125,49.5],[-124.5,49.5],[-124.5,49],[-125,49]],[[-125,49.5],[-125,49],[-125,49.0025],[-124.9954,49],[-124.8946,49],[-124.8914,49.004],[-124.8722,49.0119],[-124.8703,49.0192],[-124.8658,49.0261],[-124.8657,49.0353],[-124.8622,49.0395],[-124.863,49.0554],[-124.8678,49.0577],[-124.8804,49.0598],[-124.8827,49.0624],[-124.8802,49.0648],[-124.8648,49.0659],[-124.8559,49.0697],[-124.8546,49.0707],[-124.8573,49.0732],[-124.8557,49.0752],[-124.8458,49.0791],[-124.8432,49.0818],[-124.8385,49.0826],[-124.8312,49.0882],[-124.8348,49.0953],[-124.8357,49.1017],[-124.8265,49.1053],[-124.8235,49.1092],[-124.8241,49.1133],[-124.8268,49.1154],[-124.8167,49.1203],[-124.812,49.14],[-124.8119,49.1468],[-124.8079,49.1542],[-124.8096,49.1575],[-124.8225,49.1666],[-124.8284,49.1668],[-124.8285,49.1732],[-124.8317,49.1756],[-124.8301,49.1826],[-124.8224,49.1842],[-124.8241,49.1879],[-124.824,49.1923],[-124.8227,49.1934],[-124.8255,49.1974],[-124.8257,49.2078],[-124.8272,49.2098],[-124.8256,49.212],[-124.8281,49.2135],[-124.8278,49.217],[-124.8303,49.2183],[-124.8309,49.2212],[-124.8344,49.2234],[-124.834,49.2288],[-124.8384,49.2319],[-124.8372,49.2392],[-124.8396,49.2478],[-124.8379,49.2519],[-124.8317,49.2522],[-124.8378,49.2491],[-124.8369,49.2436],[-124.834,49.2436],[-124.8311,49.2463],[-124.828,49.2441],[-124.8241,49.2442],[-124.8133,49.2515],[-124.8133,49.2562],[-124.8119,49.2557],[-124.8126,49.25],[-124.8185,49.2463],[-124.8126,49.244],[-124.8118,49.2423],[-124.8149,49.2409],[-124.8157,49.2347],[-124.8131,49.233],[-124.8139,49.2225],[-124.8123,49.2236],[-124.811,49.222],[-124.8166,49.2188],[-124.8167,49.215],[-124.8119,49.2082],[-124.812,49.1913],[-124.8159,49.1868],[-124.8165,49.1835],[-124.807,49.1678],[-124.7965,49.1619],[-124.795,49.1587],[-124.7982,49.1574],[-124.7977,49.1533],[-124.7911,49.15],[-124.789,49.1442],[-124.7934,49.1404],[-124.7976,49.1321],[-124.8013,49.1303],[-124.8047,49.1219],[-124.8112,49.1175],[-124.8146,49.1126],[-124.8111,49.108],[-124.8168,49.1055],[-124.8203,49.1003],[-124.8152,49.0952],[-124.8204,49.092],[-124.8206,49.0861],[-124.8336,49.0727],[-124.8365,49.0685],[-124.8367,49.0629],[-124.8408,49.0588],[-124.8389,49.0555],[-124.8386,49.0436],[-124.8456,49.0371],[-124.8478,49.0324],[-124.8474,49.0294],[-124.8529,49.0254],[-124.8574,49.0167],[-124.8577,49.0077],[-124.8601,49.0044],[-124.8672,49],[-124.5,49],[-124.5,49.3664],[-124.5042,49.3658],[-124.5154,49.3681],[-124.5253,49.3738],[-124.538,49.3769],[-124.5734,49.3803],[-124.6022,49.3943],[-124.6055,49.3994],[-124.6086,49.3996],[-124.6095,49.4018],[-124.6202,49.4039],[-124.626,49.4034],[-124.6299,49.4052],[-124.6347,49.4098],[-124.6408,49.4224],[-124.6561,49.4277],[-124.6616,49.4315],[-124.6633,49.4349],[-124.6719,49.4384],[-124.6847,49.4483],[-124.7054,49.4539],[-124.7085,49.4567],[-124.72,49.4596],[-124.7235,49.4682],[-124.7349,49.4669],[-124.7347,49.4658],[-124.7273,49.4673],[-124.7249,49.4661],[-124.7351,49.4572],[-124.7435,49.4567],[-124.7463,49.4546],[-124.7564,49.4585],[-124.756,49.4617],[-124.7595,49.465],[-124.7769,49.4691],[-124.7856,49.4654],[-124.7844,49.4637],[-124.7857,49.4625],[-124.7804,49.4621],[-124.7806,49.4593],[-124.7886,49.4599],[-124.7867,49.462],[-124.7907,49.4624],[-124.7902,49.4642],[-124.7935,49.4684],[-124.7936,49.4711],[-124.7912,49.4746],[-124.7974,49.4783],[-124.7974,49.4809],[-124.7955,49.4825],[-124.7973,49.4925],[-124.7915,49.4909],[-124.7902,49.4925],[-124.7954,49.5],[-124.8085,49.5],[-124.8085,49.4985],[-124.8152,49.4969],[-124.815,49.5],[-125,49.5]],[[-124.6633,49.4911],[-124.6595,49.4915],[-124.6534,49.4961],[-124.641,49.5],[-124.63,49.4999],[-124.6772,49.5],[-124.6743,49.4946],[-124.6641,49.4891],[-124.6633,49.4911]],[[-124.6845,49.4782],[-124.6911,49.4849],[-124.6905,49.4871],[-124.6952,49.49],[-124.7019,49.4908],[-124.7245,49.5],[-124.7647,49.5],[-124.7616,49.497],[-124.7606,49.4921],[-124.7477,49.4841],[-124.7425,49.4847],[-124.7319,49.48],[-124.7305,49.4802],[-124.7305,49.4822],[-124.7234,49.4835],[-124.7054,49.4778],[-124.688,49.4746],[-124.6852,49.475],[-124.6845,49.4782]],[[-124.8278,49.2319],[-124.8262,49.2297],[-124.8262,49.2314],[-124.8278,49.2319]]],[[[-124.5,49],[-124.5,49.5],[-124,49.5],[-124,49],[-124.5,49]],[[-124.5,49],[-124,49],[-124,49.2387],[-124.0075,49.2389],[-124.0249,49.2438],[-124.0341,49.2493],[-124.0544,49.2485],[-124.0634,49.2522],[-124.0757,49.2534],[-124.0834,49.2571],[-124.0906,49.2548],[-124.1142,49.2563],[-124.1198,49.2544],[-124.13,49.2546],[-124.1338,49.2523],[-124.1693,49.2537],[-124.1825,49.2576],[-124.1881,49.2621],[-124.1878,49.2654],[-124.1898,49.2683],[-124.1747,49.2695],[-124.1719,49.2722],[-124.1648,49.2693],[-124.1427,49.2648],[-124.1226,49.2655],[-124.12,49.2681],[-124.105,49.2705],[-124.1079,49.2721],[-124.1172,49.2718],[-124.1177,49.2754],[-124.121,49.2793],[-124.1263,49.2808],[-124.1331,49.2868],[-124.1382,49.2866],[-124.1352,49.2888],[-124.136,49.291],[-124.138,49.2902],[-124.1506,49.2932],[-124.1558,49.2911],[-124.1657,49.2941],[-124.1685,49.3004],[-124.1722,49.3013],[-124.1758,49.3052],[-124.1795,49.3059],[-124.178,49.3078],[-124.1858,49.3124],[-124.189,49.3121],[-124.19,49.3104],[-124.1865,49.3073],[-124.1901,49.3076],[-124.1944,49.3045],[-124.2099,49.3147],[-124.2145,49.3149],[-124.2147,49.3123],[-124.2026,49.302],[-124.1998,49.3016],[-124.1986,49.2992],[-124.1992,49.2952],[-124.2064,49.294],[-124.2087,49.2954],[-124.2078,49.298],[-124.2111,49.2994],[-124.2131,49.3026],[-124.2201,49.3041],[-124.2206,49.3012],[-124.2224,49.3007],[-124.2403,49.3134],[-124.2425,49.3125],[-124.2388,49.3084],[-124.2411,49.3054],[-124.2534,49.3061],[-124.2621,49.3127],[-124.2638,49.3177],[-124.2623,49.3222],[-124.2633,49.325],[-124.279,49.3294],[-124.2841,49.3324],[-124.2914,49.3318],[-124.295,49.3287],[-124.2984,49.3297],[-124.3071,49.3287],[-124.3128,49.3239],[-124.3194,49.3234],[-124.33,49.3353],[-124.341,49.3415],[-124.3567,49.3461],[-124.3553,49.3509],[-124.3602,49.3532],[-124.3905,49.3555],[-124.4157,49.3607],[-124.4588,49.3541],[-124.4858,49.3698],[-124.5,49.3664],[-124.5,49]],[[-124.0079,49.5],[-124.0034,49.4961],[-124,49.4954],[-124,49.5],[-124.0079,49.5]],[[-124.0773,49.2888],[-124.0718,49.288],[-124.0788,49.2922],[-124.0773,49.2888]],[[-124.0786,49.2694],[-124.0779,49.2708],[-124.0849,49.2717],[-124.0847,49.2702],[-124.0786,49.2694]],[[-124.0828,49.2908],[-124.0809,49.2922],[-124.0822,49.2938],[-124.0884,49.2945],[-124.087,49.2911],[-124.0828,49.2908]],[[-124.0889,49.2877],[-124.0933,49.288],[-124.0895,49.286],[-124.0873,49.2864],[-124.0879,49.2887],[-124.0889,49.2877]],[[-124.0969,49.2861],[-124.0914,49.2842],[-124.0932,49.2862],[-124.0969,49.2861]],[[-124.1012,49.2748],[-124.1031,49.2775],[-124.1064,49.2769],[-124.1012,49.2748]],[[-124.1645,49.5],[-124.1596,49.4994],[-124.146,49.4903],[-124.1386,49.4878],[-124.1268,49.4918],[-124.1241,49.4944],[-124.1259,49.5],[-124.1645,49.5]],[[-124.1345,49.3043],[-124.1296,49.3063],[-124.1362,49.3062],[-124.1365,49.305],[-124.1345,49.3043]],[[-124.1458,49.3398],[-124.1502,49.3382],[-124.153,49.3405],[-124.1557,49.3394],[-124.155,49.3367],[-124.1497,49.334],[-124.142,49.338],[-124.1458,49.3398]],[[-124.1507,49.3018],[-124.1516,49.3034],[-124.1554,49.3042],[-124.1507,49.3018]],[[-124.1596,49.3507],[-124.1626,49.35],[-124.1637,49.3461],[-124.1569,49.3421],[-124.1532,49.3443],[-124.1526,49.3466],[-124.1596,49.3507]],[[-124.1606,49.3092],[-124.1594,49.3115],[-124.1617,49.3131],[-124.1665,49.3121],[-124.1606,49.3092]],[[-124.175,49.4705],[-124.1864,49.4737],[-124.1923,49.478],[-124.1995,49.4783],[-124.2049,49.4804],[-124.2128,49.4788],[-124.2195,49.4839],[-124.2208,49.4908],[-124.2364,49.4993],[-124.2357,49.5],[-124.2594,49.5],[-124.2596,49.498],[-124.2615,49.5],[-124.2703,49.5],[-124.2705,49.4986],[-124.2722,49.5],[-124.3827,49.4997],[-124.3793,49.4946],[-124.3686,49.4954],[-124.3575,49.4997],[-124.3521,49.4977],[-124.3547,49.4968],[-124.356,49.4942],[-124.3516,49.4932],[-124.3526,49.4909],[-124.3654,49.4856],[-124.3653,49.4832],[-124.3691,49.4805],[-124.3659,49.476],[-124.3589,49.4769],[-124.3552,49.4739],[-124.3484,49.4733],[-124.3419,49.4701],[-124.3324,49.4681],[-124.3278,49.4651],[-124.3253,49.4656],[-124.3225,49.4621],[-124.3164,49.4595],[-124.309,49.4579],[-124.3064,49.4612],[-124.2945,49.4568],[-124.2837,49.4554],[-124.2768,49.457],[-124.2742,49.4609],[-124.271,49.4573],[-124.2641,49.4553],[-124.2583,49.4557],[-124.2617,49.4603],[-124.2535,49.4579],[-124.245,49.4584],[-124.2431,49.4599],[-124.2434,49.4681],[-124.2399,49.4638],[-124.2248,49.4557],[-124.2066,49.4528],[-124.2016,49.4493],[-124.1972,49.4488],[-124.1923,49.4438],[-124.1811,49.4389],[-124.1726,49.4388],[-124.1682,49.4402],[-124.1649,49.4427],[-124.1668,49.447],[-124.1617,49.4504],[-124.1692,49.4612],[-124.1785,49.4641],[-124.1774,49.4664],[-124.1741,49.4672],[-124.175,49.4705]],[[-124.1726,49.4861],[-124.1698,49.4859],[-124.1725,49.4878],[-124.1726,49.4861]],[[-124.1747,49.481],[-124.1743,49.4831],[-124.1767,49.4856],[-124.1813,49.4843],[-124.1791,49.4811],[-124.1747,49.481]],[[-124.178,49.4904],[-124.1798,49.4917],[-124.1799,49.489],[-124.178,49.4904]],[[-124.1965,49.4874],[-124.2086,49.4885],[-124.2058,49.4844],[-124.1917,49.4806],[-124.1837,49.4807],[-124.1867,49.4818],[-124.1892,49.4853],[-124.1965,49.4874]],[[-124.2117,49.5],[-124.2129,49.4959],[-124.2024,49.4897],[-124.1877,49.4872],[-124.1842,49.4887],[-124.1838,49.4899],[-124.1883,49.4917],[-124.1888,49.4944],[-124.1924,49.4958],[-124.1899,49.4973],[-124.1921,49.5],[-124.2117,49.5]],[[-124.1948,49.4262],[-124.2054,49.4298],[-124.2016,49.4247],[-124.1928,49.4228],[-124.1948,49.4262]],[[-124.2158,49.3197],[-124.2144,49.321],[-124.2201,49.3276],[-124.2212,49.3235],[-124.2158,49.3197]],[[-124.2327,49.5],[-124.2327,49.4987],[-124.2244,49.4965],[-124.2255,49.4993],[-124.2327,49.5]],[[-124.2998,49.4564],[-124.3022,49.4568],[-124.3035,49.4553],[-124.2987,49.4488],[-124.284,49.4487],[-124.2856,49.4526],[-124.2998,49.4564]],[[-124.3628,49.4922],[-124.3614,49.4961],[-124.3689,49.4943],[-124.3681,49.4928],[-124.3628,49.4922]],[[-124.3773,49.493],[-124.374,49.4925],[-124.3735,49.4942],[-124.3773,49.493]],[[-124.3906,49.4971],[-124.3883,49.5],[-124.3938,49.5],[-124.3906,49.4971]],[[-124.399,49.4997],[-124.398,49.4958],[-124.3939,49.4969],[-124.396,49.5],[-124.399,49.4997]]],[[[-124,49],[-124,49.5],[-123.7461,49.5],[-123.7468,49.4961],[-123.7531,49.4853],[-123.7529,49.4816],[-123.7553,49.4807],[-123.7584,49.4833],[-123.766,49.4853],[-123.7671,49.4886],[-123.7639,49.4906],[-123.764,49.4922],[-123.7735,49.5],[-123.9114,49.5],[-123.9123,49.4979],[-123.9076,49.4889],[-123.9073,49.4837],[-123.9024,49.4799],[-123.8943,49.4779],[-123.8878,49.4736],[-123.8713,49.4678],[-123.8569,49.4687],[-123.8554,49.4693],[-123.8564,49.4712],[-123.8626,49.4755],[-123.8616,49.4773],[-123.8571,49.4779],[-123.8472,49.4756],[-123.8441,49.4727],[-123.8339,49.4702],[-123.831,49.4712],[-123.8233,49.4703],[-123.8164,49.4668],[-123.8027,49.4673],[-123.7925,49.4657],[-123.772,49.4698],[-123.745,49.4704],[-123.7427,49.468],[-123.743,49.4643],[-123.7394,49.4619],[-123.7378,49.4566],[-123.7299,49.448],[-123.7283,49.4418],[-123.7233,49.4385],[-123.7139,49.4362],[-123.7103,49.4384],[-123.7095,49.4367],[-123.6851,49.4358],[-123.6736,49.4296],[-123.6645,49.4283],[-123.6466,49.4188],[-123.6359,49.4184],[-123.6067,49.4109],[-123.5859,49.4026],[-123.5718,49.4024],[-123.5604,49.3964],[-123.5568,49.3896],[-123.5374,49.3834],[-123.5157,49.387],[-123.5101,49.391],[-123.5,49.3935],[-123.5,49.3965],[-123.5043,49.3986],[-123.5,49.4049],[-123.5,49],[-124,49]],[[-124,49],[-123.8174,49],[-123.8426,49.0145],[-123.8462,49.0191],[-123.8564,49.0185],[-123.8551,49.0205],[-123.859,49.0227],[-123.8521,49.027],[-123.8517,49.0234],[-123.8486,49.0251],[-123.8455,49.0246],[-123.8403,49.0201],[-123.8223,49.0105],[-123.8194,49.0122],[-123.8022,49],[-123.7605,49],[-123.7605,49.0049],[-123.7658,49.0111],[-123.773,49.0161],[-123.789,49.0203],[-123.7913,49.0227],[-123.791,49.0266],[-123.789,49.0284],[-123.7868,49.0277],[-123.7807,49.0301],[-123.7685,49.0295],[-123.767,49.0308],[-123.7672,49.0292],[-123.7629,49.0288],[-123.7549,49.0368],[-123.7468,49.0378],[-123.7469,49.0412],[-123.7557,49.0448],[-123.755,49.0459],[-123.7602,49.0491],[-123.7569,49.0501],[-123.7587,49.0523],[-123.7702,49.0592],[-123.7671,49.061],[-123.768,49.0623],[-123.7769,49.0661],[-123.778,49.0703],[-123.7849,49.0763],[-123.7838,49.0784],[-123.7924,49.0867],[-123.793,49.0899],[-123.7962,49.0917],[-123.7996,49.091],[-123.8036,49.0941],[-123.8027,49.0971],[-123.8004,49.0972],[-123.801,49.0987],[-123.7998,49.0993],[-123.8026,49.1026],[-123.8017,49.1048],[-123.8052,49.1134],[-123.8041,49.121],[-123.8184,49.1354],[-123.8403,49.1374],[-123.8441,49.1385],[-123.8453,49.1406],[-123.8488,49.139],[-123.853,49.139],[-123.8516,49.1401],[-123.8526,49.1404],[-123.8622,49.1393],[-123.8721,49.1425],[-123.8715,49.1437],[-123.8774,49.1492],[-123.8827,49.1513],[-123.8831,49.1542],[-123.8868,49.1532],[-123.887,49.1558],[-123.894,49.1669],[-123.8955,49.1633],[-123.8921,49.1553],[-123.8861,49.1443],[-123.879,49.1366],[-123.8846,49.1399],[-123.895,49.1388],[-123.8947,49.1325],[-123.8973,49.1394],[-123.9013,49.1389],[-123.9056,49.1353],[-123.9133,49.1373],[-123.9185,49.1356],[-123.9206,49.14],[-123.9264,49.1444],[-123.9278,49.151],[-123.9279,49.1544],[-123.9209,49.1583],[-123.9232,49.1646],[-123.9281,49.1636],[-123.9297,49.1665],[-123.9348,49.1678],[-123.9374,49.1726],[-123.9409,49.1719],[-123.9415,49.176],[-123.9395,49.177],[-123.9488,49.1932],[-123.9523,49.1917],[-123.9566,49.1928],[-123.9674,49.1991],[-123.9696,49.2019],[-123.9687,49.206],[-123.96,49.2099],[-123.9481,49.2099],[-123.9409,49.2116],[-123.9401,49.2146],[-123.9477,49.2254],[-123.9497,49.2239],[-123.9523,49.2271],[-123.9567,49.2271],[-123.9649,49.2303],[-123.9625,49.2333],[-123.9642,49.2367],[-123.9694,49.2364],[-123.97,49.2347],[-123.9812,49.239],[-124,49.2387],[-124,49]],[[-123.5873,49.0091],[-123.5866,49.0054],[-123.5892,49],[-123.5597,49],[-123.5696,49.0106],[-123.5716,49.0101],[-123.5757,49.0128],[-123.5779,49.0112],[-123.5828,49.0113],[-123.5861,49.0131],[-123.5855,49.0099],[-123.5873,49.0091]],[[-123.6664,49.0933],[-123.6686,49.0928],[-123.67,49.0942],[-123.6678,49.0956],[-123.6667,49.1014],[-123.6692,49.1017],[-123.6681,49.1042],[-123.6714,49.1092],[-123.6837,49.118],[-123.6877,49.1186],[-123.7019,49.1282],[-123.7047,49.1256],[-123.7144,49.1274],[-123.7159,49.125],[-123.7065,49.1153],[-123.7095,49.1131],[-123.7065,49.1082],[-123.6933,49.0949],[-123.6716,49.0782],[-123.657,49.0697],[-123.6553,49.0642],[-123.6566,49.0627],[-123.6565,49.0548],[-123.6435,49.044],[-123.6438,49.0408],[-123.6345,49.0381],[-123.6301,49.0384],[-123.6101,49.0187],[-123.6098,49.0167],[-123.6009,49.0126],[-123.5961,49.0167],[-123.5925,49.0177],[-123.5921,49.0206],[-123.5957,49.0295],[-123.6013,49.0342],[-123.6007,49.0371],[-123.6077,49.0414],[-123.6078,49.0439],[-123.6176,49.0548],[-123.6184,49.0578],[-123.6232,49.0584],[-123.6234,49.0619],[-123.6272,49.0658],[-123.6525,49.0814],[-123.6664,49.0933]],[[-123.6177,49],[-123.6267,49.0061],[-123.6301,49.0064],[-123.6354,49.0035],[-123.6322,49],[-123.6177,49]],[[-123.6573,49],[-123.6621,49.0044],[-123.6704,49.0087],[-123.6762,49.0171],[-123.6837,49.0203],[-123.6883,49.0218],[-123.6894,49.0198],[-123.6786,49.0057],[-123.6889,49.017],[-123.6886,49.0141],[-123.695,49.0118],[-123.6997,49.0172],[-123.7097,49.0196],[-123.7062,49.0136],[-123.7017,49],[-123.6573,49]],[[-123.6733,49.1454],[-123.6727,49.148],[-123.6743,49.1483],[-123.6753,49.1465],[-123.6733,49.1454]],[[-123.677,49.1436],[-123.6765,49.1458],[-123.6788,49.1465],[-123.677,49.1436]],[[-123.6827,49.1265],[-123.6809,49.1265],[-123.6822,49.1289],[-123.6817,49.1339],[-123.6788,49.1355],[-123.6794,49.1386],[-123.681,49.1396],[-123.6859,49.1373],[-123.6827,49.1265]],[[-123.6866,49.1559],[-123.6852,49.1544],[-123.6809,49.156],[-123.6829,49.158],[-123.6866,49.1559]],[[-123.6872,49.0692],[-123.693,49.0704],[-123.6978,49.0686],[-123.6955,49.0648],[-123.691,49.0632],[-123.6851,49.0642],[-123.685,49.07],[-123.6872,49.0692]],[[-123.6881,49.1572],[-123.6861,49.1593],[-123.6892,49.1602],[-123.6901,49.1592],[-123.6881,49.1572]],[[-123.6909,49.15],[-123.6889,49.149],[-123.6872,49.1511],[-123.6916,49.1524],[-123.6924,49.1515],[-123.6909,49.15]],[[-123.6886,49.1445],[-123.6874,49.1457],[-123.6897,49.1469],[-123.6901,49.1489],[-123.6944,49.1489],[-123.6934,49.1465],[-123.6886,49.1445]],[[-123.6924,49.1238],[-123.6891,49.1225],[-123.6938,49.1263],[-123.6924,49.1238]],[[-123.6963,49.1576],[-123.6938,49.1545],[-123.6897,49.1554],[-123.6928,49.1589],[-123.6963,49.1576]],[[-123.7712,49.1328],[-123.7633,49.1298],[-123.7315,49.1269],[-123.7176,49.1291],[-123.7168,49.1303],[-123.7195,49.1366],[-123.7131,49.1364],[-123.7108,49.1381],[-123.7124,49.1342],[-123.7097,49.1319],[-123.7041,49.1296],[-123.6992,49.1315],[-123.6961,49.1306],[-123.6947,49.1331],[-123.6914,49.1342],[-123.69,49.1425],[-123.6942,49.1442],[-123.6961,49.1481],[-123.7022,49.1525],[-123.7019,49.1536],[-123.6989,49.1519],[-123.6964,49.1531],[-123.7039,49.1564],[-123.7031,49.1589],[-123.7045,49.1599],[-123.7238,49.1603],[-123.7557,49.1642],[-123.7709,49.1682],[-123.7953,49.1809],[-123.8001,49.1812],[-123.8088,49.186],[-123.8133,49.1845],[-123.8182,49.1862],[-123.8211,49.1897],[-123.8179,49.1918],[-123.8198,49.1951],[-123.8167,49.1964],[-123.8181,49.1975],[-123.818,49.2019],[-123.8196,49.203],[-123.8474,49.1986],[-123.8557,49.1948],[-123.8574,49.1957],[-123.8537,49.1995],[-123.8611,49.1994],[-123.8663,49.1959],[-123.8608,49.1942],[-123.8611,49.1928],[-123.873,49.1919],[-123.8732,49.1895],[-123.8628,49.1839],[-123.8642,49.1795],[-123.8597,49.1783],[-123.8634,49.173],[-123.8703,49.1765],[-123.8716,49.1688],[-123.8669,49.1616],[-123.858,49.1556],[-123.8393,49.1488],[-123.7892,49.1397],[-123.7831,49.1356],[-123.7712,49.1328]],[[-123.6911,49.0746],[-123.6936,49.075],[-123.6939,49.073],[-123.6917,49.0728],[-123.6911,49.0746]],[[-123.6958,49.0769],[-123.7034,49.0824],[-123.7089,49.0844],[-123.7107,49.0833],[-123.7151,49.0859],[-123.7114,49.0814],[-123.7142,49.0811],[-123.7072,49.0789],[-123.7061,49.075],[-123.702,49.072],[-123.6958,49.0711],[-123.6958,49.0769]],[[-123.7011,49.1571],[-123.6961,49.1549],[-123.6981,49.1576],[-123.7011,49.1571]],[[-123.7249,49.0936],[-123.7196,49.0931],[-123.7267,49.0986],[-123.7293,49.0987],[-123.7279,49.0956],[-123.7367,49.0997],[-123.7536,49.1121],[-123.7593,49.111],[-123.7519,49.102],[-123.7356,49.0914],[-123.7249,49.0936]],[[-123.7568,49.1143],[-123.765,49.121],[-123.7694,49.1208],[-123.7593,49.1122],[-123.7568,49.1143]],[[-123.7615,49.4968],[-123.7618,49.4989],[-123.7637,49.4978],[-123.7615,49.4968]],[[-123.7866,49.135],[-123.8041,49.1371],[-123.8171,49.1361],[-123.8117,49.1322],[-123.7897,49.1288],[-123.7712,49.1226],[-123.767,49.1229],[-123.7686,49.1265],[-123.7866,49.135]],[[-123.7859,49.4524],[-123.7827,49.454],[-123.7922,49.4577],[-123.7911,49.4535],[-123.7859,49.4524]],[[-123.7966,49.117],[-123.7942,49.116],[-123.7937,49.1173],[-123.7966,49.117]],[[-123.8053,49.4511],[-123.8033,49.45],[-123.7984,49.4525],[-123.8053,49.4511]],[[-123.8209,49.0094],[-123.81,49],[-123.8057,49],[-123.8181,49.01],[-123.8209,49.0094]],[[-123.8167,49.4567],[-123.8189,49.4564],[-123.815,49.4528],[-123.8072,49.4549],[-123.8089,49.4582],[-123.8136,49.4582],[-123.8139,49.455],[-123.8167,49.4567]],[[-123.8916,49.2164],[-123.8911,49.2139],[-123.889,49.2144],[-123.8898,49.2176],[-123.8916,49.2164]],[[-123.8935,49.14],[-123.8913,49.1392],[-123.8894,49.1406],[-123.8935,49.14]],[[-123.8971,49.1406],[-123.8963,49.1395],[-123.8941,49.1403],[-123.8971,49.1406]],[[-123.9117,49.468],[-123.9201,49.4712],[-123.9238,49.471],[-123.9206,49.4677],[-123.9119,49.4664],[-123.9117,49.468]],[[-123.9157,49.1771],[-123.9137,49.1791],[-123.9143,49.1817],[-123.9195,49.1836],[-123.924,49.1826],[-123.9239,49.18],[-123.9258,49.1778],[-123.9247,49.1764],[-123.9219,49.1769],[-123.9191,49.1713],[-123.9174,49.1708],[-123.9146,49.1732],[-123.9157,49.1771]],[[-123.9169,49.2319],[-123.9181,49.2308],[-123.9164,49.2294],[-123.9139,49.2314],[-123.9169,49.2319]],[[-123.9155,49.1471],[-123.9179,49.1501],[-123.9162,49.1456],[-123.9155,49.1471]],[[-123.9233,49.1466],[-123.9214,49.1437],[-123.9215,49.1471],[-123.9233,49.1466]],[[-123.9344,49.1833],[-123.9297,49.1798],[-123.927,49.1807],[-123.9224,49.1867],[-123.9215,49.1902],[-123.9267,49.1939],[-123.9242,49.1958],[-123.9247,49.1983],[-123.932,49.199],[-123.9386,49.2025],[-123.9443,49.2027],[-123.9461,49.201],[-123.9464,49.1908],[-123.9388,49.1786],[-123.9343,49.1791],[-123.9356,49.1825],[-123.9344,49.1833]],[[-123.9217,49.1519],[-123.9228,49.1556],[-123.9228,49.1519],[-123.9217,49.1519]],[[-123.9484,49.2085],[-123.945,49.2071],[-123.9423,49.2078],[-123.9484,49.2085]],[[-123.9522,49.2286],[-123.9476,49.2269],[-123.9492,49.2292],[-123.9522,49.2286]],[[-123.9818,49.5],[-123.9842,49.4964],[-123.9789,49.4928],[-123.982,49.4922],[-123.9817,49.49],[-123.9836,49.4894],[-123.9886,49.4939],[-123.9903,49.4921],[-123.9865,49.4897],[-123.9862,49.4868],[-123.9797,49.4842],[-123.9806,49.4814],[-123.9783,49.4775],[-123.9784,49.4711],[-123.9667,49.4669],[-123.9644,49.4681],[-123.9628,49.4664],[-123.9542,49.4683],[-123.9519,49.4675],[-123.9516,49.4694],[-123.9552,49.4716],[-123.9508,49.4725],[-123.9571,49.4755],[-123.9505,49.4808],[-123.9572,49.4847],[-123.955,49.4864],[-123.9575,49.4872],[-123.9567,49.4914],[-123.9542,49.4917],[-123.954,49.493],[-123.9653,49.5],[-123.9818,49.5]],[[-123.9589,49.4644],[-123.9603,49.4661],[-123.9631,49.4658],[-123.9611,49.4639],[-123.9589,49.4644]],[[-124,49.5],[-124,49.4954],[-123.9907,49.494],[-123.9895,49.4952],[-123.9938,49.5],[-124,49.5]]],[[[-123.0355,49.0022],[-123.0355,49.009],[-123.041,49.0197],[-123.0544,49.0256],[-123.0561,49.028],[-123.0499,49.041],[-123.0446,49.0447],[-123.0444,49.0463],[-123.0381,49.0466],[-123.0379,49.0493],[-123.0344,49.0489],[-123.028,49.0535],[-123.0254,49.0539],[-123.0224,49.058],[-123.0186,49.0564],[-123.0176,49.0591],[-123.0111,49.0615],[-123,49.0617],[-123,49.0021],[-123.0355,49.0022]]],[[[-123.5,49],[-123.5,49.4049],[-123.4961,49.4111],[-123.4898,49.4149],[-123.4839,49.4157],[-123.4808,49.4184],[-123.4787,49.4279],[-123.4739,49.4304],[-123.4722,49.4386],[-123.4671,49.443],[-123.4673,49.4494],[-123.4717,49.453],[-123.4726,49.4562],[-123.481,49.4661],[-123.486,49.4682],[-123.4857,49.4699],[-123.481,49.4702],[-123.4816,49.4728],[-123.4861,49.4739],[-123.4861,49.4772],[-123.4827,49.4793],[-123.4823,49.4817],[-123.472,49.4833],[-123.4703,49.4858],[-123.4941,49.5],[-123.2491,49.5],[-123.2476,49.4921],[-123.2495,49.489],[-123.25,49.4828],[-123.2454,49.4816],[-123.2438,49.4759],[-123.2442,49.4727],[-123.246,49.4712],[-123.2408,49.4689],[-123.2414,49.451],[-123.2391,49.4468],[-123.2392,49.4384],[-123.2364,49.4348],[-123.2335,49.425],[-123.2347,49.4171],[-123.2433,49.4106],[-123.2454,49.4034],[-123.2524,49.3992],[-123.2529,49.3951],[-123.272,49.3758],[-123.2739,49.3754],[-123.2734,49.3782],[-123.2751,49.3809],[-123.2886,49.3753],[-123.2903,49.3768],[-123.294,49.373],[-123.2903,49.3709],[-123.285,49.3718],[-123.2845,49.3681],[-123.2879,49.3651],[-123.2872,49.3626],[-123.2831,49.3616],[-123.2843,49.3573],[-123.2744,49.3551],[-123.2761,49.3538],[-123.2751,49.352],[-123.2723,49.3534],[-123.2739,49.3552],[-123.2702,49.353],[-123.2684,49.3536],[-123.2697,49.3494],[-123.2728,49.3475],[-123.2684,49.3441],[-123.2697,49.3369],[-123.2677,49.3313],[-123.2635,49.33],[-123.2464,49.3401],[-123.2408,49.338],[-123.2291,49.3412],[-123.2202,49.338],[-123.2068,49.34],[-123.1952,49.3351],[-123.1753,49.3311],[-123.1702,49.3272],[-123.1543,49.3264],[-123.1503,49.3228],[-123.1445,49.3216],[-123.1358,49.3235],[-123.1402,49.3211],[-123.1379,49.3206],[-123.1372,49.3171],[-123.1336,49.3174],[-123.1326,49.3154],[-123.1252,49.3125],[-123.1214,49.3126],[-123.1157,49.3087],[-123.114,49.3095],[-123.1155,49.3113],[-123.1146,49.3127],[-123.1136,49.3112],[-123.109,49.3104],[-123.1022,49.3162],[-123.1018,49.3134],[-123.0879,49.3131],[-123.0845,49.3103],[-123.0697,49.3047],[-123.0562,49.3053],[-123.0413,49.3],[-123.0384,49.3043],[-123.0391,49.2985],[-123.0318,49.2972],[-123.028,49.2991],[-123.0234,49.2986],[-123.0259,49.3024],[-123.0241,49.3041],[-123.0208,49.2975],[-123.0188,49.2972],[-123.0171,49.2987],[-123.0142,49.2978],[-123.0137,49.2998],[-123.0098,49.2994],[-123.0075,49.3021],[-123.0031,49.3021],[-123,49.3049],[-123,49.2907],[-123.0188,49.2935],[-123.0344,49.2905],[-123.0507,49.2941],[-123.059,49.2916],[-123.0646,49.2869],[-123.0668,49.2876],[-123.0688,49.2857],[-123.0688,49.2896],[-123.0765,49.2899],[-123.0789,49.2862],[-123.0821,49.2865],[-123.0822,49.2837],[-123.0845,49.2862],[-123.0892,49.2857],[-123.0898,49.2892],[-123.0914,49.2895],[-123.0924,49.2883],[-123.0989,49.2894],[-123.0996,49.288],[-123.0955,49.2861],[-123.0981,49.2858],[-123.0993,49.2874],[-123.1025,49.2855],[-123.1112,49.2877],[-123.1096,49.2886],[-123.1105,49.2892],[-123.1151,49.2886],[-123.1149,49.2899],[-123.1267,49.291],[-123.1355,49.2955],[-123.1306,49.2977],[-123.1286,49.2962],[-123.1256,49.2979],[-123.1182,49.2979],[-123.1167,49.3001],[-123.1226,49.3003],[-123.1297,49.303],[-123.1352,49.3071],[-123.1399,49.3133],[-123.143,49.3139],[-123.1505,49.3123],[-123.156,49.3084],[-123.1566,49.3028],[-123.159,49.3006],[-123.1581,49.2981],[-123.1505,49.2943],[-123.1443,49.2889],[-123.1441,49.2843],[-123.1316,49.2726],[-123.1279,49.2711],[-123.1206,49.2712],[-123.1068,49.2759],[-123.1041,49.2755],[-123.1036,49.2727],[-123.1151,49.2714],[-123.12,49.2679],[-123.1282,49.2682],[-123.1307,49.2687],[-123.1311,49.2709],[-123.1347,49.273],[-123.1387,49.2711],[-123.1406,49.2773],[-123.1447,49.2793],[-123.1523,49.278],[-123.1552,49.2741],[-123.1625,49.2745],[-123.1744,49.2718],[-123.187,49.2738],[-123.1948,49.2727],[-123.2018,49.2767],[-123.2092,49.2757],[-123.2214,49.2784],[-123.2429,49.2801],[-123.2499,49.2784],[-123.2619,49.2712],[-123.2645,49.2645],[-123.2529,49.2514],[-123.2313,49.241],[-123.2302,49.2392],[-123.2321,49.2377],[-123.2319,49.2339],[-123.2238,49.2315],[-123.2229,49.2336],[-123.2248,49.2356],[-123.2245,49.2382],[-123.2149,49.2327],[-123.2156,49.2305],[-123.2131,49.229],[-123.2178,49.2291],[-123.2189,49.227],[-123.1901,49.2208],[-123.1815,49.2167],[-123.1692,49.2165],[-123.1548,49.2104],[-123.1507,49.2064],[-123.1407,49.2012],[-123.1347,49.2],[-123.1135,49.2051],[-123.0942,49.2049],[-123.0757,49.2088],[-123.0648,49.2059],[-123.044,49.2053],[-123.0265,49.2015],[-123,49.1922],[-123,49.1502],[-123.0026,49.148],[-123.0206,49.1481],[-123.0385,49.1417],[-123.0484,49.1298],[-123.0594,49.1269],[-123.0806,49.1167],[-123.0678,49.1153],[-123.0564,49.1247],[-123.0546,49.1244],[-123.0635,49.1151],[-123.0797,49.1131],[-123.0843,49.1111],[-123.0906,49.1033],[-123.0942,49.0951],[-123.0944,49.0907],[-123.0899,49.0928],[-123.0918,49.0907],[-123.1088,49.0857],[-123.1239,49.0855],[-123.1297,49.0761],[-123.1345,49.0723],[-123.1492,49.0686],[-123.1586,49.0683],[-123.1646,49.0652],[-123.1634,49.059],[-123.1506,49.0612],[-123.1254,49.0507],[-123.1531,49.0306],[-123.158,49.0247],[-123.1673,49.0246],[-123.1728,49.018],[-123.1618,49.0131],[-123.1644,49.011],[-123.1686,49.0114],[-123.1686,49.0101],[-123.162,49.0104],[-123.1557,49.0148],[-123.1531,49.0195],[-123.1565,49.0233],[-123.1514,49.0287],[-123.1217,49.0491],[-123.1125,49.047],[-123.1086,49.0396],[-123.1001,49.0341],[-123.1033,49.0262],[-123.1194,49.0144],[-123.132,49.0077],[-123.1321,49.0064],[-123.1267,49.0077],[-123.1046,49.0232],[-123.1017,49.0227],[-123.0968,49.0183],[-123.0927,49.0093],[-123.0914,49.002],[-123.3222,49.0021],[-123.3184,49],[-123.5,49]],[[-123.136,49.1919],[-123.1364,49.1888],[-123.1418,49.181],[-123.1551,49.1749],[-123.204,49.175],[-123.2055,49.1723],[-123.2002,49.1486],[-123.2003,49.1353],[-123.2044,49.1304],[-123.2126,49.1303],[-123.2255,49.133],[-123.2314,49.1362],[-123.2356,49.1328],[-123.2459,49.13],[-123.3034,49.1058],[-123.2442,49.1295],[-123.2334,49.1322],[-123.2191,49.1308],[-123.199,49.1245],[-123.1748,49.1227],[-123.1733,49.1208],[-123.1666,49.12],[-123.1641,49.1181],[-123.1606,49.12],[-123.1598,49.1163],[-123.1435,49.1107],[-123.1262,49.11],[-123.0862,49.1219],[-123.0872,49.1253],[-123.085,49.1254],[-123.0841,49.1229],[-123.0821,49.1225],[-123.0749,49.125],[-123.0469,49.1462],[-123.0341,49.1506],[-123.0063,49.1549],[-123,49.16],[-123,49.1885],[-123.0049,49.193],[-123.0221,49.1986],[-123.0421,49.2028],[-123.061,49.2039],[-123.076,49.2018],[-123.0914,49.1971],[-123.1183,49.2013],[-123.133,49.1967],[-123.1345,49.1915],[-123.136,49.1919]],[[-123.0896,49.1996],[-123.0816,49.2026],[-123.068,49.2046],[-123.0731,49.2081],[-123.0942,49.2042],[-123.1171,49.2035],[-123.1003,49.1992],[-123.0896,49.1996]],[[-123.081,49.1137],[-123.0795,49.114],[-123.0817,49.1146],[-123.0834,49.1133],[-123.081,49.1137]],[[-123.1015,49.1123],[-123.122,49.1036],[-123.1102,49.104],[-123.0933,49.1085],[-123.0881,49.1127],[-123.0888,49.1146],[-123.1015,49.1123]],[[-123.1267,49.094],[-123.1317,49.0907],[-123.1302,49.089],[-123.1166,49.0881],[-123.0995,49.0981],[-123.0943,49.1039],[-123.0938,49.1068],[-123.1014,49.1062],[-123.1185,49.0963],[-123.1267,49.094]],[[-123.1031,49.0886],[-123.0984,49.0898],[-123.0989,49.0932],[-123.1031,49.0886]],[[-123.1056,49.0922],[-123.1139,49.0868],[-123.1044,49.0891],[-123.1017,49.0928],[-123.1056,49.0922]],[[-123.1343,49.0996],[-123.128,49.1007],[-123.1412,49.0964],[-123.1387,49.0945],[-123.127,49.0954],[-123.1148,49.0993],[-123.1106,49.1021],[-123.1293,49.1017],[-123.1343,49.0996]],[[-123.1237,49.294],[-123.1217,49.2952],[-123.1224,49.2967],[-123.1252,49.2948],[-123.1237,49.294]],[[-123.1314,49.1044],[-123.1265,49.1065],[-123.1325,49.1062],[-123.1305,49.1057],[-123.1314,49.1044]],[[-123.1314,49.0919],[-123.1292,49.0939],[-123.1364,49.0932],[-123.1314,49.0919]],[[-123.1444,49.0954],[-123.1625,49.1036],[-123.1703,49.1021],[-123.1636,49.1043],[-123.1651,49.1053],[-123.1779,49.1107],[-123.187,49.1114],[-123.2008,49.0998],[-123.1923,49.0974],[-123.1894,49.0917],[-123.1831,49.0875],[-123.181,49.0752],[-123.1774,49.0745],[-123.1747,49.0783],[-123.1743,49.0747],[-123.1705,49.0714],[-123.1408,49.0735],[-123.1303,49.0811],[-123.1318,49.0882],[-123.1444,49.0954]],[[-123.1348,49.1009],[-123.1314,49.1033],[-123.134,49.1028],[-123.1348,49.1009]],[[-123.1523,49.1023],[-123.1467,49.0995],[-123.1399,49.0999],[-123.1343,49.1037],[-123.1342,49.1059],[-123.1548,49.1074],[-123.1482,49.1052],[-123.1496,49.1042],[-123.1477,49.1031],[-123.1523,49.1023]],[[-123.2628,49.2484],[-123.2411,49.2336],[-123.2269,49.2253],[-123.2169,49.2215],[-123.2145,49.2188],[-123.2147,49.2166],[-123.2181,49.2156],[-123.2583,49.2075],[-123.2637,49.2051],[-123.2119,49.2164],[-123.2064,49.2158],[-123.2042,49.2108],[-123.2071,49.205],[-123.2119,49.2],[-123.2117,49.1967],[-123.2148,49.193],[-123.2127,49.192],[-123.2186,49.1916],[-123.2113,49.19],[-123.2113,49.1876],[-123.2097,49.1869],[-123.1939,49.1851],[-123.1799,49.1785],[-123.1737,49.1778],[-123.1518,49.1789],[-123.1434,49.1835],[-123.1432,49.1869],[-123.1357,49.197],[-123.1361,49.1985],[-123.1485,49.2022],[-123.1608,49.2111],[-123.1689,49.2141],[-123.1761,49.2139],[-123.1839,49.2113],[-123.1891,49.2124],[-123.1922,49.211],[-123.1943,49.2121],[-123.1997,49.211],[-123.1992,49.2139],[-123.2011,49.2151],[-123.1931,49.2133],[-123.1784,49.2146],[-123.1939,49.2197],[-123.2098,49.2217],[-123.2253,49.2265],[-123.2628,49.2484]],[[-123.1671,49.118],[-123.1872,49.1218],[-123.1675,49.1153],[-123.1579,49.1142],[-123.1671,49.118]],[[-123.1838,49.1774],[-123.1969,49.183],[-123.2048,49.1825],[-123.1917,49.1773],[-123.1838,49.1774]],[[-123.1927,49.1082],[-123.1912,49.1099],[-123.1952,49.1102],[-123.1989,49.1065],[-123.1927,49.1082]],[[-123.2018,49.1046],[-123.1988,49.1118],[-123.2034,49.1091],[-123.2018,49.1046]],[[-123.2049,49.1182],[-123.2004,49.1174],[-123.1999,49.1185],[-123.2151,49.1235],[-123.2049,49.1182]],[[-123.2007,49.1129],[-123.2068,49.1117],[-123.2023,49.1107],[-123.2,49.1118],[-123.2007,49.1129]],[[-123.2062,49.1145],[-123.2131,49.1165],[-123.2089,49.1137],[-123.2099,49.1119],[-123.2065,49.113],[-123.2062,49.1145]],[[-123.2484,49.2454],[-123.2506,49.2444],[-123.2432,49.2398],[-123.2417,49.2403],[-123.2433,49.2425],[-123.24,49.2425],[-123.2401,49.2379],[-123.2359,49.2363],[-123.2375,49.2383],[-123.2328,49.24],[-123.2446,49.2473],[-123.2475,49.2472],[-123.2461,49.2447],[-123.2484,49.2454]],[[-123.2586,49.25],[-123.2594,49.2492],[-123.2547,49.2461],[-123.2525,49.2467],[-123.2511,49.2492],[-123.255,49.2517],[-123.2569,49.2508],[-123.2567,49.2486],[-123.2586,49.25]],[[-123.265,49.2576],[-123.2637,49.2562],[-123.2668,49.2536],[-123.2619,49.2504],[-123.2568,49.2532],[-123.2594,49.2586],[-123.2622,49.2594],[-123.2615,49.2567],[-123.265,49.2576]],[[-123.2618,49.4219],[-123.2617,49.4243],[-123.268,49.4327],[-123.272,49.4326],[-123.2772,49.4276],[-123.2772,49.4249],[-123.2717,49.4199],[-123.2673,49.4202],[-123.2664,49.418],[-123.2618,49.4219]],[[-123.3069,49.3389],[-123.3037,49.3425],[-123.307,49.3457],[-123.3082,49.3414],[-123.3069,49.3389]],[[-123.4304,49.3696],[-123.4311,49.365],[-123.4252,49.3643],[-123.4261,49.3581],[-123.4229,49.3568],[-123.4198,49.353],[-123.4217,49.3508],[-123.429,49.348],[-123.4324,49.3402],[-123.43,49.3381],[-123.4206,49.3349],[-123.3888,49.3352],[-123.3789,49.3335],[-123.3702,49.3358],[-123.3615,49.335],[-123.3548,49.3402],[-123.3551,49.3435],[-123.3455,49.3464],[-123.3408,49.3504],[-123.3327,49.3609],[-123.3328,49.3693],[-123.33,49.3701],[-123.3266,49.3759],[-123.3213,49.3764],[-123.3225,49.3811],[-123.3292,49.3786],[-123.3264,49.3814],[-123.3329,49.383],[-123.331,49.3868],[-123.3225,49.386],[-123.3193,49.3871],[-123.3184,49.3905],[-123.3226,49.396],[-123.3197,49.3996],[-123.3109,49.4038],[-123.3087,49.4103],[-123.3143,49.4143],[-123.3085,49.4181],[-123.3157,49.4196],[-123.3177,49.4179],[-123.3203,49.4188],[-123.3221,49.4159],[-123.3261,49.4145],[-123.3395,49.4156],[-123.3577,49.4141],[-123.3628,49.4113],[-123.3646,49.4072],[-123.373,49.4061],[-123.3797,49.4023],[-123.3862,49.401],[-123.3986,49.3899],[-123.4095,49.3846],[-123.4174,49.377],[-123.4304,49.3696]],[[-123.3619,49.4312],[-123.3543,49.4372],[-123.3365,49.4429],[-123.3332,49.4456],[-123.3283,49.4539],[-123.3248,49.4536],[-123.3276,49.4488],[-123.3249,49.4466],[-123.321,49.4456],[-123.3153,49.4486],[-123.3144,49.4617],[-123.3164,49.4722],[-123.325,49.4817],[-123.3344,49.4872],[-123.3348,49.4899],[-123.3308,49.4914],[-123.3297,49.4967],[-123.337,49.5],[-123.4498,49.5],[-123.4454,49.4966],[-123.4436,49.4931],[-123.4433,49.4856],[-123.4479,49.4828],[-123.4517,49.4772],[-123.4593,49.4725],[-123.4559,49.4639],[-123.4472,49.4617],[-123.4472,49.4581],[-123.45,49.4572],[-123.4486,49.4544],[-123.4414,49.4508],[-123.4394,49.4483],[-123.4476,49.4386],[-123.4466,49.434],[-123.4373,49.4341],[-123.4285,49.441],[-123.4244,49.4469],[-123.4225,49.4554],[-123.4197,49.4598],[-123.4165,49.4609],[-123.4102,49.4677],[-123.4035,49.471],[-123.4003,49.4704],[-123.3993,49.4665],[-123.4055,49.4616],[-123.4068,49.4567],[-123.3978,49.4528],[-123.3905,49.4553],[-123.3896,49.4613],[-123.3879,49.4634],[-123.3897,49.4652],[-123.3889,49.4717],[-123.3797,49.4797],[-123.3753,49.4792],[-123.3731,49.4764],[-123.3783,49.4692],[-123.3753,49.4664],[-123.3822,49.4614],[-123.3829,49.4572],[-123.3753,49.4535],[-123.3713,49.4582],[-123.3636,49.4619],[-123.3625,49.4703],[-123.3578,49.4753],[-123.3461,49.4768],[-123.3528,49.4697],[-123.3572,49.4672],[-123.3586,49.458],[-123.3618,49.4555],[-123.364,49.45],[-123.3708,49.4456],[-123.375,49.4403],[-123.373,49.4334],[-123.3693,49.4308],[-123.3619,49.4312]],[[-123.3874,49.4075],[-123.3857,49.4059],[-123.3798,49.4083],[-123.3788,49.4115],[-123.3859,49.4097],[-123.3874,49.4075]],[[-123.4747,49.3909],[-123.4715,49.393],[-123.4652,49.3918],[-123.4609,49.393],[-123.4544,49.3908],[-123.4486,49.3937],[-123.4396,49.3904],[-123.4326,49.3954],[-123.4303,49.4032],[-123.4523,49.4104],[-123.4648,49.4104],[-123.4669,49.4076],[-123.4724,49.4053],[-123.4727,49.4014],[-123.4925,49.3903],[-123.4969,49.3849],[-123.4889,49.3847],[-123.4783,49.3908],[-123.4747,49.3909]],[[-123.4431,49.4325],[-123.4483,49.4306],[-123.4467,49.4294],[-123.4433,49.4306],[-123.4431,49.4325]],[[-123.4526,49.3778],[-123.4521,49.3761],[-123.4476,49.3767],[-123.4526,49.3778]],[[-123.4528,49.3703],[-123.4503,49.3711],[-123.4506,49.3725],[-123.4542,49.3711],[-123.4528,49.3703]],[[-123.454,49.3473],[-123.4575,49.3497],[-123.4641,49.3496],[-123.4653,49.3484],[-123.4573,49.3465],[-123.454,49.3473]],[[-123.4603,49.3573],[-123.4602,49.3631],[-123.454,49.3654],[-123.455,49.3677],[-123.4583,49.3687],[-123.4565,49.3703],[-123.4589,49.3717],[-123.4671,49.3691],[-123.4699,49.3633],[-123.4681,49.361],[-123.4705,49.3587],[-123.4693,49.3566],[-123.4603,49.3573]],[[-123.4614,49.3731],[-123.4638,49.3724],[-123.4617,49.3717],[-123.4614,49.3731]],[[-123.4697,49.3722],[-123.4722,49.3731],[-123.4728,49.3719],[-123.4697,49.3722]],[[-123.4787,49.371],[-123.4782,49.3691],[-123.4717,49.3686],[-123.4761,49.3719],[-123.4787,49.371]],[[-123.4741,49.4743],[-123.472,49.4783],[-123.4733,49.4789],[-123.4747,49.4783],[-123.4741,49.4743]],[[-123.4745,49.468],[-123.4782,49.469],[-123.4784,49.4676],[-123.4745,49.468]],[[-123.4785,49.4028],[-123.4775,49.4009],[-123.4755,49.402],[-123.4785,49.4028]],[[-123.4761,49.4986],[-123.4797,49.5],[-123.4786,49.4992],[-123.4797,49.4986],[-123.4767,49.4975],[-123.4761,49.4986]],[[-123.4819,49.4694],[-123.4803,49.4664],[-123.4785,49.4671],[-123.4819,49.4694]],[[-123.4864,49.3661],[-123.4828,49.3642],[-123.4806,49.3656],[-123.4839,49.3671],[-123.4864,49.3661]],[[-123.4815,49.4758],[-123.4832,49.4757],[-123.4829,49.4734],[-123.4815,49.4758]],[[-123.4876,49.4994],[-123.4899,49.499],[-123.4843,49.4975],[-123.4876,49.4994]],[[-123.4897,49.3642],[-123.4921,49.3616],[-123.4852,49.3582],[-123.4843,49.3605],[-123.4865,49.3633],[-123.4897,49.3642]]],[[[-123,49.0617],[-122.9803,49.0671],[-122.9757,49.0666],[-122.9692,49.0695],[-122.9594,49.0696],[-122.9092,49.0845],[-122.8998,49.0838],[-122.896,49.0874],[-122.8898,49.0875],[-122.8888,49.0889],[-122.8905,49.0916],[-122.8671,49.0889],[-122.8506,49.0826],[-122.8525,49.0803],[-122.8593,49.0803],[-122.8608,49.0783],[-122.8589,49.0731],[-122.8606,49.0647],[-122.8615,49.0629],[-122.8674,49.0609],[-122.8663,49.0582],[-122.8544,49.0608],[-122.8499,49.0677],[-122.8389,49.0672],[-122.836,49.0705],[-122.8355,49.0749],[-122.8317,49.0748],[-122.8294,49.073],[-122.8348,49.0723],[-122.8348,49.0694],[-122.837,49.0668],[-122.8483,49.0663],[-122.8535,49.0597],[-122.8646,49.0561],[-122.8697,49.0583],[-122.8765,49.0562],[-122.8753,49.0579],[-122.8776,49.0623],[-122.8878,49.0568],[-122.8843,49.0486],[-122.8844,49.0428],[-122.8726,49.0267],[-122.8661,49.0238],[-122.8307,49.025],[-122.8181,49.0241],[-122.7727,49.011],[-122.7579,49.0021],[-123,49.0021],[-123,49.0617]]],[[[-123,49.3049],[-122.9971,49.3075],[-122.986,49.3079],[-122.9622,49.3008],[-122.9554,49.3006],[-122.9481,49.3048],[-122.9462,49.3101],[-122.9471,49.3146],[-122.9394,49.3184],[-122.9364,49.3216],[-122.9374,49.3251],[-122.9422,49.3264],[-122.9472,49.3255],[-122.9462,49.3278],[-122.9482,49.3287],[-122.9448,49.3309],[-122.9361,49.3322],[-122.9127,49.3457],[-122.9054,49.3568],[-122.8924,49.3601],[-122.889,49.3677],[-122.8894,49.3762],[-122.8835,49.3808],[-122.8795,49.381],[-122.8864,49.3975],[-122.8836,49.4037],[-122.8844,49.41],[-122.8788,49.4197],[-122.8741,49.4231],[-122.8753,49.4289],[-122.8727,49.4332],[-122.8785,49.4411],[-122.8786,49.4435],[-122.8762,49.4457],[-122.8769,49.4479],[-122.8872,49.4592],[-122.8859,49.4631],[-122.889,49.4671],[-122.8866,49.4689],[-122.8802,49.4661],[-122.8792,49.4625],[-122.8735,49.4612],[-122.8714,49.4577],[-122.8634,49.4547],[-122.8627,49.4491],[-122.8561,49.4417],[-122.8546,49.4375],[-122.8557,49.4332],[-122.8544,49.4315],[-122.8545,49.425],[-122.8583,49.4224],[-122.8581,49.4163],[-122.8566,49.414],[-122.8604,49.4061],[-122.8696,49.3999],[-122.8713,49.3945],[-122.8703,49.3901],[-122.8669,49.3883],[-122.8641,49.3799],[-122.8736,49.3727],[-122.874,49.3662],[-122.8886,49.3513],[-122.8909,49.3392],[-122.8885,49.3358],[-122.9176,49.3144],[-122.9193,49.3154],[-122.915,49.3209],[-122.9166,49.3243],[-122.9094,49.3287],[-122.9129,49.3305],[-122.9193,49.3295],[-122.9189,49.3269],[-122.9238,49.3246],[-122.934,49.3163],[-122.9274,49.3165],[-122.9292,49.3042],[-122.9265,49.2978],[-122.9222,49.2968],[-122.9189,49.2932],[-122.9094,49.2933],[-122.9052,49.2955],[-122.8944,49.2962],[-122.8852,49.3002],[-122.8833,49.2989],[-122.8722,49.3008],[-122.8612,49.2941],[-122.8364,49.2843],[-122.8453,49.2806],[-122.8574,49.2818],[-122.8595,49.2796],[-122.86,49.2835],[-122.8659,49.2898],[-122.8709,49.292],[-122.8943,49.2923],[-122.9033,49.2886],[-122.9121,49.2907],[-122.9198,49.2898],[-122.9283,49.2929],[-122.9457,49.2905],[-122.9502,49.2914],[-122.9608,49.2877],[-122.965,49.2877],[-122.9706,49.2901],[-122.9749,49.2901],[-122.9858,49.2952],[-123,49.2907],[-123,49.1922],[-122.9922,49.1856],[-122.9849,49.1819],[-122.9727,49.1811],[-122.9585,49.1919],[-122.9412,49.1989],[-122.933,49.1975],[-122.9263,49.1986],[-122.9189,49.1968],[-122.9117,49.1981],[-122.9052,49.2022],[-122.8979,49.2013],[-122.9151,49.1869],[-122.9248,49.1704],[-122.9243,49.1678],[-122.9356,49.1626],[-122.9466,49.1547],[-122.9558,49.153],[-122.9592,49.1544],[-122.9786,49.155],[-122.9879,49.1514],[-123,49.1502],[-123,49.3049]],[[-122.8555,49.2853],[-122.8548,49.2865],[-122.8604,49.288],[-122.8601,49.2864],[-122.8555,49.2853]],[[-122.874,49.447],[-122.8748,49.4442],[-122.8702,49.437],[-122.8705,49.4319],[-122.8632,49.4302],[-122.8624,49.434],[-122.8676,49.4426],[-122.8722,49.4477],[-122.874,49.447]],[[-122.8926,49.3503],[-122.893,49.3472],[-122.8897,49.3503],[-122.8926,49.3503]],[[-122.9056,49.3415],[-122.9049,49.3401],[-122.9036,49.3412],[-122.9056,49.3415]],[[-122.9847,49.1583],[-122.9737,49.1604],[-122.9706,49.1586],[-122.9594,49.1574],[-122.9513,49.1585],[-122.9378,49.1644],[-122.9266,49.1738],[-122.9185,49.1927],[-122.923,49.1915],[-122.9258,49.1882],[-122.9323,49.1852],[-122.9347,49.1818],[-122.9491,49.175],[-122.9576,49.1735],[-122.9637,49.168],[-122.981,49.1629],[-122.9856,49.1595],[-122.9847,49.1583]],[[-123,49.16],[-122.9977,49.1618],[-122.993,49.1618],[-122.9824,49.1657],[-122.9646,49.1685],[-122.9577,49.1752],[-122.9364,49.1831],[-122.9272,49.1886],[-122.9218,49.1939],[-122.9228,49.1957],[-122.927,49.1966],[-122.9376,49.1959],[-122.9406,49.1974],[-122.9471,49.196],[-122.9626,49.187],[-122.9607,49.1853],[-122.9663,49.1814],[-122.9754,49.1791],[-122.9793,49.1792],[-122.9966,49.1855],[-123,49.1885],[-123,49.16]],[[-122.9931,49.159],[-122.9876,49.1611],[-122.9938,49.1604],[-122.9945,49.159],[-122.9931,49.159]]],[[[-127,49.5],[-127,50],[-126.5,50],[-126.5,49.5],[-127,49.5]],[[-127,50],[-127,49.8513],[-126.9971,49.8517],[-126.9949,49.8548],[-126.9995,49.862],[-126.9931,49.8595],[-126.9912,49.8642],[-127,49.8693],[-127,49.8792],[-126.9946,49.8756],[-126.9881,49.8742],[-126.9848,49.8764],[-126.9855,49.8799],[-126.9817,49.8836],[-126.9802,49.8801],[-126.9812,49.8732],[-126.9737,49.8702],[-126.98,49.8647],[-126.9779,49.8595],[-126.9711,49.8583],[-126.9693,49.8597],[-126.9639,49.8555],[-126.958,49.8549],[-126.9475,49.8594],[-126.9409,49.8598],[-126.9391,49.8636],[-126.9307,49.8712],[-126.933,49.8736],[-126.9412,49.875],[-126.9382,49.8765],[-126.9396,49.8798],[-126.9359,49.8828],[-126.9353,49.8912],[-126.936,49.8983],[-126.9396,49.9008],[-126.938,49.9096],[-126.9393,49.9128],[-126.9367,49.9134],[-126.9353,49.9161],[-126.9405,49.9219],[-126.9408,49.9274],[-126.9398,49.9298],[-126.9348,49.9332],[-126.9374,49.9438],[-126.9367,49.9495],[-126.9418,49.9552],[-126.9415,49.9635],[-126.9435,49.9664],[-126.9428,49.9703],[-126.938,49.9725],[-126.9433,49.975],[-126.9447,49.9831],[-126.9444,49.9861],[-126.9403,49.9872],[-126.9288,49.9809],[-126.9276,49.9761],[-126.9235,49.9736],[-126.9241,49.9723],[-126.9295,49.9723],[-126.9308,49.9707],[-126.9289,49.9593],[-126.93,49.9543],[-126.9246,49.9435],[-126.9217,49.9411],[-126.9164,49.9401],[-126.919,49.939],[-126.9179,49.9329],[-126.9141,49.9311],[-126.911,49.9318],[-126.9132,49.9468],[-126.912,49.9572],[-126.908,49.9575],[-126.9056,49.9558],[-126.9077,49.9394],[-126.9061,49.9326],[-126.9072,49.9303],[-126.9119,49.9295],[-126.9136,49.925],[-126.9186,49.9238],[-126.9191,49.9136],[-126.9235,49.9061],[-126.9235,49.9033],[-126.9193,49.8998],[-126.9159,49.8922],[-126.9174,49.8888],[-126.9152,49.8847],[-126.9157,49.874],[-126.9108,49.8672],[-126.8974,49.8674],[-126.8927,49.8705],[-126.8816,49.8701],[-126.8795,49.8683],[-126.8733,49.8733],[-126.8647,49.8712],[-126.8573,49.8721],[-126.8355,49.8793],[-126.8314,49.8821],[-126.8268,49.8809],[-126.8224,49.8823],[-126.8154,49.8878],[-126.8176,49.8932],[-126.8096,49.8972],[-126.8007,49.9067],[-126.8018,49.914],[-126.8121,49.9273],[-126.818,49.946],[-126.8518,49.9515],[-126.8605,49.9568],[-126.8598,49.9653],[-126.8563,49.9686],[-126.8572,49.9733],[-126.8556,49.9757],[-126.8592,49.9802],[-126.8574,49.983],[-126.8493,49.9808],[-126.8483,49.9817],[-126.8479,49.9791],[-126.8435,49.9768],[-126.8437,49.9707],[-126.8474,49.9618],[-126.8461,49.9593],[-126.8201,49.9546],[-126.8151,49.9523],[-126.8082,49.9525],[-126.803,49.9483],[-126.7994,49.9427],[-126.8008,49.9405],[-126.7997,49.9377],[-126.7912,49.929],[-126.7881,49.9181],[-126.786,49.9159],[-126.7868,49.9137],[-126.7817,49.9085],[-126.7808,49.8992],[-126.7599,49.8815],[-126.7562,49.8754],[-126.7509,49.8731],[-126.7337,49.8681],[-126.7276,49.8689],[-126.7195,49.8726],[-126.713,49.8729],[-126.7078,49.8648],[-126.7036,49.8629],[-126.687,49.8625],[-126.6783,49.8642],[-126.6739,49.8632],[-126.6755,49.8595],[-126.672,49.8592],[-126.6701,49.866],[-126.6725,49.873],[-126.6671,49.8869],[-126.6686,49.8971],[-126.664,49.9036],[-126.6615,49.9115],[-126.662,49.9204],[-126.6573,49.9199],[-126.655,49.923],[-126.6511,49.9204],[-126.6511,49.9173],[-126.6551,49.9114],[-126.6447,49.9061],[-126.6497,49.8999],[-126.6502,49.8793],[-126.6535,49.8743],[-126.652,49.8725],[-126.6535,49.8694],[-126.6511,49.8642],[-126.6513,49.8574],[-126.6548,49.8537],[-126.6524,49.8492],[-126.6526,49.8123],[-126.6477,49.8029],[-126.6446,49.8003],[-126.6395,49.7826],[-126.6405,49.7769],[-126.6335,49.7718],[-126.6338,49.7698],[-126.6278,49.7627],[-126.6263,49.7486],[-126.6228,49.7412],[-126.6229,49.7365],[-126.6184,49.7328],[-126.6187,49.7301],[-126.6137,49.7242],[-126.6141,49.7209],[-126.6067,49.7153],[-126.6015,49.7074],[-126.5954,49.7024],[-126.5929,49.6974],[-126.5868,49.6944],[-126.5688,49.696],[-126.5656,49.6939],[-126.5514,49.6939],[-126.5482,49.6971],[-126.5404,49.7008],[-126.5318,49.7023],[-126.5292,49.707],[-126.5226,49.7079],[-126.5123,49.7059],[-126.5087,49.7091],[-126.5091,49.7126],[-126.5,49.7102],[-126.5,49.7251],[-126.5204,49.7392],[-126.5214,49.7453],[-126.5193,49.7471],[-126.5193,49.7529],[-126.5116,49.7522],[-126.516,49.7457],[-126.5093,49.7383],[-126.5,49.7354],[-126.5,49.6055],[-126.5071,49.6049],[-126.5099,49.6016],[-126.5096,49.5992],[-126.5212,49.5951],[-126.5265,49.5908],[-126.5429,49.5901],[-126.5566,49.5865],[-126.5589,49.5822],[-126.5545,49.5799],[-126.5554,49.5783],[-126.5584,49.578],[-126.5644,49.5809],[-126.5703,49.5776],[-126.5699,49.5754],[-126.5649,49.5761],[-126.5649,49.5737],[-126.568,49.5718],[-126.5638,49.5703],[-126.563,49.5687],[-126.5646,49.5675],[-126.5619,49.5678],[-126.5609,49.5664],[-126.5674,49.5644],[-126.5625,49.5628],[-126.5649,49.5617],[-126.5647,49.5598],[-126.5667,49.5582],[-126.5646,49.5537],[-126.5662,49.5513],[-126.564,49.5469],[-126.5653,49.5446],[-126.5617,49.5435],[-126.5609,49.5399],[-126.5623,49.5359],[-126.5648,49.5345],[-126.5725,49.5348],[-126.5699,49.5313],[-126.564,49.528],[-126.5643,49.5268],[-126.5675,49.5278],[-126.5697,49.5261],[-126.5627,49.5229],[-126.5607,49.5259],[-126.5569,49.5252],[-126.5549,49.5215],[-126.5519,49.5209],[-126.5536,49.518],[-126.5494,49.5149],[-126.5508,49.5117],[-126.5571,49.5101],[-126.5574,49.5026],[-126.5607,49.5],[-126.5,49.5],[-126.5,50],[-127,50]],[[-126.5352,49.6708],[-126.5324,49.67],[-126.5349,49.6681],[-126.535,49.6653],[-126.5333,49.6643],[-126.5341,49.6615],[-126.5421,49.6568],[-126.551,49.6573],[-126.5568,49.655],[-126.5535,49.653],[-126.5507,49.6535],[-126.5504,49.6521],[-126.5609,49.646],[-126.5623,49.6416],[-126.5668,49.6377],[-126.5676,49.6339],[-126.5631,49.6334],[-126.5597,49.6363],[-126.5505,49.6313],[-126.5529,49.6274],[-126.5515,49.6259],[-126.5407,49.6328],[-126.5398,49.6318],[-126.5433,49.6279],[-126.5429,49.6266],[-126.5345,49.6267],[-126.5182,49.6458],[-126.5182,49.648],[-126.5208,49.6499],[-126.5201,49.6517],[-126.5149,49.651],[-126.5119,49.6485],[-126.5145,49.6433],[-126.5203,49.6414],[-126.5232,49.6346],[-126.5222,49.6321],[-126.5256,49.6299],[-126.5255,49.6272],[-126.5407,49.6133],[-126.5442,49.613],[-126.5413,49.6097],[-126.545,49.6069],[-126.5498,49.6063],[-126.5493,49.6046],[-126.544,49.6047],[-126.5404,49.6016],[-126.532,49.6036],[-126.533,49.6066],[-126.525,49.6068],[-126.5201,49.6114],[-126.5204,49.6142],[-126.5145,49.6209],[-126.5159,49.6234],[-126.5097,49.6344],[-126.5096,49.6377],[-126.5,49.6426],[-126.5,49.6775],[-126.5201,49.6858],[-126.5302,49.6812],[-126.5352,49.6708]],[[-126.5315,49.7019],[-126.531,49.7002],[-126.5272,49.7015],[-126.5291,49.704],[-126.5315,49.7019]],[[-126.5537,49.6236],[-126.5574,49.6231],[-126.5616,49.6198],[-126.5593,49.6159],[-126.555,49.6182],[-126.5534,49.6164],[-126.5414,49.6218],[-126.5387,49.6252],[-126.5435,49.6251],[-126.5498,49.6223],[-126.5537,49.6236]],[[-126.5786,49.6178],[-126.5729,49.6177],[-126.5711,49.6205],[-126.5647,49.6224],[-126.5625,49.6258],[-126.5727,49.6288],[-126.5733,49.6244],[-126.5786,49.621],[-126.5786,49.6178]],[[-126.5763,49.5251],[-126.5758,49.5235],[-126.5664,49.5201],[-126.572,49.525],[-126.5763,49.5251]],[[-126.5802,49.6082],[-126.5818,49.6064],[-126.5802,49.6054],[-126.5761,49.608],[-126.5681,49.6086],[-126.5668,49.6103],[-126.5722,49.611],[-126.5802,49.6082]],[[-126.5688,49.6424],[-126.5715,49.6441],[-126.5701,49.6454],[-126.5721,49.6471],[-126.5734,49.6447],[-126.5788,49.6423],[-126.5748,49.6392],[-126.5687,49.6375],[-126.5688,49.6424]],[[-126.5722,49.6629],[-126.5748,49.6612],[-126.5735,49.66],[-126.5689,49.662],[-126.5704,49.6638],[-126.5722,49.6629]],[[-126.5713,49.6645],[-126.5705,49.6685],[-126.5776,49.6716],[-126.5785,49.6702],[-126.5757,49.6678],[-126.5836,49.6645],[-126.5837,49.6625],[-126.5811,49.6614],[-126.5778,49.664],[-126.5713,49.6645]],[[-126.5796,49.6395],[-126.5849,49.6422],[-126.5906,49.6404],[-126.5926,49.6354],[-126.588,49.6333],[-126.5799,49.635],[-126.5772,49.6367],[-126.5796,49.6395]],[[-126.5807,49.6207],[-126.5782,49.6259],[-126.5785,49.629],[-126.581,49.6297],[-126.5904,49.6272],[-126.5916,49.6226],[-126.5894,49.6204],[-126.5842,49.6206],[-126.5813,49.6187],[-126.5807,49.6207]],[[-126.5797,49.687],[-126.5786,49.6883],[-126.5813,49.69],[-126.5856,49.6912],[-126.5872,49.6902],[-126.5862,49.688],[-126.5797,49.687]],[[-126.5821,49.6151],[-126.5789,49.6154],[-126.5803,49.6178],[-126.5821,49.6151]],[[-126.6304,49.7151],[-126.6186,49.6928],[-126.6129,49.6899],[-126.6135,49.6852],[-126.6121,49.6826],[-126.6092,49.6811],[-126.6,49.6822],[-126.599,49.678],[-126.5879,49.6809],[-126.5881,49.6847],[-126.5969,49.6934],[-126.6027,49.6924],[-126.6045,49.6966],[-126.6011,49.6984],[-126.6053,49.701],[-126.62,49.717],[-126.6239,49.7191],[-126.6241,49.7218],[-126.6262,49.7227],[-126.6303,49.7187],[-126.6304,49.7151]],[[-126.6098,49.6114],[-126.615,49.6112],[-126.6153,49.6099],[-126.6097,49.6081],[-126.6098,49.6114]],[[-126.6633,49.5801],[-126.6617,49.5818],[-126.6593,49.5811],[-126.6579,49.5853],[-126.6536,49.5857],[-126.6516,49.5876],[-126.6537,49.591],[-126.6264,49.5931],[-126.622,49.5918],[-126.6215,49.5894],[-126.6143,49.5904],[-126.6139,49.5942],[-126.6193,49.5942],[-126.6138,49.5965],[-126.6148,49.6007],[-126.6227,49.6013],[-126.6198,49.6038],[-126.6151,49.6045],[-126.6184,49.6086],[-126.6166,49.6097],[-126.6181,49.6109],[-126.6197,49.62],[-126.6211,49.621],[-126.624,49.6199],[-126.6229,49.6216],[-126.6249,49.6233],[-126.6211,49.6236],[-126.6227,49.625],[-126.6216,49.6282],[-126.623,49.6305],[-126.6198,49.6353],[-126.6249,49.6416],[-126.6257,49.6482],[-126.6229,49.651],[-126.6258,49.653],[-126.6261,49.6594],[-126.6231,49.6644],[-126.6145,49.6602],[-126.6125,49.661],[-126.6125,49.6647],[-126.6221,49.6829],[-126.6263,49.6846],[-126.6237,49.6862],[-126.6243,49.6897],[-126.6279,49.6902],[-126.6279,49.6926],[-126.6298,49.6919],[-126.6296,49.6895],[-126.6363,49.6925],[-126.6346,49.695],[-126.6361,49.7017],[-126.6403,49.7053],[-126.6413,49.7097],[-126.6474,49.7168],[-126.6469,49.7204],[-126.6506,49.7232],[-126.6448,49.7259],[-126.645,49.7272],[-126.6384,49.7294],[-126.6329,49.7247],[-126.6278,49.725],[-126.6271,49.7288],[-126.6304,49.7405],[-126.6375,49.7451],[-126.6327,49.749],[-126.6376,49.7563],[-126.6378,49.7591],[-126.6456,49.7738],[-126.6511,49.7786],[-126.657,49.7887],[-126.6562,49.7929],[-126.6665,49.8138],[-126.6673,49.823],[-126.6691,49.8253],[-126.6744,49.8274],[-126.669,49.8324],[-126.6695,49.8346],[-126.6675,49.838],[-126.669,49.844],[-126.6717,49.8472],[-126.6694,49.8545],[-126.6794,49.8588],[-126.7019,49.8598],[-126.7073,49.8573],[-126.7102,49.8583],[-126.7085,49.8596],[-126.7126,49.8644],[-126.7202,49.8666],[-126.7299,49.8606],[-126.7294,49.8566],[-126.7225,49.8517],[-126.7174,49.8501],[-126.7026,49.8557],[-126.6995,49.8517],[-126.7082,49.8489],[-126.7155,49.8487],[-126.7225,49.8443],[-126.7308,49.8449],[-126.7397,49.8523],[-126.7488,49.8527],[-126.7569,49.8641],[-126.7644,49.869],[-126.7725,49.8791],[-126.7779,49.8804],[-126.7869,49.8854],[-126.7912,49.8845],[-126.7981,49.8865],[-126.8,49.8841],[-126.7988,49.883],[-126.8057,49.8802],[-126.8076,49.8737],[-126.8035,49.8674],[-126.7957,49.862],[-126.8121,49.8634],[-126.8206,49.8669],[-126.8298,49.8658],[-126.8611,49.8554],[-126.8672,49.8509],[-126.8823,49.8516],[-126.8876,49.8502],[-126.8889,49.8472],[-126.8936,49.846],[-126.9023,49.8487],[-126.9079,49.8453],[-126.9065,49.8429],[-126.9031,49.8442],[-126.9084,49.8393],[-126.9083,49.8383],[-126.9033,49.8388],[-126.9071,49.837],[-126.9055,49.8323],[-126.9143,49.8326],[-126.9161,49.8308],[-126.9173,49.8326],[-126.9233,49.8296],[-126.9428,49.8366],[-126.9574,49.8376],[-126.9649,49.834],[-126.9599,49.8278],[-126.9596,49.8252],[-126.9627,49.8252],[-126.9635,49.8232],[-126.9678,49.8206],[-126.9753,49.8189],[-126.9701,49.8157],[-126.9699,49.8147],[-126.9717,49.8152],[-126.9708,49.812],[-126.9669,49.8118],[-126.9692,49.8139],[-126.9683,49.8159],[-126.9568,49.8116],[-126.9582,49.8103],[-126.9571,49.809],[-126.9515,49.81],[-126.95,49.8082],[-126.9574,49.8069],[-126.9632,49.8082],[-126.9651,49.8041],[-126.9729,49.8049],[-126.9691,49.7973],[-126.9564,49.7953],[-126.953,49.7921],[-126.9416,49.7964],[-126.9409,49.8003],[-126.9488,49.8137],[-126.9477,49.8147],[-126.9395,49.8121],[-126.9405,49.8078],[-126.9327,49.8074],[-126.9334,49.8057],[-126.9311,49.8023],[-126.9243,49.7988],[-126.9244,49.7973],[-126.9274,49.7974],[-126.9248,49.7951],[-126.9265,49.7909],[-126.9217,49.7927],[-126.9176,49.7877],[-126.9105,49.7858],[-126.9071,49.7868],[-126.8962,49.7805],[-126.8888,49.7791],[-126.8762,49.7789],[-126.8687,49.7852],[-126.8584,49.7885],[-126.8621,49.7901],[-126.8598,49.7929],[-126.8405,49.7991],[-126.8334,49.7987],[-126.8287,49.8019],[-126.823,49.7971],[-126.8278,49.7931],[-126.8319,49.792],[-126.8347,49.7866],[-126.8297,49.7811],[-126.8287,49.7775],[-126.8591,49.7786],[-126.859,49.7775],[-126.8515,49.7759],[-126.8566,49.7742],[-126.857,49.7722],[-126.8533,49.7711],[-126.8596,49.7694],[-126.8593,49.7674],[-126.8636,49.7627],[-126.8668,49.7615],[-126.8702,49.7628],[-126.8718,49.7595],[-126.8837,49.762],[-126.8874,49.7572],[-126.899,49.7568],[-126.9121,49.7612],[-126.9138,49.7603],[-126.9133,49.759],[-126.9219,49.7605],[-126.9224,49.7583],[-126.9191,49.7561],[-126.9193,49.7542],[-126.9177,49.7547],[-126.9146,49.7526],[-126.9237,49.7508],[-126.9257,49.749],[-126.9244,49.7461],[-126.9256,49.7439],[-126.9318,49.7428],[-126.9362,49.744],[-126.9363,49.7404],[-126.9451,49.7371],[-126.9468,49.7346],[-126.95,49.7344],[-126.951,49.7359],[-126.9489,49.7408],[-126.9376,49.7481],[-126.9392,49.7501],[-126.9437,49.7486],[-126.9462,49.7497],[-126.9515,49.747],[-126.9585,49.7485],[-126.9586,49.7502],[-126.9635,49.7536],[-126.9692,49.7547],[-126.9747,49.7528],[-126.972,49.7504],[-126.9738,49.7485],[-126.9831,49.7493],[-126.9674,49.7304],[-126.9562,49.725],[-126.954,49.722],[-126.9457,49.7196],[-126.9432,49.7169],[-126.9339,49.7176],[-126.9315,49.7153],[-126.9301,49.7092],[-126.9308,49.7043],[-126.921,49.6988],[-126.92,49.6938],[-126.9102,49.6876],[-126.9093,49.6853],[-126.9031,49.6807],[-126.9008,49.6762],[-126.8936,49.6727],[-126.8846,49.6714],[-126.8786,49.6735],[-126.8733,49.6731],[-126.8678,49.6698],[-126.8679,49.6645],[-126.8643,49.661],[-126.8505,49.661],[-126.8405,49.6569],[-126.8378,49.649],[-126.8304,49.6426],[-126.8302,49.6376],[-126.8337,49.6364],[-126.8352,49.6335],[-126.827,49.6181],[-126.8115,49.6164],[-126.7908,49.6114],[-126.7709,49.6035],[-126.7545,49.6053],[-126.7438,49.6081],[-126.7296,49.6027],[-126.7163,49.6028],[-126.7123,49.5993],[-126.7037,49.5969],[-126.6975,49.5898],[-126.6896,49.5882],[-126.6837,49.5838],[-126.6813,49.5841],[-126.6771,49.5796],[-126.6742,49.581],[-126.6713,49.5794],[-126.6652,49.5814],[-126.6633,49.5801]],[[-126.6152,49.6187],[-126.6169,49.617],[-126.6125,49.6139],[-126.6131,49.6179],[-126.6152,49.6187]],[[-126.6181,49.6226],[-126.6126,49.6201],[-126.6157,49.6233],[-126.6181,49.6226]],[[-126.6159,49.6588],[-126.6176,49.6596],[-126.618,49.6582],[-126.6159,49.6588]],[[-126.6302,49.6941],[-126.6279,49.6935],[-126.6303,49.6965],[-126.6302,49.6941]],[[-126.6288,49.722],[-126.6298,49.7235],[-126.6311,49.7227],[-126.6288,49.722]],[[-126.8356,49.6162],[-126.8269,49.6159],[-126.8291,49.6172],[-126.8356,49.6162]],[[-126.8343,49.7957],[-126.8349,49.7939],[-126.8328,49.7924],[-126.8317,49.7945],[-126.8343,49.7957]],[[-126.8418,49.7821],[-126.843,49.7817],[-126.8426,49.7797],[-126.8367,49.7783],[-126.8418,49.7821]],[[-126.8425,49.7859],[-126.8538,49.7869],[-126.8582,49.7853],[-126.8603,49.7827],[-126.8564,49.783],[-126.8561,49.7811],[-126.8507,49.7805],[-126.8451,49.7814],[-126.8424,49.7837],[-126.8425,49.7859]],[[-126.8851,49.7777],[-126.8835,49.776],[-126.8806,49.777],[-126.8851,49.7777]],[[-126.911,49.7712],[-126.9046,49.7697],[-126.9076,49.7729],[-126.9119,49.7732],[-126.911,49.7712]],[[-126.9185,49.8324],[-126.9198,49.8344],[-126.921,49.8335],[-126.9185,49.8324]],[[-126.9317,49.8487],[-126.939,49.8486],[-126.9415,49.8455],[-126.924,49.8444],[-126.9221,49.8478],[-126.9262,49.8494],[-126.9292,49.8477],[-126.9317,49.8487]],[[-126.9298,49.8661],[-126.9279,49.8667],[-126.9289,49.8683],[-126.9298,49.8661]],[[-126.9412,49.7952],[-126.9394,49.7953],[-126.9398,49.7966],[-126.9412,49.7952]],[[-126.9621,49.7912],[-126.9622,49.7891],[-126.9593,49.7909],[-126.9621,49.7912]],[[-126.9669,49.8092],[-126.971,49.8093],[-126.9733,49.8075],[-126.9661,49.8061],[-126.965,49.8083],[-126.9669,49.8092]],[[-126.9668,49.7931],[-126.9724,49.7938],[-126.9728,49.7925],[-126.9696,49.7911],[-126.9668,49.7931]],[[-126.9689,49.8251],[-126.9685,49.8276],[-126.9718,49.8312],[-126.9802,49.8321],[-126.9783,49.8281],[-126.9712,49.8237],[-126.9689,49.8251]],[[-126.9771,49.8136],[-126.9748,49.8152],[-126.9793,49.8163],[-126.9771,49.8136]],[[-126.979,49.8176],[-126.9828,49.8201],[-126.9864,49.8163],[-126.9833,49.8157],[-126.979,49.8176]],[[-126.9823,49.8112],[-126.9868,49.8107],[-126.9837,49.8075],[-126.9787,49.8086],[-126.9823,49.8112]],[[-126.9814,49.8569],[-126.9869,49.8606],[-126.9906,49.8592],[-126.9883,49.8544],[-126.9844,49.8528],[-126.9814,49.8569]],[[-126.9937,49.8156],[-126.9936,49.8138],[-126.996,49.8134],[-126.9963,49.8117],[-126.9899,49.8117],[-126.9906,49.8143],[-126.9937,49.8156]]],[[[-126.5,49.5],[-126.5,50],[-126,50],[-126,49.5],[-126.5,49.5]],[[-126.5,50],[-126.5,49.7102],[-126.4958,49.7125],[-126.4958,49.715],[-126.4913,49.7203],[-126.5,49.7251],[-126.5,49.7354],[-126.4927,49.7314],[-126.4909,49.732],[-126.4895,49.7352],[-126.4842,49.7361],[-126.4833,49.7339],[-126.4873,49.7316],[-126.4835,49.7312],[-126.4883,49.7295],[-126.4888,49.7273],[-126.4803,49.7285],[-126.4761,49.7275],[-126.469,49.7306],[-126.4688,49.7348],[-126.4606,49.7444],[-126.4571,49.7461],[-126.4566,49.7491],[-126.4623,49.7565],[-126.4742,49.763],[-126.4786,49.7703],[-126.4773,49.7744],[-126.4822,49.7825],[-126.4877,49.7877],[-126.4928,49.7897],[-126.4896,49.7923],[-126.4964,49.7987],[-126.4962,49.8021],[-126.4892,49.8008],[-126.4822,49.7975],[-126.4768,49.7922],[-126.469,49.7914],[-126.4661,49.7889],[-126.4553,49.7888],[-126.4466,49.7923],[-126.4416,49.791],[-126.4411,49.7884],[-126.4428,49.7865],[-126.4538,49.7809],[-126.4586,49.7758],[-126.458,49.7732],[-126.4616,49.7684],[-126.456,49.7626],[-126.4522,49.7616],[-126.4285,49.7654],[-126.4063,49.7723],[-126.4026,49.7683],[-126.4024,49.7655],[-126.3943,49.7589],[-126.3973,49.7551],[-126.4056,49.7567],[-126.413,49.7606],[-126.418,49.7591],[-126.4202,49.7551],[-126.4353,49.7578],[-126.44,49.7495],[-126.4433,49.7474],[-126.4443,49.7418],[-126.4552,49.7364],[-126.4525,49.7306],[-126.4565,49.724],[-126.4663,49.719],[-126.4694,49.7086],[-126.4652,49.7052],[-126.469,49.7044],[-126.4768,49.7122],[-126.4824,49.7106],[-126.4893,49.7032],[-126.489,49.7005],[-126.4917,49.6978],[-126.4914,49.6938],[-126.4964,49.6918],[-126.4986,49.6888],[-126.4984,49.6857],[-126.4862,49.6816],[-126.4788,49.6809],[-126.475,49.6769],[-126.4683,49.6739],[-126.4699,49.6698],[-126.469,49.6684],[-126.4606,49.663],[-126.4514,49.6607],[-126.4451,49.6551],[-126.4396,49.6527],[-126.4245,49.6619],[-126.422,49.6608],[-126.4085,49.6633],[-126.3907,49.6616],[-126.3822,49.6646],[-126.3768,49.6647],[-126.3729,49.6637],[-126.3721,49.6611],[-126.3789,49.6578],[-126.3774,49.6541],[-126.3699,49.6516],[-126.3571,49.6504],[-126.3531,49.6468],[-126.3474,49.6446],[-126.3315,49.6484],[-126.3122,49.6474],[-126.2783,49.651],[-126.2659,49.6505],[-126.2364,49.6587],[-126.2297,49.6642],[-126.2221,49.6664],[-126.1942,49.6711],[-126.1866,49.6714],[-126.1825,49.67],[-126.1798,49.6737],[-126.1773,49.673],[-126.1624,49.6766],[-126.1331,49.6764],[-126.1285,49.674],[-126.1262,49.6757],[-126.1281,49.6786],[-126.12,49.6789],[-126.1177,49.6814],[-126.1138,49.6795],[-126.1097,49.68],[-126.1022,49.6764],[-126.097,49.6703],[-126.0937,49.6632],[-126.0847,49.6583],[-126.087,49.652],[-126.0851,49.6501],[-126.0865,49.6455],[-126.0835,49.6414],[-126.0747,49.635],[-126.0648,49.6333],[-126.0569,49.6298],[-126.0496,49.6231],[-126.0479,49.6139],[-126.0488,49.6112],[-126.0521,49.6113],[-126.0697,49.6272],[-126.076,49.6287],[-126.0904,49.6358],[-126.0976,49.6466],[-126.0962,49.6533],[-126.0975,49.6568],[-126.1037,49.6584],[-126.1173,49.6576],[-126.1213,49.659],[-126.1372,49.6568],[-126.147,49.658],[-126.1563,49.6512],[-126.1617,49.6495],[-126.1687,49.6498],[-126.1772,49.6562],[-126.1893,49.6578],[-126.2064,49.6533],[-126.2123,49.6542],[-126.2222,49.6518],[-126.2271,49.6463],[-126.2339,49.6444],[-126.242,49.6453],[-126.259,49.6418],[-126.2744,49.6428],[-126.2815,49.6382],[-126.3253,49.637],[-126.3377,49.638],[-126.3424,49.6362],[-126.3527,49.6361],[-126.3532,49.6341],[-126.3484,49.6325],[-126.3477,49.6302],[-126.3635,49.6325],[-126.3703,49.6296],[-126.3778,49.6301],[-126.3837,49.6343],[-126.3945,49.6376],[-126.4118,49.6394],[-126.4275,49.6381],[-126.4308,49.6354],[-126.441,49.6368],[-126.4445,49.6357],[-126.4425,49.6338],[-126.445,49.6305],[-126.4534,49.629],[-126.4567,49.6323],[-126.4631,49.6444],[-126.4686,49.6462],[-126.4745,49.6457],[-126.4786,49.6438],[-126.479,49.6405],[-126.4808,49.6391],[-126.4801,49.63],[-126.4852,49.6276],[-126.4838,49.6235],[-126.4916,49.6204],[-126.4916,49.617],[-126.5,49.6055],[-126.5,49.5],[-126.2955,49.5],[-126.2983,49.5103],[-126.2973,49.5117],[-126.2903,49.5102],[-126.29,49.5063],[-126.2868,49.5035],[-126.2868,49.5],[-126,49.5],[-126,50],[-126.5,50]],[[-126.1611,49.6619],[-126.1603,49.6594],[-126.1572,49.6628],[-126.1611,49.6619]],[[-126.3583,49.6363],[-126.3577,49.6374],[-126.3604,49.6393],[-126.3624,49.6369],[-126.3583,49.6363]],[[-126.407,49.6517],[-126.4288,49.6512],[-126.4338,49.6483],[-126.4203,49.6457],[-126.4061,49.6459],[-126.3725,49.6383],[-126.3635,49.6381],[-126.3596,49.6406],[-126.391,49.6549],[-126.399,49.6538],[-126.4022,49.6552],[-126.407,49.6517]],[[-126.5,49.6426],[-126.498,49.6437],[-126.497,49.6488],[-126.4923,49.6519],[-126.4843,49.6511],[-126.484,49.6534],[-126.4893,49.6548],[-126.4939,49.659],[-126.4881,49.6571],[-126.4793,49.6614],[-126.4799,49.6634],[-126.5,49.6775],[-126.5,49.6426]]],[[[-126,49.5],[-126,50],[-125.5,50],[-125.5,49.5],[-126,49.5]],[[-126,50],[-126,49.5],[-125.5,49.5],[-125.5,50],[-126,50]]],[[[-125.5,49.5],[-125.5,50],[-125,50],[-125,49.5],[-125.5,49.5]],[[-125.5,50],[-125.5,49.5],[-125,49.5],[-125,49.7916],[-125.0093,49.7959],[-125.0167,49.8051],[-125.0328,49.8201],[-125.0436,49.8232],[-125.052,49.8279],[-125.0578,49.8357],[-125.0633,49.8398],[-125.0766,49.8466],[-125.0917,49.8496],[-125.0981,49.8551],[-125.1134,49.8617],[-125.1147,49.8654],[-125.1114,49.8712],[-125.1123,49.8735],[-125.1153,49.8743],[-125.1137,49.8809],[-125.1211,49.888],[-125.1263,49.8909],[-125.1487,49.8977],[-125.1524,49.896],[-125.1586,49.8979],[-125.182,49.9136],[-125.1842,49.9204],[-125.1819,49.9274],[-125.1865,49.9359],[-125.1844,49.9424],[-125.1923,49.9461],[-125.206,49.9571],[-125.2084,49.9621],[-125.2074,49.9678],[-125.2122,49.9719],[-125.2186,49.9736],[-125.2307,50],[-125.5,50]],[[-125.0001,49.9481],[-125.0006,49.9536],[-125.0125,49.9499],[-125.0094,49.9481],[-125.0001,49.9481]],[[-125.1977,50],[-125.1941,49.9967],[-125.1818,49.9947],[-125.1612,50],[-125.1977,50]]],[[[-125,49.5],[-125,50],[-124.7061,50],[-124.7009,49.9931],[-124.6933,49.9917],[-124.6886,49.9864],[-124.6864,49.9807],[-124.679,49.9747],[-124.6801,49.9708],[-124.6774,49.9664],[-124.6802,49.9644],[-124.684,49.9658],[-124.6903,49.9747],[-124.7045,49.9875],[-124.7188,49.9943],[-124.7219,50],[-124.7893,50],[-124.7875,49.9972],[-124.7814,49.9963],[-124.7806,49.9926],[-124.7755,49.9857],[-124.7703,49.9822],[-124.7681,49.9845],[-124.7644,49.9829],[-124.7639,49.9785],[-124.7608,49.9771],[-124.7617,49.9755],[-124.7596,49.9699],[-124.7525,49.9636],[-124.7436,49.9624],[-124.7313,49.9576],[-124.7121,49.9422],[-124.7082,49.9422],[-124.6989,49.936],[-124.6909,49.9359],[-124.6688,49.9256],[-124.6662,49.9227],[-124.6566,49.9186],[-124.6516,49.9182],[-124.6483,49.9154],[-124.6421,49.9152],[-124.635,49.9106],[-124.6257,49.908],[-124.6262,49.9063],[-124.633,49.905],[-124.6229,49.9007],[-124.62,49.8951],[-124.6101,49.8958],[-124.5931,49.8885],[-124.581,49.8797],[-124.5685,49.8753],[-124.5675,49.8715],[-124.5603,49.8685],[-124.5609,49.8647],[-124.5546,49.8644],[-124.5583,49.8623],[-124.5565,49.8594],[-124.5471,49.8593],[-124.5391,49.8545],[-124.5314,49.8451],[-124.5305,49.8398],[-124.5321,49.8375],[-124.5275,49.8291],[-124.5262,49.8226],[-124.5271,49.804],[-124.5205,49.802],[-124.5194,49.8],[-124.5088,49.8002],[-124.5,49.796],[-124.5,49.5],[-125,49.5]],[[-125,49.5],[-124.7954,49.5],[-124.8065,49.506],[-124.8086,49.5052],[-124.8085,49.5],[-124.815,49.5],[-124.8174,49.5039],[-124.825,49.5041],[-124.8258,49.5057],[-124.8228,49.5069],[-124.8288,49.5083],[-124.8327,49.511],[-124.8329,49.5131],[-124.8296,49.515],[-124.8302,49.5182],[-124.8285,49.5212],[-124.832,49.5237],[-124.8437,49.5218],[-124.8459,49.5233],[-124.8582,49.5361],[-124.861,49.5424],[-124.864,49.5442],[-124.8715,49.5554],[-124.8716,49.5604],[-124.8858,49.5855],[-124.8855,49.5868],[-124.883,49.5852],[-124.881,49.5934],[-124.8878,49.5957],[-124.8899,49.5984],[-124.8897,49.6009],[-124.8933,49.6028],[-124.9027,49.6146],[-124.908,49.6259],[-124.9184,49.6336],[-124.9222,49.6348],[-124.9232,49.6445],[-124.9318,49.647],[-124.9395,49.6455],[-124.943,49.6487],[-124.9556,49.6536],[-124.9677,49.6612],[-124.9776,49.673],[-124.9763,49.6783],[-124.9707,49.6795],[-124.9577,49.6767],[-124.9465,49.6717],[-124.9371,49.6704],[-124.9318,49.6727],[-124.93,49.6717],[-124.9319,49.6697],[-124.928,49.6685],[-124.9258,49.6712],[-124.9226,49.6689],[-124.9007,49.6671],[-124.9034,49.6641],[-124.914,49.6641],[-124.9167,49.6621],[-124.9241,49.6627],[-124.9263,49.6609],[-124.9217,49.6588],[-124.9151,49.6613],[-124.9063,49.6613],[-124.8852,49.6758],[-124.875,49.6877],[-124.8632,49.6936],[-124.859,49.7022],[-124.8611,49.7067],[-124.8645,49.7083],[-124.8709,49.7071],[-124.8762,49.7081],[-124.8845,49.718],[-124.8851,49.7225],[-124.8919,49.7282],[-124.9008,49.7316],[-124.9035,49.7346],[-124.9127,49.7394],[-124.9228,49.7394],[-124.923,49.7411],[-124.9285,49.741],[-124.9394,49.7488],[-124.9497,49.76],[-124.9633,49.7618],[-124.9708,49.7675],[-124.9727,49.7738],[-124.9822,49.7775],[-124.9842,49.7811],[-124.9924,49.7882],[-125,49.7916],[-125,49.5]],[[-124.614,49.7956],[-124.6123,49.7936],[-124.6184,49.7935],[-124.6222,49.7975],[-124.6309,49.8014],[-124.6377,49.7991],[-124.6358,49.7952],[-124.6302,49.7926],[-124.6314,49.7847],[-124.6377,49.7808],[-124.6334,49.7778],[-124.6291,49.7772],[-124.6234,49.7678],[-124.6243,49.7647],[-124.6291,49.7606],[-124.6293,49.7584],[-124.6313,49.7586],[-124.6287,49.7553],[-124.6318,49.7542],[-124.6316,49.7527],[-124.6391,49.7531],[-124.6362,49.7508],[-124.6394,49.7457],[-124.6369,49.7432],[-124.6324,49.7422],[-124.6378,49.7368],[-124.6353,49.7338],[-124.6244,49.7286],[-124.6211,49.7221],[-124.6137,49.7196],[-124.6085,49.7204],[-124.6017,49.717],[-124.6002,49.7145],[-124.5794,49.7097],[-124.5754,49.7068],[-124.5579,49.7031],[-124.55,49.6994],[-124.5483,49.6968],[-124.5433,49.6972],[-124.538,49.6942],[-124.5245,49.6917],[-124.5137,49.6808],[-124.5091,49.6792],[-124.506,49.6742],[-124.5,49.671],[-124.5,49.7388],[-124.5095,49.743],[-124.5109,49.7473],[-124.515,49.7499],[-124.5325,49.7567],[-124.5402,49.7572],[-124.55,49.7605],[-124.5544,49.7591],[-124.5575,49.7614],[-124.5656,49.7604],[-124.5701,49.7615],[-124.5627,49.7641],[-124.5728,49.7719],[-124.579,49.7716],[-124.58,49.7746],[-124.5856,49.778],[-124.5921,49.7856],[-124.5988,49.7968],[-124.599,49.7999],[-124.6024,49.8032],[-124.6133,49.7983],[-124.614,49.7956]],[[-124.574,49.5152],[-124.5756,49.518],[-124.5789,49.5184],[-124.574,49.5152]],[[-124.641,49.5],[-124.6303,49.5],[-124.6377,49.5051],[-124.6286,49.5098],[-124.6363,49.5123],[-124.6431,49.5185],[-124.6431,49.5211],[-124.6411,49.5224],[-124.6365,49.5218],[-124.6396,49.525],[-124.6301,49.5282],[-124.6213,49.5215],[-124.6167,49.5208],[-124.6068,49.5158],[-124.5853,49.5166],[-124.5841,49.5174],[-124.5878,49.5212],[-124.5915,49.5225],[-124.593,49.5249],[-124.5971,49.5254],[-124.599,49.5285],[-124.6028,49.529],[-124.6038,49.5275],[-124.6027,49.5266],[-124.6077,49.5263],[-124.6107,49.53],[-124.6143,49.53],[-124.6247,49.537],[-124.6385,49.5386],[-124.6416,49.5416],[-124.6511,49.5405],[-124.6583,49.5452],[-124.6639,49.5464],[-124.6675,49.5513],[-124.6805,49.5516],[-124.6928,49.5494],[-124.7076,49.5421],[-124.7127,49.5364],[-124.71,49.5333],[-124.7081,49.5255],[-124.7044,49.5187],[-124.7092,49.5131],[-124.7034,49.5117],[-124.6953,49.5062],[-124.6772,49.5],[-124.641,49.5]],[[-124.6707,49.8375],[-124.6673,49.8392],[-124.6604,49.8389],[-124.6549,49.8437],[-124.6406,49.8495],[-124.6339,49.8553],[-124.6295,49.863],[-124.6347,49.8672],[-124.6359,49.8715],[-124.6521,49.8814],[-124.6592,49.8765],[-124.6648,49.8676],[-124.6729,49.8589],[-124.6725,49.8502],[-124.67,49.843],[-124.6722,49.84],[-124.6707,49.8375]],[[-124.7245,49.5],[-124.7304,49.5031],[-124.7307,49.5079],[-124.7394,49.5123],[-124.7549,49.5331],[-124.7559,49.5408],[-124.7646,49.5552],[-124.7763,49.5705],[-124.7933,49.5801],[-124.8066,49.5839],[-124.8119,49.5882],[-124.8195,49.591],[-124.8266,49.6003],[-124.8287,49.606],[-124.8325,49.6082],[-124.8452,49.6091],[-124.8346,49.6055],[-124.8315,49.6013],[-124.8365,49.5954],[-124.8382,49.5897],[-124.8375,49.586],[-124.8416,49.584],[-124.8392,49.5796],[-124.8435,49.5657],[-124.8412,49.5587],[-124.8463,49.555],[-124.8434,49.5541],[-124.8298,49.5381],[-124.7717,49.5054],[-124.7647,49.5],[-124.7245,49.5]],[[-124.7033,49.8418],[-124.7,49.8397],[-124.7002,49.8419],[-124.7033,49.8418]],[[-124.7824,49.9437],[-124.7923,49.9422],[-124.7996,49.9444],[-124.8047,49.9431],[-124.8139,49.9446],[-124.8283,49.9404],[-124.8462,49.9395],[-124.8547,49.9429],[-124.862,49.9495],[-124.8674,49.9422],[-124.8638,49.9377],[-124.8539,49.9342],[-124.8385,49.9343],[-124.825,49.937],[-124.8184,49.9361],[-124.815,49.9339],[-124.8047,49.9367],[-124.796,49.9359],[-124.785,49.9383],[-124.7784,49.9379],[-124.7635,49.948],[-124.7627,49.9508],[-124.7711,49.95],[-124.7824,49.9437]],[[-124.8053,49.9969],[-124.7974,49.9932],[-124.7948,49.9949],[-124.7983,49.998],[-124.8049,49.9997],[-124.8087,50],[-124.8106,49.9982],[-124.8093,49.9965],[-124.8053,49.9969]],[[-124.8165,49.9874],[-124.8152,49.9904],[-124.817,49.9891],[-124.8165,49.9874]],[[-124.8569,49.6178],[-124.8496,49.6174],[-124.845,49.6148],[-124.8433,49.6109],[-124.8401,49.6106],[-124.8391,49.6176],[-124.8464,49.6184],[-124.8527,49.6217],[-124.8569,49.6178]],[[-124.8414,49.62],[-124.8512,49.6273],[-124.8524,49.6259],[-124.8491,49.6225],[-124.8414,49.62]],[[-124.8596,49.6284],[-124.8589,49.6258],[-124.8536,49.6254],[-124.8532,49.6271],[-124.8561,49.6295],[-124.8596,49.6284]],[[-124.9451,50],[-124.946,49.9946],[-124.944,49.9915],[-124.9478,49.9836],[-124.9315,49.9748],[-124.9302,49.9696],[-124.9216,49.9684],[-124.9158,49.9615],[-124.911,49.9612],[-124.9047,49.9632],[-124.9026,49.9657],[-124.899,49.9774],[-124.8931,49.9837],[-124.8873,49.9865],[-124.8903,49.9901],[-124.895,49.9897],[-124.9042,49.9925],[-124.9051,49.9944],[-124.9036,49.9968],[-124.9054,49.9984],[-124.9095,49.9947],[-124.9249,49.9944],[-124.9299,49.996],[-124.9335,49.9991],[-124.9451,50]],[[-125,49.9481],[-124.9945,49.9494],[-125,49.9501],[-124.9977,49.9524],[-125,49.9534],[-125,49.9481]]],[[[-124.5,49.5],[-124.5,50],[-124.5,49.796],[-124.4986,49.7949],[-124.4826,49.7955],[-124.4788,49.7931],[-124.4721,49.7939],[-124.4585,49.7862],[-124.4502,49.7768],[-124.4054,49.7665],[-124.3955,49.7659],[-124.3843,49.7723],[-124.3769,49.7736],[-124.3741,49.7729],[-124.3729,49.7701],[-124.3695,49.77],[-124.3668,49.7712],[-124.3697,49.7741],[-124.3688,49.7756],[-124.364,49.7732],[-124.3563,49.7756],[-124.3508,49.7755],[-124.3467,49.7692],[-124.3374,49.7725],[-124.3306,49.7716],[-124.3254,49.769],[-124.3186,49.7688],[-124.3184,49.7635],[-124.3108,49.757],[-124.3048,49.7568],[-124.3034,49.7576],[-124.3037,49.7598],[-124.2983,49.7625],[-124.2933,49.7573],[-124.2866,49.7558],[-124.2858,49.7539],[-124.2889,49.7482],[-124.283,49.7482],[-124.281,49.7401],[-124.2797,49.7402],[-124.2785,49.7446],[-124.2811,49.7507],[-124.279,49.7518],[-124.2753,49.7476],[-124.2773,49.7454],[-124.2757,49.742],[-124.2771,49.7407],[-124.2755,49.7399],[-124.2718,49.7422],[-124.2684,49.7407],[-124.2593,49.7502],[-124.2629,49.7571],[-124.2617,49.7606],[-124.2655,49.7635],[-124.2708,49.7619],[-124.2722,49.7671],[-124.2786,49.7707],[-124.2792,49.7736],[-124.277,49.7752],[-124.2625,49.775],[-124.2501,49.7775],[-124.2312,49.7786],[-124.2176,49.7818],[-124.2135,49.7804],[-124.2074,49.7756],[-124.1904,49.7795],[-124.1813,49.7781],[-124.179,49.7807],[-124.1728,49.7814],[-124.1736,49.7829],[-124.1711,49.7814],[-124.1712,49.7786],[-124.1691,49.7783],[-124.159,49.7782],[-124.1541,49.7806],[-124.1424,49.7796],[-124.126,49.7833],[-124.1195,49.7871],[-124.1214,49.7895],[-124.1203,49.7919],[-124.1115,49.7916],[-124.1054,49.7941],[-124.1016,49.7977],[-124.0785,49.7991],[-124.0803,49.8022],[-124.0958,49.8117],[-124.1002,49.8168],[-124.0972,49.821],[-124.0926,49.8229],[-124.0897,49.8392],[-124.0834,49.8426],[-124.0766,49.8376],[-124.0712,49.8388],[-124.0664,49.8342],[-124.059,49.8347],[-124.0564,49.8365],[-124.053,49.8346],[-124.0383,49.8363],[-124.0383,49.8375],[-124.0492,49.843],[-124.0553,49.8514],[-124.0561,49.8534],[-124.0529,49.8568],[-124.0536,49.8589],[-124.0627,49.8601],[-124.0677,49.8636],[-124.0759,49.8654],[-124.0773,49.8702],[-124.0672,49.8747],[-124.0646,49.8835],[-124.0542,49.8978],[-124.051,49.8994],[-124.0506,49.9055],[-124.0448,49.9156],[-124.0403,49.9199],[-124.0399,49.9278],[-124.0362,49.9319],[-124.0332,49.9321],[-124.0313,49.9276],[-124.0327,49.915],[-124.0287,49.9149],[-124.0244,49.9198],[-124.018,49.9126],[-124.0211,49.9031],[-124.028,49.8988],[-124.03,49.8957],[-124.031,49.8867],[-124.0334,49.8849],[-124.0336,49.8768],[-124.0324,49.8743],[-124.0231,49.8736],[-124.0161,49.8691],[-124.0132,49.8617],[-124.0083,49.8601],[-124.0029,49.8531],[-124.0036,49.8496],[-124,49.8465],[-124,49.8334],[-124.0048,49.8317],[-124.0033,49.8266],[-124.0014,49.8252],[-124.0054,49.8205],[-124.006,49.8168],[-124,49.8115],[-124,49.9575],[-124.0092,49.9689],[-124.0059,49.9719],[-124.0088,49.9756],[-124.0084,49.9856],[-124.0112,49.9899],[-124.0112,49.9944],[-124.0088,49.997],[-124,49.9993],[-124,49.7515],[-124.0119,49.754],[-124.0167,49.7519],[-124.0191,49.7481],[-124.0343,49.7415],[-124.0371,49.7376],[-124.0354,49.7302],[-124.0362,49.7237],[-124.043,49.7199],[-124.0447,49.7178],[-124.0442,49.7142],[-124.0479,49.7099],[-124.0575,49.7027],[-124.0605,49.6987],[-124.0685,49.694],[-124.0681,49.6918],[-124.065,49.6893],[-124.0679,49.6743],[-124.0664,49.6698],[-124.0722,49.6653],[-124.0734,49.6624],[-124.0736,49.6522],[-124.0707,49.6496],[-124.0744,49.646],[-124.0749,49.6419],[-124.0727,49.6401],[-124.0725,49.6373],[-124.0664,49.6389],[-124.0632,49.6381],[-124.0608,49.6355],[-124.0624,49.6336],[-124.0592,49.6313],[-124.0355,49.6337],[-124.0335,49.6325],[-124.0342,49.6296],[-124.0303,49.6275],[-124.025,49.6285],[-124.0261,49.631],[-124.0201,49.6294],[-124.0209,49.6272],[-124.0193,49.6254],[-124.0305,49.6236],[-124.0355,49.6192],[-124.0416,49.6185],[-124.0481,49.6144],[-124.0489,49.6159],[-124.0449,49.6177],[-124.0401,49.6239],[-124.0405,49.6266],[-124.0467,49.6272],[-124.0577,49.6251],[-124.0591,49.627],[-124.0631,49.627],[-124.0612,49.6242],[-124.0655,49.6144],[-124.0638,49.6121],[-124.0591,49.6106],[-124.0611,49.6056],[-124.0595,49.6032],[-124.0523,49.6019],[-124.0378,49.6047],[-124.0368,49.6061],[-124.0412,49.6126],[-124.0362,49.6158],[-124.0354,49.6145],[-124.0376,49.6117],[-124.0342,49.6088],[-124.0289,49.6086],[-124.0255,49.6054],[-124.0221,49.5969],[-124.016,49.5936],[-124.0144,49.582],[-124.0119,49.5814],[-124.0108,49.5791],[-124.0099,49.5716],[-124.0062,49.5716],[-124.0037,49.5695],[-124.0017,49.5623],[-124.0046,49.5598],[-124,49.5538],[-124,49.5],[-124.5,49.5]],[[-124.1517,49.7461],[-124.1551,49.7395],[-124.1605,49.737],[-124.1604,49.7309],[-124.1672,49.7273],[-124.1717,49.7201],[-124.1756,49.7215],[-124.1801,49.7176],[-124.1798,49.7157],[-124.1836,49.7174],[-124.1887,49.7168],[-124.1935,49.7148],[-124.1989,49.7148],[-124.2028,49.7121],[-124.2014,49.7065],[-124.2046,49.7046],[-124.2028,49.7037],[-124.2033,49.7005],[-124.1998,49.7023],[-124.1941,49.7001],[-124.199,49.6969],[-124.2008,49.6935],[-124.2007,49.6904],[-124.1989,49.6896],[-124.2013,49.686],[-124.1987,49.6854],[-124.2017,49.6823],[-124.1988,49.6811],[-124.2048,49.6781],[-124.2057,49.672],[-124.2018,49.6703],[-124.1801,49.6727],[-124.1722,49.6692],[-124.1631,49.6617],[-124.1511,49.6612],[-124.1477,49.6632],[-124.1426,49.6618],[-124.1447,49.66],[-124.1419,49.6588],[-124.1347,49.6618],[-124.1337,49.6661],[-124.1304,49.6671],[-124.1324,49.6651],[-124.129,49.665],[-124.1261,49.6681],[-124.1267,49.6636],[-124.1206,49.6636],[-124.1191,49.66],[-124.1203,49.6588],[-124.1237,49.6602],[-124.1317,49.656],[-124.1323,49.6552],[-124.1282,49.6542],[-124.1319,49.6539],[-124.1302,49.6506],[-124.1227,49.6517],[-124.1203,49.654],[-124.1133,49.6524],[-124.1129,49.655],[-124.1113,49.6556],[-124.1093,49.6535],[-124.1077,49.6548],[-124.1016,49.6521],[-124.1027,49.6503],[-124.0991,49.6511],[-124.0987,49.6482],[-124.0934,49.6452],[-124.0887,49.6478],[-124.0861,49.6522],[-124.086,49.6622],[-124.084,49.6706],[-124.0867,49.6735],[-124.0827,49.6801],[-124.0806,49.6889],[-124.0804,49.7002],[-124.0771,49.7051],[-124.0787,49.7079],[-124.0822,49.7094],[-124.0821,49.7134],[-124.0801,49.7103],[-124.0755,49.7089],[-124.0751,49.7055],[-124.0712,49.703],[-124.0683,49.7034],[-124.0633,49.7091],[-124.0607,49.718],[-124.0508,49.7221],[-124.0534,49.7296],[-124.0573,49.7341],[-124.0581,49.7414],[-124.053,49.7446],[-124.0448,49.7465],[-124.0418,49.7495],[-124.0306,49.7528],[-124.0256,49.7572],[-124.0231,49.762],[-124.0199,49.7638],[-124.0145,49.7644],[-124.012,49.7664],[-124.0056,49.7638],[-124,49.7665],[-124,49.779],[-124.015,49.7832],[-124.0225,49.7832],[-124.0328,49.7807],[-124.039,49.7817],[-124.0435,49.7795],[-124.0491,49.7797],[-124.0542,49.7781],[-124.0549,49.7757],[-124.0565,49.7753],[-124.0624,49.7762],[-124.0686,49.774],[-124.0814,49.7748],[-124.0908,49.7735],[-124.0933,49.7724],[-124.0972,49.7665],[-124.0898,49.7621],[-124.0911,49.7566],[-124.0868,49.7574],[-124.0882,49.7504],[-124.0923,49.7482],[-124.1126,49.752],[-124.116,49.7541],[-124.1154,49.7576],[-124.1178,49.7612],[-124.1221,49.7619],[-124.1335,49.7595],[-124.1403,49.7598],[-124.1457,49.7575],[-124.1537,49.7507],[-124.1517,49.7461]],[[-124.0052,49.5092],[-124.014,49.5075],[-124.0179,49.5036],[-124.0113,49.503],[-124.0079,49.5],[-124,49.5],[-124,49.5094],[-124.0052,49.5092]],[[-124.0209,49.8666],[-124.014,49.86],[-124.0157,49.8649],[-124.0196,49.8675],[-124.0209,49.8666]],[[-124.0183,49.5906],[-124.0183,49.5925],[-124.0231,49.5919],[-124.0183,49.5906]],[[-124.0331,49.6064],[-124.033,49.6036],[-124.0352,49.6031],[-124.0291,49.6027],[-124.0315,49.6071],[-124.0331,49.6064]],[[-124.0342,49.6254],[-124.0331,49.6269],[-124.0349,49.6265],[-124.0342,49.6254]],[[-124.0385,49.6246],[-124.0403,49.6225],[-124.039,49.6207],[-124.0372,49.6231],[-124.0371,49.626],[-124.0392,49.6263],[-124.0385,49.6246]],[[-124.043,49.5962],[-124.047,49.5979],[-124.0465,49.5958],[-124.043,49.5962]],[[-124.0445,49.7429],[-124.0436,49.744],[-124.0448,49.7448],[-124.0462,49.7439],[-124.0445,49.7429]],[[-124.0536,49.8314],[-124.0547,49.8303],[-124.0514,49.8286],[-124.0486,49.8303],[-124.0494,49.8325],[-124.0536,49.8314]],[[-124.0617,49.5575],[-124.0664,49.5585],[-124.0638,49.5566],[-124.0611,49.5561],[-124.0617,49.5575]],[[-124.0699,49.6242],[-124.07,49.6258],[-124.0729,49.6255],[-124.0699,49.6242]],[[-124.079,49.6281],[-124.0786,49.6311],[-124.0809,49.6325],[-124.0825,49.6318],[-124.0825,49.6283],[-124.079,49.6281]],[[-124.0822,49.8151],[-124.0855,49.8137],[-124.085,49.8111],[-124.0831,49.8107],[-124.0819,49.8124],[-124.0802,49.8088],[-124.0792,49.8135],[-124.0819,49.8165],[-124.0822,49.8151]],[[-124.0909,49.6368],[-124.0896,49.6388],[-124.0913,49.6383],[-124.0909,49.6368]],[[-124.5,49.671],[-124.4939,49.6709],[-124.4873,49.673],[-124.4837,49.6752],[-124.4833,49.6788],[-124.4774,49.6781],[-124.466,49.6597],[-124.4675,49.6533],[-124.4625,49.6531],[-124.4568,49.6487],[-124.4519,49.6479],[-124.448,49.6457],[-124.4466,49.6415],[-124.4382,49.6372],[-124.436,49.6293],[-124.4369,49.6213],[-124.4358,49.6199],[-124.4274,49.6166],[-124.4107,49.6134],[-124.4019,49.6075],[-124.4002,49.6039],[-124.3904,49.6021],[-124.3836,49.598],[-124.353,49.5882],[-124.3307,49.5746],[-124.3273,49.5746],[-124.314,49.569],[-124.3083,49.5697],[-124.3021,49.5676],[-124.2922,49.5613],[-124.2799,49.5479],[-124.2747,49.5484],[-124.2659,49.5465],[-124.26,49.5489],[-124.2539,49.5432],[-124.2486,49.542],[-124.2411,49.5371],[-124.2349,49.537],[-124.2261,49.5281],[-124.2078,49.5279],[-124.2037,49.5241],[-124.1953,49.5215],[-124.1836,49.512],[-124.1766,49.5093],[-124.1695,49.5006],[-124.1259,49.5],[-124.1395,49.5189],[-124.1339,49.517],[-124.1373,49.5234],[-124.1492,49.5383],[-124.1621,49.5469],[-124.1683,49.5547],[-124.1847,49.5616],[-124.1932,49.5705],[-124.2059,49.5765],[-124.2218,49.5895],[-124.2343,49.597],[-124.2457,49.6005],[-124.2586,49.6091],[-124.2703,49.6212],[-124.3046,49.6481],[-124.3083,49.6531],[-124.3237,49.6658],[-124.3324,49.679],[-124.339,49.6844],[-124.3459,49.6943],[-124.3531,49.7013],[-124.3574,49.709],[-124.3689,49.7134],[-124.3814,49.7135],[-124.3878,49.7183],[-124.3984,49.7221],[-124.414,49.7229],[-124.4175,49.7268],[-124.427,49.7273],[-124.4304,49.7252],[-124.4375,49.729],[-124.4443,49.7279],[-124.4586,49.7329],[-124.4749,49.736],[-124.4922,49.7365],[-124.4988,49.7354],[-124.5,49.7388],[-124.5,49.671]],[[-124.129,49.512],[-124.1322,49.5164],[-124.1323,49.5135],[-124.129,49.512]],[[-124.1527,49.7558],[-124.1514,49.7546],[-124.15,49.7555],[-124.1496,49.7587],[-124.1548,49.7575],[-124.1547,49.7549],[-124.1527,49.7558]],[[-124.1601,49.7547],[-124.1562,49.7563],[-124.1623,49.7561],[-124.1625,49.7541],[-124.1601,49.7547]],[[-124.2203,49.735],[-124.2243,49.7349],[-124.2259,49.7323],[-124.2249,49.7284],[-124.2261,49.7262],[-124.2229,49.7241],[-124.2188,49.7268],[-124.2135,49.7265],[-124.2141,49.7308],[-124.2041,49.7297],[-124.2,49.731],[-124.1955,49.7394],[-124.1897,49.737],[-124.188,49.7379],[-124.1884,49.7402],[-124.1808,49.7404],[-124.1764,49.7385],[-124.1728,49.7411],[-124.164,49.7412],[-124.1611,49.7452],[-124.1586,49.7461],[-124.1589,49.7497],[-124.1565,49.7538],[-124.1626,49.7531],[-124.169,49.7548],[-124.1826,49.7492],[-124.201,49.7449],[-124.2055,49.7457],[-124.2069,49.7495],[-124.2236,49.7513],[-124.2288,49.7456],[-124.2235,49.7448],[-124.2245,49.7429],[-124.2203,49.735]],[[-124.2357,49.5],[-124.2338,49.5018],[-124.2378,49.5053],[-124.2527,49.5071],[-124.2541,49.5054],[-124.253,49.5037],[-124.2591,49.5017],[-124.2594,49.5],[-124.2615,49.5],[-124.2638,49.5024],[-124.2702,49.5016],[-124.2703,49.5],[-124.2746,49.502],[-124.2798,49.5012],[-124.2786,49.5035],[-124.2835,49.5035],[-124.288,49.5073],[-124.2908,49.5124],[-124.2899,49.5138],[-124.2919,49.5146],[-124.2973,49.5139],[-124.2943,49.511],[-124.2949,49.5094],[-124.3008,49.5119],[-124.3047,49.5089],[-124.3328,49.5136],[-124.3445,49.513],[-124.3475,49.5147],[-124.3415,49.5144],[-124.3425,49.5159],[-124.3454,49.5172],[-124.3482,49.5165],[-124.3492,49.518],[-124.3447,49.5202],[-124.3603,49.5263],[-124.3643,49.5249],[-124.3623,49.5208],[-124.3766,49.5168],[-124.3813,49.5126],[-124.383,49.5074],[-124.3803,49.5022],[-124.3825,49.5],[-124.2357,49.5]],[[-124.1809,49.7228],[-124.1878,49.7235],[-124.1878,49.7203],[-124.1907,49.7206],[-124.1962,49.7183],[-124.1888,49.7175],[-124.1792,49.7208],[-124.1809,49.7228]],[[-124.2122,49.5022],[-124.2133,49.5013],[-124.2117,49.5],[-124.1921,49.5],[-124.1953,49.5039],[-124.2132,49.5106],[-124.2156,49.504],[-124.2122,49.5022]],[[-124.1935,49.7491],[-124.1963,49.7509],[-124.198,49.7497],[-124.1965,49.7483],[-124.1935,49.7491]],[[-124.2047,49.6834],[-124.2036,49.6821],[-124.2018,49.6841],[-124.2032,49.6851],[-124.2047,49.6834]],[[-124.2103,49.7227],[-124.2066,49.7248],[-124.2026,49.7238],[-124.2021,49.7261],[-124.2064,49.7277],[-124.2113,49.7258],[-124.2132,49.7227],[-124.2103,49.7227]],[[-124.2056,49.716],[-124.2062,49.7146],[-124.2029,49.7148],[-124.2056,49.716]],[[-124.2052,49.7082],[-124.2065,49.7055],[-124.2029,49.7064],[-124.2032,49.7094],[-124.2052,49.7082]],[[-124.2044,49.711],[-124.2133,49.7092],[-124.215,49.7072],[-124.2086,49.7067],[-124.2042,49.7097],[-124.2044,49.711]],[[-124.2177,49.7247],[-124.22,49.7233],[-124.2189,49.7205],[-124.2156,49.7233],[-124.2177,49.7247]],[[-124.2231,49.5068],[-124.2205,49.5042],[-124.2169,49.5037],[-124.217,49.5069],[-124.2202,49.5106],[-124.2224,49.5106],[-124.2231,49.5068]],[[-124.2328,49.5012],[-124.2327,49.5],[-124.2273,49.5],[-124.2328,49.5012]],[[-124.2475,49.5107],[-124.2418,49.5081],[-124.2351,49.5078],[-124.235,49.5105],[-124.2384,49.5157],[-124.2458,49.519],[-124.2516,49.5189],[-124.2526,49.5163],[-124.2475,49.5107]],[[-124.2573,49.5171],[-124.2548,49.5171],[-124.2535,49.5196],[-124.2544,49.5213],[-124.258,49.5197],[-124.2573,49.5171]],[[-124.2602,49.5137],[-124.2603,49.5121],[-124.2589,49.5118],[-124.2602,49.5137]],[[-124.262,49.5203],[-124.2643,49.5172],[-124.2602,49.5163],[-124.2593,49.5188],[-124.262,49.5203]],[[-124.3103,49.5148],[-124.3077,49.5119],[-124.3051,49.5115],[-124.3065,49.5143],[-124.3103,49.5148]],[[-124.3431,49.5203],[-124.3426,49.5188],[-124.3388,49.5186],[-124.3388,49.5202],[-124.3431,49.5203]],[[-124.3735,49.5915],[-124.3755,49.594],[-124.3771,49.5932],[-124.3735,49.5915]],[[-124.3841,49.5222],[-124.3803,49.5196],[-124.3785,49.5216],[-124.381,49.5242],[-124.3841,49.5222]],[[-124.3845,49.5148],[-124.3838,49.5167],[-124.3876,49.5171],[-124.3845,49.5148]],[[-124.3873,49.5209],[-124.3844,49.5207],[-124.3859,49.5231],[-124.3889,49.5239],[-124.3873,49.5209]],[[-124.3883,49.5],[-124.3872,49.5018],[-124.3911,49.5048],[-124.3952,49.5016],[-124.3938,49.5],[-124.3883,49.5]],[[-124.395,49.599],[-124.398,49.6011],[-124.398,49.5998],[-124.395,49.599]],[[-124.4723,49.6531],[-124.4706,49.649],[-124.4678,49.6505],[-124.4691,49.6528],[-124.4723,49.6531]]],[[[-124,49.5],[-124,49.8465],[-123.9972,49.8441],[-123.9944,49.8379],[-124,49.8334],[-124,49.8115],[-123.9657,49.805],[-123.9593,49.8078],[-123.9601,49.811],[-123.9653,49.8168],[-123.96,49.8179],[-123.9581,49.8207],[-123.9534,49.8222],[-123.9588,49.8249],[-123.9581,49.8275],[-123.9507,49.8321],[-123.9462,49.8378],[-123.9374,49.8389],[-123.9312,49.8373],[-123.9309,49.8342],[-123.928,49.8327],[-123.9308,49.8255],[-123.926,49.8256],[-123.921,49.8283],[-123.9222,49.8375],[-123.9205,49.841],[-123.9201,49.8484],[-123.9146,49.8545],[-123.9124,49.8634],[-123.9098,49.8652],[-123.9105,49.868],[-123.9087,49.8708],[-123.9037,49.8726],[-123.903,49.8772],[-123.911,49.8875],[-123.939,49.8987],[-123.9538,49.9027],[-123.9628,49.907],[-123.9638,49.9104],[-123.9761,49.9186],[-123.985,49.9401],[-124,49.9575],[-124,49.9993],[-123.937,50],[-123.9566,49.9972],[-123.9646,49.992],[-123.9743,49.9814],[-123.977,49.9663],[-123.9764,49.9608],[-123.9642,49.941],[-123.9364,49.9189],[-123.8949,49.9149],[-123.8852,49.9219],[-123.8766,49.9244],[-123.8718,49.9219],[-123.8684,49.917],[-123.8688,49.9148],[-123.8844,49.9085],[-123.8863,49.9049],[-123.886,49.9031],[-123.8831,49.9017],[-123.8799,49.8941],[-123.8749,49.8901],[-123.869,49.8797],[-123.8695,49.8724],[-123.8778,49.8611],[-123.8785,49.8567],[-123.8784,49.8534],[-123.8736,49.8475],[-123.8736,49.845],[-123.8787,49.8414],[-123.8789,49.8376],[-123.8851,49.8338],[-123.8852,49.8313],[-123.8894,49.8269],[-123.8952,49.8135],[-123.9115,49.8042],[-123.9137,49.801],[-123.9239,49.7973],[-123.9214,49.7845],[-123.9355,49.7824],[-123.9435,49.7794],[-123.9473,49.7752],[-123.937,49.7696],[-123.9376,49.7663],[-123.9349,49.7647],[-123.9263,49.7619],[-123.9171,49.7563],[-123.893,49.7488],[-123.8936,49.7409],[-123.8925,49.7393],[-123.8952,49.7386],[-123.891,49.7381],[-123.8884,49.7347],[-123.8798,49.7332],[-123.8688,49.7263],[-123.8663,49.7224],[-123.867,49.7203],[-123.8641,49.7144],[-123.864,49.7108],[-123.8592,49.7081],[-123.8574,49.7043],[-123.8445,49.6908],[-123.8433,49.6869],[-123.8405,49.6862],[-123.8178,49.6911],[-123.8074,49.6913],[-123.7969,49.7024],[-123.7901,49.7052],[-123.7884,49.7107],[-123.7764,49.7115],[-123.773,49.7159],[-123.749,49.7259],[-123.7373,49.7388],[-123.7365,49.7471],[-123.7315,49.7567],[-123.728,49.7591],[-123.7283,49.771],[-123.7229,49.7783],[-123.7249,49.7863],[-123.717,49.7861],[-123.7204,49.7795],[-123.7164,49.7718],[-123.7177,49.7606],[-123.7206,49.7584],[-123.7279,49.736],[-123.7302,49.7329],[-123.7417,49.7218],[-123.7472,49.7203],[-123.7525,49.7167],[-123.7584,49.716],[-123.7631,49.7129],[-123.7728,49.7127],[-123.7763,49.7107],[-123.7809,49.703],[-123.7874,49.7017],[-123.7877,49.692],[-123.7991,49.6832],[-123.826,49.6762],[-123.8265,49.6712],[-123.8193,49.6634],[-123.8187,49.6551],[-123.8205,49.6549],[-123.8246,49.6595],[-123.824,49.6611],[-123.8294,49.6629],[-123.828,49.6642],[-123.8306,49.6653],[-123.8349,49.6646],[-123.8396,49.6608],[-123.8411,49.6551],[-123.8396,49.65],[-123.8336,49.6481],[-123.8254,49.6346],[-123.8161,49.6304],[-123.8099,49.6301],[-123.8074,49.628],[-123.809,49.625],[-123.8051,49.624],[-123.8007,49.6292],[-123.8006,49.6319],[-123.7918,49.635],[-123.7831,49.6356],[-123.766,49.6423],[-123.7514,49.6416],[-123.7291,49.6491],[-123.7168,49.6482],[-123.6872,49.6537],[-123.6697,49.651],[-123.6689,49.649],[-123.6655,49.6489],[-123.6611,49.6523],[-123.6578,49.6599],[-123.6516,49.6635],[-123.6434,49.663],[-123.6351,49.6654],[-123.6288,49.663],[-123.6142,49.6695],[-123.5996,49.6725],[-123.5923,49.6765],[-123.5733,49.6783],[-123.5715,49.6795],[-123.5758,49.6812],[-123.5742,49.6827],[-123.5652,49.6823],[-123.5623,49.6808],[-123.5468,49.6971],[-123.5353,49.6991],[-123.5335,49.7066],[-123.5316,49.7087],[-123.5298,49.7096],[-123.5259,49.7078],[-123.5293,49.6982],[-123.5431,49.688],[-123.5454,49.6811],[-123.5534,49.6817],[-123.555,49.6803],[-123.5549,49.6773],[-123.5633,49.671],[-123.5862,49.6677],[-123.5919,49.6614],[-123.6164,49.6539],[-123.631,49.6535],[-123.6335,49.6502],[-123.6413,49.647],[-123.6463,49.6429],[-123.6625,49.6379],[-123.6806,49.6377],[-123.6884,49.6415],[-123.7064,49.6375],[-123.7173,49.637],[-123.7208,49.6313],[-123.7326,49.6242],[-123.7598,49.6181],[-123.769,49.6113],[-123.7709,49.608],[-123.7896,49.6028],[-123.7872,49.5935],[-123.7842,49.5906],[-123.786,49.586],[-123.7834,49.5806],[-123.7858,49.5763],[-123.7818,49.5743],[-123.7845,49.5687],[-123.7813,49.5635],[-123.7765,49.5609],[-123.777,49.5573],[-123.7688,49.5561],[-123.7639,49.5498],[-123.7644,49.5459],[-123.7601,49.5434],[-123.7628,49.5424],[-123.7652,49.5392],[-123.7642,49.5353],[-123.7688,49.5282],[-123.7741,49.5237],[-123.7802,49.5219],[-123.771,49.5144],[-123.7657,49.5128],[-123.7643,49.5109],[-123.7585,49.5123],[-123.756,49.5061],[-123.7522,49.5034],[-123.7458,49.5022],[-123.7461,49.5],[-123.7735,49.5],[-123.7841,49.5075],[-123.7936,49.5087],[-123.7973,49.5113],[-123.7941,49.516],[-123.7994,49.5199],[-123.7999,49.5221],[-123.7964,49.524],[-123.7946,49.5303],[-123.79,49.5332],[-123.7949,49.535],[-123.799,49.5417],[-123.7981,49.5438],[-123.7934,49.5462],[-123.8008,49.5493],[-123.7996,49.5517],[-123.8078,49.5648],[-123.8065,49.5683],[-123.8132,49.5719],[-123.8095,49.5755],[-123.8173,49.5876],[-123.8152,49.5945],[-123.8212,49.601],[-123.8263,49.6027],[-123.8311,49.6107],[-123.842,49.6215],[-123.8484,49.6402],[-123.8553,49.6457],[-123.8609,49.6564],[-123.8611,49.6628],[-123.863,49.6665],[-123.8616,49.6716],[-123.8662,49.6787],[-123.8753,49.6849],[-123.8774,49.6889],[-123.883,49.6921],[-123.8851,49.6964],[-123.8898,49.7005],[-123.8891,49.7043],[-123.8906,49.7084],[-123.8892,49.7109],[-123.8905,49.7141],[-123.8897,49.7199],[-123.8869,49.7248],[-123.888,49.7298],[-123.906,49.7418],[-123.9079,49.7445],[-123.9062,49.7461],[-123.908,49.7471],[-123.9177,49.7471],[-123.9276,49.7498],[-123.9312,49.755],[-123.9432,49.7587],[-123.9466,49.7614],[-123.9717,49.7669],[-123.9786,49.7652],[-123.9899,49.7586],[-123.9902,49.7533],[-124,49.7515],[-124,49.5538],[-123.9878,49.5453],[-123.9845,49.5447],[-123.9834,49.5409],[-123.9756,49.5361],[-123.9746,49.5312],[-123.9686,49.5285],[-123.9664,49.5299],[-123.969,49.536],[-123.9732,49.5379],[-123.9676,49.5368],[-123.9656,49.534],[-123.9597,49.532],[-123.9598,49.5297],[-123.9647,49.5274],[-123.961,49.5236],[-123.9631,49.5175],[-123.9689,49.516],[-123.9691,49.5138],[-123.9648,49.5089],[-123.9488,49.5017],[-123.9477,49.5025],[-123.9493,49.504],[-123.9432,49.5036],[-123.9448,49.5074],[-123.94,49.5071],[-123.9388,49.5118],[-123.9351,49.5093],[-123.9244,49.5125],[-123.9193,49.5107],[-123.9144,49.5122],[-123.91,49.5113],[-123.908,49.5086],[-123.911,49.5077],[-123.9092,49.505],[-123.9114,49.5],[-124,49.5]],[[-123.8035,49.6201],[-123.8035,49.6232],[-123.8068,49.6219],[-123.8035,49.6201]],[[-123.8737,49.7231],[-123.8757,49.7252],[-123.8803,49.7253],[-123.8737,49.7231]],[[-123.8979,49.7395],[-123.8946,49.7422],[-123.8971,49.7417],[-123.8988,49.74],[-123.8979,49.7395]],[[-123.9401,49.8329],[-123.9378,49.8321],[-123.9342,49.8337],[-123.9345,49.836],[-123.9399,49.8334],[-123.9414,49.8353],[-123.9426,49.8327],[-123.9401,49.8329]],[[-123.9422,49.762],[-123.9406,49.7637],[-123.9436,49.7645],[-123.9422,49.762]],[[-123.9797,49.5031],[-123.9818,49.5],[-123.9653,49.5],[-123.9735,49.5073],[-123.9791,49.5092],[-123.9793,49.5076],[-123.9817,49.5098],[-123.9828,49.5072],[-123.9797,49.5031]],[[-123.9581,49.8151],[-123.959,49.8138],[-123.957,49.8135],[-123.9544,49.815],[-123.9581,49.8151]],[[-123.9683,49.5102],[-123.9671,49.5118],[-123.971,49.5123],[-123.9683,49.5102]],[[-123.9784,49.7782],[-123.9731,49.7813],[-123.9735,49.783],[-123.9775,49.7847],[-123.9779,49.787],[-123.9858,49.7896],[-123.9955,49.7887],[-123.9981,49.7845],[-123.9886,49.7798],[-123.9784,49.7782]],[[-124,49.7665],[-123.9923,49.7666],[-123.9887,49.7733],[-123.9893,49.7749],[-123.9922,49.7746],[-124,49.779],[-124,49.7665]],[[-124,49.5],[-123.9938,49.5],[-123.9969,49.5036],[-123.9951,49.5063],[-123.9957,49.508],[-124,49.5094],[-124,49.5]]],[[[-123.4941,49.5],[-123.496,49.5008],[-123.4955,49.5033],[-123.4931,49.5048],[-123.4943,49.5104],[-123.4924,49.513],[-123.4922,49.5181],[-123.4848,49.5187],[-123.4835,49.5209],[-123.4812,49.521],[-123.4771,49.5281],[-123.4633,49.5321],[-123.4585,49.5306],[-123.4562,49.5342],[-123.4469,49.5394],[-123.4278,49.5424],[-123.4124,49.5508],[-123.4016,49.5528],[-123.396,49.5563],[-123.396,49.5591],[-123.3807,49.5614],[-123.3656,49.5558],[-123.355,49.5543],[-123.3498,49.5569],[-123.3506,49.5637],[-123.3471,49.5675],[-123.3442,49.5692],[-123.3339,49.5703],[-123.332,49.5759],[-123.325,49.5794],[-123.3151,49.5804],[-123.3082,49.5835],[-123.2783,49.5819],[-123.2715,49.5851],[-123.2646,49.5896],[-123.2612,49.5996],[-123.2561,49.6004],[-123.2581,49.6035],[-123.2542,49.6109],[-123.2491,49.6115],[-123.2505,49.6256],[-123.2591,49.6369],[-123.2578,49.6409],[-123.2604,49.6471],[-123.2578,49.6559],[-123.2589,49.6605],[-123.2577,49.6634],[-123.2526,49.6642],[-123.2433,49.6692],[-123.2384,49.6691],[-123.2281,49.6726],[-123.2171,49.6775],[-123.2107,49.6783],[-123.2059,49.6813],[-123.1857,49.6831],[-123.1828,49.6852],[-123.1853,49.6971],[-123.1837,49.7023],[-123.1745,49.7076],[-123.1729,49.7059],[-123.1798,49.703],[-123.1823,49.6999],[-123.1812,49.6944],[-123.1767,49.691],[-123.1739,49.6932],[-123.1722,49.6979],[-123.1738,49.7029],[-123.1701,49.7069],[-123.1667,49.7066],[-123.1719,49.7028],[-123.1696,49.6985],[-123.17,49.6919],[-123.1738,49.6851],[-123.1704,49.6834],[-123.1668,49.687],[-123.165,49.6836],[-123.1628,49.6835],[-123.1551,49.6913],[-123.1552,49.6941],[-123.1525,49.6961],[-123.1532,49.6886],[-123.1572,49.6865],[-123.1555,49.6835],[-123.1589,49.6768],[-123.1602,49.6785],[-123.1667,49.6717],[-123.1689,49.6715],[-123.1674,49.6702],[-123.17,49.6658],[-123.1798,49.6599],[-123.1961,49.6568],[-123.2112,49.6581],[-123.2151,49.6554],[-123.2196,49.6551],[-123.2206,49.6491],[-123.2245,49.6475],[-123.2198,49.6399],[-123.2086,49.6293],[-123.2061,49.6201],[-123.2168,49.6108],[-123.2159,49.6098],[-123.2246,49.5948],[-123.2226,49.5893],[-123.2273,49.5842],[-123.2279,49.5763],[-123.2338,49.5654],[-123.2337,49.5599],[-123.2359,49.5592],[-123.2376,49.5562],[-123.2369,49.5511],[-123.2445,49.5486],[-123.248,49.5407],[-123.2532,49.5376],[-123.2558,49.5314],[-123.2611,49.5261],[-123.2628,49.5195],[-123.2612,49.5085],[-123.2504,49.5022],[-123.2491,49.5],[-123.4941,49.5]],[[-123.1595,49.6798],[-123.1599,49.6818],[-123.162,49.6795],[-123.1595,49.6798]],[[-123.1646,49.6805],[-123.1674,49.6774],[-123.1642,49.6779],[-123.1646,49.6805]],[[-123.1746,49.6904],[-123.1753,49.6888],[-123.1734,49.6897],[-123.1746,49.6904]],[[-123.2863,49.5791],[-123.2874,49.5771],[-123.2816,49.5788],[-123.2863,49.5791]],[[-123.3214,49.5208],[-123.3105,49.5136],[-123.3056,49.5131],[-123.3027,49.5104],[-123.2975,49.5181],[-123.2933,49.5189],[-123.2899,49.5221],[-123.2859,49.5201],[-123.2831,49.5239],[-123.285,49.5256],[-123.2912,49.5261],[-123.2936,49.5294],[-123.2908,49.5381],[-123.2942,49.5475],[-123.2978,49.5469],[-123.3056,49.5497],[-123.3142,49.5567],[-123.3189,49.5585],[-123.3231,49.5579],[-123.3241,49.5562],[-123.3246,49.5526],[-123.3213,49.5505],[-123.3209,49.5454],[-123.3247,49.5419],[-123.3274,49.5331],[-123.3239,49.5233],[-123.3214,49.5208]],[[-123.337,49.5],[-123.3413,49.5011],[-123.3497,49.5131],[-123.3572,49.519],[-123.3576,49.5206],[-123.3553,49.5226],[-123.356,49.5289],[-123.3619,49.5311],[-123.3682,49.5284],[-123.3764,49.5317],[-123.3804,49.5352],[-123.3895,49.5319],[-123.3953,49.5275],[-123.4084,49.5262],[-123.4256,49.5271],[-123.4343,49.5222],[-123.4459,49.5105],[-123.4456,49.5061],[-123.4506,49.5021],[-123.4498,49.5],[-123.337,49.5]],[[-123.4517,49.5156],[-123.4508,49.5167],[-123.4525,49.5192],[-123.4583,49.5169],[-123.455,49.5164],[-123.4575,49.5142],[-123.4658,49.5119],[-123.4678,49.5094],[-123.4578,49.51],[-123.4556,49.5092],[-123.4569,49.5064],[-123.455,49.5058],[-123.4556,49.5097],[-123.4511,49.5122],[-123.4528,49.5144],[-123.4528,49.5169],[-123.4517,49.5156]],[[-123.4669,49.5128],[-123.4678,49.5111],[-123.4639,49.5139],[-123.4669,49.5128]],[[-123.4806,49.5022],[-123.4836,49.5019],[-123.48,49.5],[-123.4806,49.5022]],[[-123.4916,49.5142],[-123.4924,49.5115],[-123.4896,49.5137],[-123.4916,49.5142]]],[[[-128.5,50],[-128.5,50.5],[-128,50.5],[-128,50],[-128.5,50]],[[-128.1396,50.5],[-128.1342,50.498],[-128.129,50.4917],[-128.122,50.4892],[-128.1231,50.4862],[-128.12,50.4837],[-128.1206,50.4819],[-128.1136,50.4803],[-128.115,50.4779],[-128.1115,50.4745],[-128.1131,50.473],[-128.1074,50.4694],[-128.1019,50.4692],[-128.0985,50.4715],[-128.0984,50.4746],[-128.1004,50.477],[-128.0974,50.48],[-128.0932,50.4805],[-128.0839,50.4779],[-128.0814,50.4746],[-128.082,50.4714],[-128.0773,50.4672],[-128.0639,50.4646],[-128.065,50.4615],[-128.0631,50.4594],[-128.0651,50.4578],[-128.062,50.4566],[-128.0607,50.4508],[-128.0517,50.4492],[-128.0516,50.4446],[-128.0483,50.4432],[-128.0412,50.4441],[-128.0377,50.4468],[-128.0366,50.4525],[-128.0306,50.4555],[-128.0282,50.4611],[-128.0349,50.4671],[-128.0439,50.4712],[-128.0444,50.4747],[-128.0469,50.4773],[-128.0564,50.4826],[-128.0792,50.5],[-128.0847,50.5],[-128.0866,50.4943],[-128.0899,50.4944],[-128.0903,50.5],[-128.0757,50.5],[-128.0692,50.494],[-128.0555,50.4891],[-128.0496,50.4896],[-128.0433,50.4926],[-128.0407,50.4962],[-128.0418,50.5],[-128.0321,50.5],[-128.0196,50.4874],[-128.019,50.4837],[-128.014,50.4826],[-128.0159,50.4777],[-128.0112,50.4696],[-128.0043,50.4671],[-128,50.4674],[-128,50.5],[-128.1396,50.5]],[[-128.0283,50.4537],[-128.0266,50.4527],[-128.0247,50.4545],[-128.0259,50.4561],[-128.0283,50.4537]],[[-128.0335,50.4737],[-128.0335,50.4714],[-128.029,50.4704],[-128.029,50.4737],[-128.0335,50.4737]],[[-128.0318,50.4438],[-128.0367,50.4454],[-128.0385,50.4435],[-128.0346,50.4398],[-128.0322,50.4396],[-128.0305,50.4406],[-128.0318,50.4438]],[[-128.046,50.4841],[-128.0481,50.4801],[-128.0438,50.4771],[-128.0401,50.4758],[-128.0373,50.4785],[-128.0392,50.4849],[-128.0417,50.4858],[-128.046,50.4841]]],[[[-128,50],[-128,50.5],[-127.5,50.5],[-127.5,50],[-128,50]],[[-127.5,50.5],[-128,50.5],[-128,50.4674],[-127.9953,50.4678],[-127.9914,50.4661],[-127.9891,50.467],[-127.9886,50.4698],[-127.9855,50.4711],[-127.9767,50.4686],[-127.9707,50.4704],[-127.9664,50.4691],[-127.966,50.4712],[-127.9553,50.4789],[-127.9448,50.4807],[-127.9431,50.4774],[-127.9356,50.4788],[-127.9254,50.4836],[-127.9283,50.4885],[-127.9119,50.4812],[-127.9078,50.4808],[-127.9059,50.4786],[-127.9015,50.4804],[-127.8978,50.4783],[-127.8944,50.4789],[-127.8835,50.4828],[-127.8734,50.4887],[-127.8726,50.4913],[-127.8758,50.4948],[-127.8761,50.5],[-127.8256,50.5],[-127.8381,50.5],[-127.8375,50.4983],[-127.8427,50.4954],[-127.8429,50.4912],[-127.8454,50.4897],[-127.8277,50.4854],[-127.825,50.4835],[-127.8152,50.4828],[-127.8007,50.4838],[-127.7965,50.4861],[-127.7941,50.4897],[-127.7977,50.4936],[-127.7932,50.4936],[-127.7822,50.4979],[-127.7695,50.5],[-127.5683,50.5],[-127.5565,50.4862],[-127.5518,50.4823],[-127.5389,50.4778],[-127.5317,50.4671],[-127.5223,50.4625],[-127.524,50.4603],[-127.5228,50.458],[-127.5116,50.4521],[-127.5026,50.4453],[-127.5,50.441],[-127.5,50.4038],[-127.506,50.4067],[-127.5066,50.4106],[-127.5123,50.415],[-127.5155,50.4215],[-127.5246,50.4297],[-127.524,50.4332],[-127.5298,50.4367],[-127.5327,50.4442],[-127.5374,50.4468],[-127.5395,50.4512],[-127.5473,50.456],[-127.5503,50.4611],[-127.5605,50.4693],[-127.5671,50.4788],[-127.5782,50.4869],[-127.5874,50.4899],[-127.5884,50.4867],[-127.5844,50.484],[-127.5902,50.4847],[-127.5929,50.4878],[-127.5978,50.4867],[-127.6022,50.4886],[-127.6065,50.4858],[-127.6054,50.4839],[-127.6081,50.4833],[-127.6103,50.4837],[-127.6092,50.4842],[-127.611,50.4867],[-127.6056,50.4884],[-127.6057,50.4901],[-127.6145,50.4893],[-127.6258,50.4943],[-127.6276,50.4925],[-127.6256,50.4885],[-127.6137,50.4818],[-127.6249,50.4831],[-127.6239,50.481],[-127.6279,50.481],[-127.652,50.4866],[-127.6599,50.4858],[-127.671,50.4892],[-127.6888,50.4903],[-127.6943,50.488],[-127.7144,50.4856],[-127.7317,50.4794],[-127.744,50.4824],[-127.753,50.4771],[-127.7594,50.4777],[-127.7676,50.4821],[-127.7709,50.4823],[-127.7848,50.4753],[-127.7857,50.4721],[-127.7897,50.4721],[-127.7907,50.471],[-127.7883,50.47],[-127.7922,50.4664],[-127.801,50.4629],[-127.8025,50.4593],[-127.8071,50.4578],[-127.8199,50.4607],[-127.8446,50.4709],[-127.8577,50.4673],[-127.856,50.4652],[-127.8607,50.4593],[-127.8728,50.4603],[-127.8743,50.4583],[-127.8786,50.4583],[-127.8823,50.4593],[-127.8837,50.4571],[-127.8901,50.4545],[-127.8968,50.458],[-127.9051,50.46],[-127.9067,50.4626],[-127.9158,50.4663],[-127.9232,50.4642],[-127.9333,50.4653],[-127.937,50.4638],[-127.9347,50.4585],[-127.9359,50.4492],[-127.9394,50.4442],[-127.9412,50.4379],[-127.9279,50.4295],[-127.923,50.4298],[-127.9208,50.427],[-127.9228,50.4251],[-127.9296,50.4238],[-127.9312,50.42],[-127.9342,50.4177],[-127.9428,50.4169],[-127.9454,50.4125],[-127.9494,50.4119],[-127.9518,50.4098],[-127.9481,50.4003],[-127.9532,50.3988],[-127.9584,50.4017],[-127.96,50.3895],[-127.962,50.3881],[-127.9725,50.3881],[-127.9738,50.3862],[-127.9698,50.3837],[-127.9635,50.383],[-127.9601,50.3794],[-127.9615,50.3757],[-127.9657,50.3725],[-127.9626,50.3703],[-127.9621,50.3645],[-127.9713,50.3587],[-127.9695,50.3534],[-127.9705,50.3514],[-127.9781,50.3513],[-127.9809,50.3534],[-127.9791,50.355],[-127.9812,50.3555],[-127.9862,50.355],[-127.9868,50.3534],[-127.9931,50.3519],[-127.9948,50.3501],[-127.9887,50.3473],[-127.9898,50.3453],[-127.9878,50.3409],[-127.9745,50.3316],[-127.9749,50.3254],[-127.9786,50.3243],[-127.9708,50.3232],[-127.9709,50.3258],[-127.9688,50.3259],[-127.9486,50.3184],[-127.9394,50.3204],[-127.9432,50.3216],[-127.941,50.3245],[-127.9334,50.3234],[-127.9298,50.3261],[-127.9194,50.3253],[-127.9127,50.3294],[-127.9114,50.3315],[-127.9124,50.3332],[-127.9005,50.3394],[-127.8766,50.3436],[-127.8738,50.3425],[-127.872,50.3392],[-127.8738,50.3305],[-127.8668,50.3289],[-127.8665,50.326],[-127.8637,50.324],[-127.8636,50.3188],[-127.867,50.3164],[-127.8607,50.3164],[-127.8614,50.3151],[-127.8581,50.3118],[-127.841,50.3095],[-127.8361,50.3068],[-127.8249,50.3103],[-127.8171,50.3146],[-127.8146,50.3198],[-127.8093,50.3225],[-127.8026,50.3248],[-127.7938,50.3253],[-127.7679,50.3182],[-127.7615,50.313],[-127.7502,50.3107],[-127.7328,50.3017],[-127.724,50.3011],[-127.7224,50.297],[-127.7184,50.2955],[-127.7233,50.2955],[-127.7301,50.2987],[-127.7467,50.3024],[-127.7519,50.3023],[-127.7759,50.313],[-127.7987,50.3183],[-127.8045,50.3164],[-127.8046,50.3052],[-127.8095,50.3018],[-127.8093,50.299],[-127.8117,50.2975],[-127.8189,50.2945],[-127.8288,50.296],[-127.845,50.2895],[-127.859,50.2921],[-127.8635,50.2896],[-127.8656,50.2865],[-127.8575,50.2863],[-127.8578,50.2837],[-127.8537,50.2831],[-127.8526,50.2795],[-127.854,50.2777],[-127.8497,50.2763],[-127.8499,50.2732],[-127.8234,50.258],[-127.8186,50.2565],[-127.8171,50.2574],[-127.8157,50.2554],[-127.81,50.2537],[-127.8004,50.2462],[-127.7719,50.2454],[-127.7499,50.2524],[-127.7475,50.2513],[-127.7479,50.2489],[-127.7414,50.2487],[-127.7449,50.2436],[-127.7343,50.247],[-127.732,50.2462],[-127.732,50.2434],[-127.729,50.2412],[-127.7353,50.2389],[-127.7479,50.2394],[-127.7607,50.237],[-127.7627,50.235],[-127.7592,50.2325],[-127.7617,50.2286],[-127.7727,50.2269],[-127.775,50.2219],[-127.792,50.2233],[-127.7915,50.2213],[-127.7948,50.2198],[-127.8004,50.221],[-127.8024,50.2198],[-127.8017,50.2143],[-127.7979,50.2127],[-127.7935,50.2081],[-127.7984,50.2021],[-127.8052,50.2004],[-127.7984,50.1981],[-127.7969,50.1998],[-127.7923,50.2003],[-127.7902,50.1997],[-127.7903,50.1983],[-127.7994,50.1956],[-127.801,50.1959],[-127.8014,50.1979],[-127.8059,50.1977],[-127.8106,50.2005],[-127.8149,50.1995],[-127.814,50.1971],[-127.8192,50.1946],[-127.8213,50.1886],[-127.8248,50.1868],[-127.8291,50.1871],[-127.8293,50.1856],[-127.836,50.1855],[-127.8363,50.1841],[-127.8315,50.1841],[-127.8283,50.1824],[-127.8298,50.1786],[-127.8338,50.1775],[-127.8379,50.1694],[-127.8461,50.1691],[-127.8558,50.1597],[-127.8642,50.1575],[-127.8726,50.1511],[-127.8823,50.1492],[-127.9002,50.1409],[-127.9038,50.1365],[-127.9073,50.135],[-127.9084,50.1322],[-127.9202,50.1297],[-127.9165,50.1232],[-127.9172,50.1125],[-127.9032,50.1106],[-127.8867,50.1038],[-127.8844,50.1024],[-127.883,50.0977],[-127.877,50.0944],[-127.874,50.0953],[-127.8687,50.0924],[-127.858,50.0939],[-127.8535,50.09],[-127.8221,50.085],[-127.8186,50.0803],[-127.8152,50.0789],[-127.795,50.0781],[-127.79,50.083],[-127.7855,50.0835],[-127.7794,50.0884],[-127.7776,50.0901],[-127.7784,50.0912],[-127.7713,50.0962],[-127.7709,50.098],[-127.7615,50.1034],[-127.759,50.1011],[-127.7563,50.1018],[-127.7548,50.1061],[-127.7445,50.1105],[-127.7332,50.121],[-127.7286,50.1224],[-127.7251,50.12],[-127.7225,50.1231],[-127.715,50.123],[-127.7157,50.1255],[-127.7099,50.1283],[-127.7109,50.13],[-127.7088,50.1307],[-127.6964,50.1298],[-127.6919,50.131],[-127.6864,50.1291],[-127.6838,50.1302],[-127.6834,50.133],[-127.6988,50.1406],[-127.6856,50.1407],[-127.6866,50.1474],[-127.6835,50.1474],[-127.6802,50.1451],[-127.6741,50.1498],[-127.6682,50.1459],[-127.6639,50.1465],[-127.6586,50.1509],[-127.661,50.1539],[-127.6555,50.1546],[-127.6567,50.1556],[-127.6553,50.1575],[-127.6598,50.1605],[-127.6552,50.1634],[-127.6531,50.1687],[-127.6488,50.1701],[-127.6428,50.1675],[-127.6356,50.1683],[-127.6336,50.1743],[-127.6254,50.1768],[-127.6251,50.1819],[-127.6183,50.1903],[-127.6138,50.189],[-127.6134,50.1872],[-127.6165,50.1827],[-127.6192,50.1742],[-127.6245,50.1712],[-127.6227,50.1687],[-127.6233,50.1661],[-127.633,50.1621],[-127.6318,50.1555],[-127.6373,50.1523],[-127.6377,50.15],[-127.6445,50.1475],[-127.6454,50.1451],[-127.6398,50.1435],[-127.6387,50.1391],[-127.6396,50.1359],[-127.6356,50.1351],[-127.6316,50.1316],[-127.6323,50.1257],[-127.6308,50.1239],[-127.6277,50.1239],[-127.6263,50.1173],[-127.6209,50.1166],[-127.6052,50.1198],[-127.6015,50.1172],[-127.6086,50.1148],[-127.6076,50.1124],[-127.6103,50.1124],[-127.6114,50.1105],[-127.6099,50.1077],[-127.5984,50.1087],[-127.5961,50.1104],[-127.5927,50.1086],[-127.5877,50.1103],[-127.5962,50.1154],[-127.5945,50.1178],[-127.592,50.1201],[-127.5838,50.1195],[-127.5851,50.1229],[-127.5785,50.1269],[-127.5638,50.1259],[-127.5645,50.1246],[-127.5614,50.1242],[-127.5621,50.1223],[-127.5595,50.1217],[-127.5443,50.127],[-127.5389,50.1263],[-127.5295,50.1335],[-127.5305,50.1371],[-127.5289,50.1394],[-127.5227,50.1404],[-127.5116,50.145],[-127.5071,50.1489],[-127.5048,50.1523],[-127.5101,50.1539],[-127.504,50.1603],[-127.5,50.1617],[-127.5,50.1434],[-127.5163,50.1327],[-127.5158,50.1288],[-127.5112,50.1272],[-127.5122,50.1308],[-127.5085,50.1281],[-127.5104,50.1258],[-127.5143,50.1252],[-127.5136,50.124],[-127.516,50.1227],[-127.5159,50.1212],[-127.5,50.1145],[-127.5,50.5]],[[-127.5,50.1107],[-127.5011,50.1105],[-127.5,50.1081],[-127.5,50.1107]],[[-127.5159,50.1036],[-127.5195,50.1047],[-127.5205,50.1036],[-127.5161,50.0997],[-127.5,50.0951],[-127.5,50.1035],[-127.5031,50.1083],[-127.5021,50.11],[-127.5092,50.1159],[-127.5227,50.1171],[-127.5267,50.1132],[-127.5269,50.1089],[-127.5173,50.106],[-127.5159,50.1036]],[[-127.5,50.1139],[-127.5058,50.1148],[-127.5,50.112],[-127.5,50.1139]],[[-127.5117,50.0841],[-127.5093,50.0836],[-127.5063,50.0867],[-127.5098,50.0897],[-127.5117,50.0841]],[[-127.5196,50.0953],[-127.5184,50.0927],[-127.5085,50.0911],[-127.5133,50.0955],[-127.5186,50.0968],[-127.5196,50.0953]],[[-127.5178,50.119],[-127.5093,50.1177],[-127.5164,50.1203],[-127.5178,50.119]],[[-127.5356,50.0893],[-127.5307,50.0895],[-127.5267,50.0932],[-127.5229,50.0891],[-127.5206,50.0925],[-127.5221,50.0938],[-127.521,50.0954],[-127.5245,50.0964],[-127.5226,50.0978],[-127.5279,50.0987],[-127.5279,50.1004],[-127.5228,50.1008],[-127.5243,50.1046],[-127.5299,50.1069],[-127.5295,50.1088],[-127.5309,50.1092],[-127.5448,50.106],[-127.5449,50.1033],[-127.5489,50.0977],[-127.5473,50.0946],[-127.5366,50.0939],[-127.5376,50.0914],[-127.5356,50.0893]],[[-127.5306,50.0836],[-127.5227,50.0812],[-127.5239,50.0833],[-127.5278,50.0847],[-127.5306,50.0836]],[[-127.5265,50.086],[-127.5242,50.0872],[-127.5243,50.0893],[-127.5274,50.0897],[-127.5248,50.0886],[-127.5277,50.0867],[-127.5265,50.086]],[[-127.5411,50.0825],[-127.5424,50.0862],[-127.5477,50.0849],[-127.5411,50.0825]],[[-127.5459,50.0937],[-127.5471,50.0926],[-127.5436,50.0931],[-127.5459,50.0937]],[[-127.5436,50.1216],[-127.5484,50.1214],[-127.5489,50.1201],[-127.5436,50.1216]],[[-127.5606,50.0946],[-127.5609,50.093],[-127.5579,50.0893],[-127.5488,50.0878],[-127.5515,50.0926],[-127.5606,50.0946]],[[-127.5505,50.1021],[-127.5556,50.103],[-127.5575,50.1004],[-127.5631,50.0984],[-127.5631,50.0964],[-127.5566,50.0947],[-127.5496,50.0957],[-127.5505,50.1021]],[[-127.5515,50.0848],[-127.5548,50.0855],[-127.5562,50.0832],[-127.552,50.0823],[-127.5501,50.0836],[-127.5515,50.0848]],[[-127.558,50.0722],[-127.5563,50.0687],[-127.5526,50.0709],[-127.5551,50.0728],[-127.558,50.0722]],[[-127.5756,50.1148],[-127.5705,50.1126],[-127.5706,50.1143],[-127.5745,50.1162],[-127.5756,50.1148]],[[-127.587,50.103],[-127.5832,50.1062],[-127.5874,50.1074],[-127.5908,50.1052],[-127.5898,50.1034],[-127.587,50.103]],[[-127.6031,50.1062],[-127.5964,50.1049],[-127.5981,50.1066],[-127.6031,50.1062]],[[-127.598,50.0977],[-127.6024,50.0984],[-127.605,50.0972],[-127.6001,50.0956],[-127.5968,50.0969],[-127.598,50.0977]],[[-127.6039,50.104],[-127.6071,50.1032],[-127.6048,50.0996],[-127.6007,50.1022],[-127.6039,50.104]],[[-127.6747,50.5],[-127.6727,50.4977],[-127.6664,50.5],[-127.6747,50.5]],[[-127.6118,50.1044],[-127.6135,50.1027],[-127.6091,50.1024],[-127.6118,50.1044]],[[-127.6171,50.1078],[-127.6212,50.1079],[-127.6172,50.1064],[-127.6158,50.1068],[-127.6171,50.1078]],[[-127.6403,50.1209],[-127.6347,50.1233],[-127.6371,50.1264],[-127.6348,50.1285],[-127.6358,50.1326],[-127.6391,50.1342],[-127.6409,50.1333],[-127.6412,50.1296],[-127.645,50.1246],[-127.6445,50.1224],[-127.6403,50.1209]],[[-127.6492,50.1336],[-127.6466,50.1299],[-127.6438,50.1319],[-127.6452,50.136],[-127.6492,50.1336]],[[-127.6506,50.137],[-127.6487,50.1361],[-127.6472,50.1377],[-127.6506,50.137]],[[-127.6828,50.1392],[-127.6907,50.1386],[-127.6845,50.1365],[-127.6817,50.1372],[-127.6828,50.1392]],[[-127.7202,50.1215],[-127.7228,50.1193],[-127.7193,50.1186],[-127.7179,50.1208],[-127.7202,50.1215]],[[-127.7714,50.4893],[-127.7713,50.4866],[-127.7646,50.4842],[-127.7654,50.4872],[-127.7714,50.4893]],[[-127.7764,50.2301],[-127.7714,50.232],[-127.7699,50.2347],[-127.7709,50.2364],[-127.7748,50.2378],[-127.7852,50.2356],[-127.7825,50.2319],[-127.7764,50.2301]],[[-127.7917,50.2266],[-127.7905,50.2276],[-127.7961,50.2283],[-127.7983,50.2244],[-127.7961,50.2244],[-127.7933,50.2273],[-127.7917,50.2266]],[[-127.8033,50.4625],[-127.8033,50.4644],[-127.811,50.4639],[-127.8082,50.4624],[-127.8033,50.4625]],[[-127.8076,50.2315],[-127.8118,50.2315],[-127.8078,50.2293],[-127.8054,50.2301],[-127.8076,50.2315]],[[-127.8125,50.307],[-127.8139,50.3039],[-127.8097,50.3037],[-127.8111,50.3056],[-127.8106,50.31],[-127.8133,50.3111],[-127.8161,50.3078],[-127.8125,50.307]],[[-127.8209,50.3069],[-127.8274,50.306],[-127.828,50.3027],[-127.8176,50.3001],[-127.8176,50.3063],[-127.8209,50.3069]],[[-127.8227,50.1957],[-127.8208,50.1942],[-127.8208,50.1961],[-127.8227,50.1957]],[[-127.8454,50.473],[-127.8522,50.4765],[-127.8582,50.4763],[-127.8557,50.4751],[-127.8577,50.4736],[-127.8543,50.4727],[-127.8558,50.4702],[-127.8501,50.4703],[-127.8454,50.473]],[[-127.858,50.1756],[-127.8549,50.1751],[-127.8504,50.1778],[-127.8537,50.1792],[-127.858,50.1756]],[[-127.8668,50.4989],[-127.8668,50.4941],[-127.8616,50.4942],[-127.8565,50.4972],[-127.8604,50.4994],[-127.8668,50.4989]],[[-127.8589,50.1853],[-127.8622,50.1867],[-127.865,50.1842],[-127.865,50.1822],[-127.8628,50.1817],[-127.8589,50.1853]],[[-127.884,50.3337],[-127.8813,50.3298],[-127.878,50.3324],[-127.8811,50.3348],[-127.884,50.3337]],[[-127.891,50.4585],[-127.8943,50.4611],[-127.8988,50.4609],[-127.891,50.4585]],[[-127.8962,50.4775],[-127.898,50.4753],[-127.8964,50.4754],[-127.8923,50.4779],[-127.8962,50.4775]],[[-127.9058,50.1426],[-127.9033,50.142],[-127.9006,50.1435],[-127.9058,50.1426]],[[-127.9148,50.3169],[-127.9174,50.3193],[-127.9199,50.3161],[-127.9148,50.3169]],[[-127.9433,50.1102],[-127.9387,50.1082],[-127.9377,50.1114],[-127.9426,50.1147],[-127.9433,50.1102]],[[-127.9599,50.396],[-127.9591,50.3977],[-127.9619,50.3974],[-127.9599,50.396]],[[-127.9677,50.3981],[-127.9676,50.3954],[-127.9691,50.3947],[-127.9682,50.3932],[-127.9614,50.3931],[-127.9677,50.3981]],[[-127.9649,50.4422],[-127.9649,50.4377],[-127.9627,50.437],[-127.9633,50.4422],[-127.9649,50.4422]],[[-127.9723,50.4497],[-127.9733,50.4472],[-127.9685,50.4456],[-127.968,50.4482],[-127.9723,50.4497]],[[-127.9936,50.3364],[-127.9926,50.3351],[-127.9863,50.3379],[-127.9906,50.3391],[-127.9936,50.3364]],[[-127.9925,50.3582],[-127.9927,50.3569],[-127.9907,50.3565],[-127.9871,50.3582],[-127.989,50.3595],[-127.9925,50.3582]]],[[[-127.5,50],[-127.5,50.5],[-127,50.5],[-127,50],[-127.5,50]],[[-127,50],[-127,50.5],[-127.5,50.5],[-127.5,50.441],[-127.4919,50.4327],[-127.4896,50.4253],[-127.4849,50.4229],[-127.4825,50.4196],[-127.4827,50.4168],[-127.4864,50.4116],[-127.4863,50.4083],[-127.481,50.4046],[-127.4752,50.3975],[-127.4579,50.3875],[-127.4558,50.3828],[-127.4435,50.3794],[-127.4409,50.3661],[-127.4383,50.3649],[-127.4411,50.3605],[-127.4412,50.3573],[-127.4347,50.3467],[-127.435,50.3417],[-127.4394,50.3418],[-127.4477,50.3498],[-127.4498,50.3598],[-127.4478,50.3675],[-127.4513,50.3718],[-127.4608,50.376],[-127.465,50.3755],[-127.4652,50.3824],[-127.472,50.3848],[-127.475,50.3887],[-127.4778,50.3881],[-127.4763,50.3841],[-127.482,50.3834],[-127.498,50.3958],[-127.5,50.4038],[-127.5,50.1617],[-127.4947,50.1622],[-127.4929,50.1635],[-127.4943,50.1655],[-127.4853,50.1707],[-127.4816,50.1689],[-127.4783,50.1695],[-127.4771,50.1712],[-127.4783,50.1751],[-127.4767,50.1768],[-127.4779,50.1789],[-127.4765,50.1807],[-127.4731,50.1811],[-127.4666,50.1778],[-127.4611,50.1788],[-127.4579,50.1836],[-127.4524,50.1869],[-127.4485,50.1853],[-127.4403,50.1866],[-127.4381,50.183],[-127.4425,50.183],[-127.4526,50.1785],[-127.4531,50.1703],[-127.4571,50.1654],[-127.4655,50.1613],[-127.4732,50.1547],[-127.4855,50.152],[-127.488,50.15],[-127.487,50.1473],[-127.4892,50.1454],[-127.5,50.1434],[-127.5,50.1145],[-127.4971,50.1142],[-127.4894,50.118],[-127.4836,50.1233],[-127.4771,50.125],[-127.4664,50.1312],[-127.4542,50.133],[-127.4488,50.1323],[-127.4436,50.1344],[-127.4364,50.1335],[-127.4301,50.1348],[-127.4212,50.1328],[-127.4211,50.1307],[-127.429,50.1293],[-127.4338,50.1252],[-127.4555,50.1244],[-127.47,50.1201],[-127.4805,50.112],[-127.4789,50.1083],[-127.4841,50.1063],[-127.4812,50.1023],[-127.4842,50.1017],[-127.4848,50.0998],[-127.4815,50.0957],[-127.4849,50.0951],[-127.4844,50.0916],[-127.4767,50.0902],[-127.4766,50.0865],[-127.4727,50.0827],[-127.4669,50.0802],[-127.4441,50.0639],[-127.4448,50.0579],[-127.4419,50.0554],[-127.4418,50.0499],[-127.4391,50.0481],[-127.4411,50.0468],[-127.436,50.0458],[-127.4368,50.044],[-127.4296,50.0406],[-127.4307,50.0362],[-127.4242,50.0348],[-127.4189,50.0362],[-127.4177,50.0383],[-127.4085,50.0393],[-127.4041,50.0376],[-127.3917,50.0262],[-127.3902,50.0264],[-127.3912,50.0283],[-127.3898,50.0292],[-127.3733,50.0304],[-127.3711,50.0296],[-127.3718,50.0284],[-127.3656,50.027],[-127.3658,50.0247],[-127.363,50.0241],[-127.3606,50.0264],[-127.3623,50.0286],[-127.358,50.0311],[-127.3605,50.0341],[-127.3577,50.0429],[-127.3521,50.0454],[-127.3488,50.0443],[-127.3489,50.0403],[-127.355,50.034],[-127.3527,50.0296],[-127.3588,50.0287],[-127.3592,50.0264],[-127.3571,50.0243],[-127.3592,50.0227],[-127.3441,50.0198],[-127.3425,50.0216],[-127.3377,50.021],[-127.3426,50.0241],[-127.3276,50.0311],[-127.326,50.0368],[-127.3235,50.0367],[-127.3232,50.0323],[-127.3178,50.0343],[-127.3215,50.0384],[-127.3157,50.0436],[-127.3138,50.0433],[-127.3154,50.0415],[-127.3144,50.0402],[-127.3103,50.0417],[-127.3051,50.039],[-127.2967,50.0392],[-127.2798,50.0464],[-127.2824,50.0486],[-127.2972,50.0447],[-127.2994,50.0468],[-127.2873,50.0499],[-127.2854,50.0535],[-127.2701,50.0538],[-127.2676,50.0584],[-127.2716,50.0604],[-127.2746,50.0642],[-127.2851,50.0668],[-127.2871,50.0715],[-127.2857,50.0759],[-127.2775,50.0766],[-127.2698,50.0825],[-127.2707,50.0862],[-127.2774,50.089],[-127.2797,50.0938],[-127.2834,50.0959],[-127.2768,50.102],[-127.2715,50.1016],[-127.263,50.104],[-127.2698,50.1105],[-127.2652,50.1137],[-127.2658,50.1186],[-127.2741,50.1237],[-127.2715,50.1245],[-127.2726,50.1255],[-127.2807,50.1286],[-127.2853,50.1272],[-127.289,50.1291],[-127.289,50.131],[-127.2865,50.1328],[-127.292,50.1357],[-127.2995,50.136],[-127.302,50.133],[-127.2977,50.1302],[-127.2913,50.121],[-127.2814,50.1186],[-127.2752,50.1148],[-127.2758,50.1128],[-127.2808,50.1165],[-127.2955,50.1196],[-127.3058,50.1268],[-127.3075,50.1367],[-127.3095,50.1387],[-127.3069,50.1409],[-127.2974,50.1426],[-127.3051,50.147],[-127.3058,50.1498],[-127.3041,50.1526],[-127.3101,50.156],[-127.3087,50.1619],[-127.3095,50.167],[-127.3066,50.1695],[-127.3116,50.1738],[-127.3086,50.1907],[-127.3005,50.186],[-127.3033,50.1759],[-127.3005,50.1682],[-127.3029,50.1636],[-127.3064,50.1609],[-127.3034,50.1569],[-127.2916,50.1535],[-127.2891,50.1498],[-127.2758,50.1439],[-127.274,50.1415],[-127.2663,50.1416],[-127.2652,50.1383],[-127.2663,50.136],[-127.2505,50.1311],[-127.2516,50.1265],[-127.2498,50.1251],[-127.2312,50.1189],[-127.2311,50.1159],[-127.2268,50.1132],[-127.2324,50.1122],[-127.2331,50.1109],[-127.2284,50.1071],[-127.2281,50.1094],[-127.2296,50.1102],[-127.2268,50.1109],[-127.2192,50.1053],[-127.2325,50.1063],[-127.2338,50.1046],[-127.2284,50.1047],[-127.2291,50.0998],[-127.2189,50.0949],[-127.2097,50.0927],[-127.2006,50.0922],[-127.1906,50.0934],[-127.1851,50.0957],[-127.17,50.096],[-127.1694,50.0977],[-127.174,50.1],[-127.1639,50.1022],[-127.1398,50.1],[-127.1393,50.1011],[-127.1413,50.1023],[-127.1529,50.105],[-127.15,50.1059],[-127.136,50.1043],[-127.128,50.1063],[-127.1156,50.1124],[-127.1017,50.1222],[-127.0992,50.1279],[-127.1024,50.1322],[-127.1029,50.1359],[-127.1084,50.139],[-127.1107,50.1423],[-127.1088,50.1434],[-127.104,50.1422],[-127.1021,50.1445],[-127.0958,50.1468],[-127.0908,50.1418],[-127.0902,50.1335],[-127.0868,50.1307],[-127.0868,50.1229],[-127.0924,50.119],[-127.0915,50.1123],[-127.0877,50.1099],[-127.091,50.1071],[-127.0917,50.1042],[-127.1205,50.0987],[-127.1232,50.0943],[-127.1317,50.0943],[-127.1333,50.0932],[-127.1322,50.0918],[-127.1336,50.0902],[-127.1376,50.0894],[-127.1421,50.0853],[-127.1559,50.0787],[-127.1512,50.0768],[-127.1508,50.0757],[-127.153,50.0749],[-127.1482,50.0724],[-127.1489,50.071],[-127.1432,50.0683],[-127.1337,50.0691],[-127.1102,50.0658],[-127.1083,50.0652],[-127.1084,50.0624],[-127.1202,50.0615],[-127.1285,50.0635],[-127.1514,50.0633],[-127.1745,50.0599],[-127.1739,50.0615],[-127.1512,50.0687],[-127.1538,50.0718],[-127.1634,50.0756],[-127.1707,50.0737],[-127.1756,50.0747],[-127.1776,50.0696],[-127.1821,50.0683],[-127.1849,50.0648],[-127.1827,50.0618],[-127.1779,50.0603],[-127.1758,50.0574],[-127.1739,50.0542],[-127.1755,50.0484],[-127.1718,50.0459],[-127.171,50.0421],[-127.1745,50.0369],[-127.1744,50.0342],[-127.179,50.0352],[-127.1825,50.0341],[-127.1876,50.0266],[-127.1963,50.023],[-127.1835,50.016],[-127.1767,50.0171],[-127.1746,50.0191],[-127.1742,50.0229],[-127.1621,50.0238],[-127.1458,50.0276],[-127.1228,50.0257],[-127.102,50.0275],[-127.0858,50.0315],[-127.0813,50.0285],[-127.081,50.0258],[-127.0971,50.0248],[-127.1034,50.0228],[-127.1059,50.0196],[-127.1153,50.0179],[-127.1259,50.0212],[-127.1393,50.0216],[-127.1437,50.0237],[-127.1501,50.0224],[-127.152,50.0197],[-127.1589,50.0164],[-127.153,50.0112],[-127.1549,50.0079],[-127.1517,50.0053],[-127.1533,50],[-127.1676,50],[-127.1717,50.0024],[-127.1861,50.0017],[-127.1877,50],[-127,50]],[[-127.1564,50.0751],[-127.1576,50.0774],[-127.1625,50.0779],[-127.1564,50.0751]],[[-127.2,50.0081],[-127.1841,50.0096],[-127.1878,50.0119],[-127.1941,50.0129],[-127.1992,50.017],[-127.211,50.0172],[-127.2134,50.0161],[-127.2147,50.0132],[-127.2116,50.0084],[-127.205,50.0057],[-127.2,50.0081]],[[-127.2139,50.033],[-127.2146,50.0363],[-127.2072,50.0361],[-127.2,50.0407],[-127.1887,50.0383],[-127.1853,50.0403],[-127.1925,50.0413],[-127.1886,50.0431],[-127.1984,50.0469],[-127.1991,50.0507],[-127.1895,50.0504],[-127.189,50.0518],[-127.1947,50.0587],[-127.2043,50.0605],[-127.212,50.0537],[-127.2219,50.0544],[-127.2254,50.0521],[-127.2333,50.051],[-127.2366,50.0452],[-127.2399,50.0432],[-127.2414,50.0383],[-127.2216,50.0326],[-127.2139,50.033]],[[-127.1866,50.0456],[-127.1866,50.0473],[-127.1906,50.0503],[-127.1939,50.0473],[-127.1914,50.0454],[-127.1866,50.0456]],[[-127.2294,50.0697],[-127.2209,50.0687],[-127.2173,50.0701],[-127.2087,50.0795],[-127.1918,50.079],[-127.1904,50.0803],[-127.1948,50.0834],[-127.2204,50.0884],[-127.2378,50.0869],[-127.2434,50.0797],[-127.2436,50.076],[-127.2379,50.0736],[-127.2365,50.0668],[-127.2328,50.0672],[-127.2294,50.0697]],[[-127.2126,50.0301],[-127.214,50.0318],[-127.218,50.031],[-127.2126,50.0301]],[[-127.2512,50],[-127.2433,50.0051],[-127.2385,50.0033],[-127.2345,50.0062],[-127.2343,50.0046],[-127.2372,50.0025],[-127.2311,50.0033],[-127.2281,50.0011],[-127.2267,50.0017],[-127.229,50.0069],[-127.2331,50.0104],[-127.233,50.015],[-127.2287,50.0173],[-127.2298,50.0195],[-127.2389,50.0253],[-127.2534,50.0312],[-127.2604,50.0366],[-127.2735,50.0405],[-127.2799,50.0375],[-127.2879,50.0395],[-127.2969,50.0379],[-127.3008,50.0337],[-127.3085,50.0322],[-127.3144,50.0291],[-127.3152,50.0268],[-127.313,50.0247],[-127.3167,50.0197],[-127.3141,50.0149],[-127.3166,50.0119],[-127.3149,50.0092],[-127.3213,50.0089],[-127.327,50.0121],[-127.3302,50.0115],[-127.3237,50.0074],[-127.3234,50.0052],[-127.3186,50.0016],[-127.3229,50],[-127.2512,50]],[[-127.2663,50.0428],[-127.2686,50.0407],[-127.2627,50.0421],[-127.2663,50.0428]],[[-127.2729,50.14],[-127.2689,50.1372],[-127.2672,50.1381],[-127.2678,50.1397],[-127.2729,50.14]],[[-127.3169,50.0178],[-127.3175,50.0194],[-127.3188,50.018],[-127.3169,50.0178]],[[-127.3173,50.0169],[-127.3192,50.017],[-127.321,50.0216],[-127.3227,50.0215],[-127.3243,50.0185],[-127.3175,50.0137],[-127.3173,50.0169]],[[-127.3464,50.0115],[-127.3468,50.0104],[-127.3442,50.0089],[-127.3386,50.0081],[-127.3423,50.0101],[-127.3393,50.0121],[-127.3464,50.0115]],[[-127.3501,50.0121],[-127.3471,50.0148],[-127.35,50.0161],[-127.3488,50.0176],[-127.3593,50.0196],[-127.3588,50.0165],[-127.3501,50.0121]],[[-127.3702,50.0269],[-127.3806,50.0282],[-127.382,50.027],[-127.3805,50.0241],[-127.3759,50.023],[-127.3691,50.0237],[-127.3702,50.0269]],[[-127.3835,50.0124],[-127.3842,50.0109],[-127.3776,50.0094],[-127.3751,50.0102],[-127.3772,50.0129],[-127.3835,50.0124]],[[-127.3957,50.0077],[-127.3879,50.0034],[-127.3781,50.005],[-127.3767,50.0067],[-127.3773,50.0081],[-127.3825,50.0092],[-127.3957,50.0077]],[[-127.3942,50.018],[-127.3931,50.0162],[-127.3886,50.0162],[-127.3892,50.0175],[-127.3942,50.018]],[[-127.3954,50.0089],[-127.3958,50.0142],[-127.4008,50.0154],[-127.4077,50.0141],[-127.4102,50.0099],[-127.4046,50.0068],[-127.399,50.0066],[-127.3954,50.0089]],[[-127.4115,50],[-127.4089,50.0033],[-127.4036,50.0033],[-127.4097,50.0058],[-127.4166,50.0045],[-127.4174,50.006],[-127.4156,50.0109],[-127.4205,50.0117],[-127.4291,50.0049],[-127.4233,50],[-127.4115,50]],[[-127.4045,50],[-127.4071,50.002],[-127.4081,50.0012],[-127.4045,50]],[[-127.4119,50.0239],[-127.4077,50.0282],[-127.4116,50.0323],[-127.4171,50.0349],[-127.4215,50.0349],[-127.4237,50.033],[-127.4213,50.0309],[-127.4271,50.0302],[-127.4232,50.0244],[-127.4119,50.0239]],[[-127.4348,50.0287],[-127.4298,50.0287],[-127.4293,50.0306],[-127.4314,50.0313],[-127.4348,50.0287]],[[-127.4377,50.0368],[-127.4346,50.0352],[-127.4317,50.036],[-127.4321,50.0382],[-127.434,50.0388],[-127.4377,50.0368]],[[-127.4473,50.0536],[-127.4455,50.0522],[-127.4435,50.0534],[-127.4473,50.0536]],[[-127.4465,50.0251],[-127.4499,50.0236],[-127.4465,50.0237],[-127.4465,50.0251]],[[-127.4514,50.0008],[-127.4622,50.0014],[-127.4643,50],[-127.4514,50.0008]],[[-127.4511,50.3728],[-127.4511,50.3761],[-127.4528,50.3778],[-127.4606,50.3806],[-127.4617,50.3792],[-127.4511,50.3728]],[[-127.4617,50.0592],[-127.4595,50.0576],[-127.4622,50.0564],[-127.4606,50.0553],[-127.4556,50.0569],[-127.4583,50.0597],[-127.4617,50.0592]],[[-127.4743,50.1794],[-127.4745,50.1769],[-127.4668,50.1748],[-127.4671,50.1762],[-127.4743,50.1794]],[[-127.4757,50.1708],[-127.4735,50.1698],[-127.4731,50.1718],[-127.4757,50.1708]],[[-127.4789,50.1669],[-127.4783,50.1647],[-127.4733,50.165],[-127.4744,50.1672],[-127.4789,50.1669]],[[-127.4838,50.1182],[-127.4812,50.1173],[-127.4802,50.1187],[-127.4838,50.1182]],[[-127.4819,50.1137],[-127.4813,50.1146],[-127.485,50.1164],[-127.4877,50.116],[-127.4819,50.1137]],[[-127.4826,50.0619],[-127.4867,50.0632],[-127.4847,50.061],[-127.4877,50.0596],[-127.483,50.0577],[-127.4816,50.0589],[-127.484,50.0604],[-127.4826,50.0619]],[[-127.4907,50.4165],[-127.4923,50.4183],[-127.4933,50.4162],[-127.4907,50.4165]],[[-127.4956,50.1082],[-127.5,50.1107],[-127.5,50.1081],[-127.4953,50.1061],[-127.4956,50.1082]],[[-127.5,50.0951],[-127.4968,50.0993],[-127.5,50.1035],[-127.5,50.0951]],[[-127.4987,50.1121],[-127.5,50.1139],[-127.5,50.112],[-127.4987,50.1121]]],[[[-127,50],[-127,50.5],[-126.5,50.5],[-126.5,50],[-127,50]],[[-127,50.5],[-127,50],[-126.5,50],[-126.5,50.4839],[-126.5044,50.4854],[-126.5176,50.4846],[-126.5356,50.4886],[-126.5452,50.4869],[-126.5676,50.4888],[-126.575,50.4832],[-126.5929,50.4822],[-126.5973,50.4853],[-126.6049,50.4838],[-126.6082,50.4852],[-126.6152,50.4922],[-126.616,50.4962],[-126.6235,50.4954],[-126.6429,50.5],[-127,50.5]]],[[[-126.5,50],[-126.5,50.5],[-126.2301,50.5],[-126.2148,50.4985],[-126.2077,50.5],[-126.1877,50.4955],[-126.1768,50.491],[-126.1682,50.4913],[-126.155,50.4849],[-126.139,50.4849],[-126.1311,50.483],[-126.1052,50.4895],[-126.0997,50.4879],[-126.0979,50.4853],[-126.0942,50.485],[-126.0921,50.4872],[-126.0943,50.4952],[-126.0921,50.5],[-126.0835,50.5],[-126.0876,50.4959],[-126.0838,50.4843],[-126.0707,50.4817],[-126.065,50.4781],[-126.0511,50.4746],[-126.0357,50.4741],[-126.0302,50.4761],[-126.0286,50.4802],[-126.0252,50.4816],[-126.0234,50.4811],[-126.0223,50.4778],[-126.0185,50.4771],[-126.0154,50.4795],[-126.014,50.4847],[-126.0064,50.4908],[-126,50.4929],[-126,50.4778],[-126.0018,50.4745],[-126,50.4741],[-126,50],[-126.5,50]],[[-126.5,50],[-126,50],[-126,50.418],[-126.0207,50.4281],[-126.0416,50.4317],[-126.0466,50.4355],[-126.0709,50.4429],[-126.0847,50.4492],[-126.1184,50.4543],[-126.1248,50.4575],[-126.1466,50.4589],[-126.1605,50.4551],[-126.17,50.4569],[-126.1711,50.4605],[-126.1775,50.4634],[-126.1945,50.4634],[-126.1944,50.461],[-126.1961,50.4607],[-126.2208,50.4688],[-126.2274,50.4675],[-126.2396,50.4714],[-126.2543,50.4729],[-126.2616,50.4707],[-126.2712,50.4708],[-126.2746,50.4665],[-126.2765,50.4681],[-126.2866,50.4702],[-126.2869,50.4673],[-126.2908,50.4719],[-126.3159,50.4799],[-126.3395,50.4795],[-126.3592,50.4829],[-126.3768,50.4819],[-126.3988,50.4835],[-126.4175,50.4778],[-126.4247,50.4793],[-126.4285,50.4769],[-126.4356,50.4768],[-126.4402,50.479],[-126.4561,50.48],[-126.4636,50.483],[-126.4711,50.4797],[-126.5,50.4839],[-126.5,50]],[[-126.0303,50.4719],[-126.029,50.4733],[-126.0323,50.4729],[-126.0303,50.4719]],[[-126.1013,50.4821],[-126.0963,50.4805],[-126.0953,50.4816],[-126.098,50.4832],[-126.1013,50.4821]]],[[[-126,50],[-126,50.5],[-126,50.4929],[-125.9857,50.4935],[-125.9802,50.4922],[-125.9801,50.4901],[-125.9926,50.4842],[-125.9907,50.4809],[-125.9994,50.479],[-126,50.4741],[-125.9978,50.4736],[-125.9955,50.4761],[-125.9872,50.4729],[-125.9845,50.4694],[-125.9793,50.4693],[-125.9776,50.4715],[-125.9618,50.4677],[-125.9543,50.4715],[-125.9463,50.4699],[-125.9276,50.4715],[-125.9218,50.4735],[-125.913,50.4734],[-125.9112,50.4768],[-125.903,50.4799],[-125.8864,50.4901],[-125.8756,50.4909],[-125.8719,50.4932],[-125.8594,50.4958],[-125.8504,50.4947],[-125.8465,50.4959],[-125.8426,50.5],[-125.8161,50.5],[-125.8195,50.4927],[-125.8153,50.488],[-125.8098,50.4869],[-125.7886,50.4916],[-125.7767,50.4902],[-125.7685,50.4934],[-125.7678,50.4923],[-125.7744,50.4887],[-125.7724,50.487],[-125.7672,50.4866],[-125.7632,50.4834],[-125.7635,50.4817],[-125.7785,50.4815],[-125.7826,50.479],[-125.7701,50.4728],[-125.7623,50.4768],[-125.7555,50.4776],[-125.7563,50.4819],[-125.7544,50.4829],[-125.7162,50.4899],[-125.7036,50.4905],[-125.6987,50.4873],[-125.7003,50.4853],[-125.7077,50.4851],[-125.7123,50.4819],[-125.7346,50.481],[-125.7527,50.4775],[-125.7668,50.4719],[-125.7693,50.4667],[-125.7555,50.4577],[-125.7539,50.4526],[-125.741,50.4448],[-125.7364,50.4403],[-125.7219,50.4332],[-125.719,50.43],[-125.718,50.4255],[-125.7094,50.4224],[-125.7038,50.4219],[-125.6958,50.4244],[-125.6849,50.4244],[-125.6692,50.4279],[-125.6573,50.4284],[-125.6508,50.4336],[-125.6352,50.4375],[-125.6167,50.4506],[-125.6121,50.4609],[-125.6053,50.4665],[-125.6051,50.4692],[-125.5889,50.4913],[-125.5878,50.4948],[-125.5821,50.5],[-125.6175,50.5],[-125.6334,50.4942],[-125.635,50.4957],[-125.6317,50.4986],[-125.6255,50.5],[-125.5514,50.5],[-125.5658,50.4919],[-125.5697,50.4839],[-125.5766,50.48],[-125.5754,50.4756],[-125.5789,50.4716],[-125.5785,50.4687],[-125.589,50.461],[-125.5937,50.4553],[-125.5942,50.4502],[-125.5929,50.4492],[-125.5821,50.4462],[-125.5532,50.4498],[-125.5418,50.4482],[-125.5214,50.4532],[-125.5078,50.4495],[-125.5,50.4499],[-125.5051,50.4456],[-125.5026,50.4423],[-125.5,50.4432],[-125.5,50],[-126,50]],[[-126,50],[-125.5,50],[-125.5,50.341],[-125.5145,50.3412],[-125.5193,50.3371],[-125.5258,50.3436],[-125.5404,50.3518],[-125.5592,50.3565],[-125.5651,50.3595],[-125.5679,50.3633],[-125.5816,50.3682],[-125.6133,50.3672],[-125.6344,50.3631],[-125.64,50.3645],[-125.6486,50.3611],[-125.6624,50.362],[-125.6715,50.3649],[-125.6858,50.3644],[-125.6917,50.3597],[-125.6989,50.3602],[-125.7102,50.3569],[-125.7211,50.3563],[-125.7405,50.3614],[-125.7499,50.3608],[-125.757,50.3632],[-125.7654,50.3614],[-125.7679,50.3627],[-125.772,50.3622],[-125.7931,50.3695],[-125.7951,50.3712],[-125.7944,50.3721],[-125.8004,50.3761],[-125.8114,50.3785],[-125.8211,50.3837],[-125.8274,50.3845],[-125.8425,50.3837],[-125.8473,50.3805],[-125.8621,50.3806],[-125.884,50.3837],[-125.8972,50.3875],[-125.9148,50.3892],[-125.9235,50.3871],[-125.9442,50.3905],[-125.9466,50.3886],[-125.9432,50.3856],[-125.9429,50.3834],[-125.9459,50.3817],[-125.9468,50.3857],[-125.9562,50.3863],[-125.9593,50.3925],[-125.957,50.3959],[-125.9716,50.4059],[-125.9783,50.4071],[-125.9862,50.4128],[-126,50.418],[-126,50]],[[-125.5,50.3964],[-125.5242,50.3872],[-125.5449,50.3874],[-125.5461,50.3861],[-125.5458,50.3799],[-125.5509,50.378],[-125.551,50.3766],[-125.5486,50.375],[-125.5357,50.3742],[-125.5316,50.3716],[-125.5269,50.3741],[-125.5104,50.3705],[-125.5,50.3625],[-125.5,50.3964]],[[-125.6573,50.4131],[-125.6722,50.4105],[-125.6806,50.4115],[-125.6867,50.409],[-125.702,50.408],[-125.712,50.4085],[-125.7145,50.4125],[-125.725,50.4139],[-125.7308,50.4091],[-125.7549,50.4098],[-125.7563,50.409],[-125.756,50.4068],[-125.7591,50.4046],[-125.7733,50.4037],[-125.785,50.4008],[-125.788,50.3985],[-125.7842,50.3975],[-125.7779,50.3913],[-125.7714,50.39],[-125.7846,50.3871],[-125.7829,50.3849],[-125.7743,50.381],[-125.7613,50.3781],[-125.7553,50.3797],[-125.7426,50.3767],[-125.717,50.3788],[-125.7033,50.3784],[-125.6871,50.3844],[-125.6685,50.3821],[-125.6441,50.3839],[-125.6338,50.3808],[-125.6264,50.3809],[-125.6205,50.3831],[-125.6186,50.3855],[-125.6218,50.3889],[-125.6213,50.3922],[-125.6158,50.3952],[-125.6054,50.3934],[-125.6013,50.3914],[-125.5999,50.3868],[-125.5947,50.3851],[-125.5721,50.3912],[-125.5675,50.391],[-125.5653,50.3938],[-125.5508,50.3999],[-125.5439,50.3982],[-125.5373,50.3998],[-125.5336,50.3985],[-125.5274,50.4003],[-125.5163,50.3999],[-125.5054,50.4037],[-125.5,50.4071],[-125.5023,50.4148],[-125.5005,50.4173],[-125.5051,50.4265],[-125.5039,50.4349],[-125.5237,50.4464],[-125.5399,50.4434],[-125.5543,50.4437],[-125.5618,50.4417],[-125.5732,50.4416],[-125.6048,50.4356],[-125.6117,50.4286],[-125.6337,50.4264],[-125.6384,50.4245],[-125.6421,50.4202],[-125.6492,50.4186],[-125.6573,50.4131]],[[-125.5235,50.3671],[-125.5297,50.3644],[-125.5227,50.3608],[-125.5247,50.3581],[-125.5155,50.3583],[-125.518,50.3613],[-125.5121,50.363],[-125.5163,50.3669],[-125.5235,50.3671]],[[-125.5411,50.3667],[-125.54,50.3653],[-125.5376,50.3659],[-125.5389,50.3672],[-125.5411,50.3667]],[[-125.726,50.4276],[-125.7281,50.4287],[-125.7303,50.4275],[-125.726,50.4276]],[[-125.8604,50.4677],[-125.8634,50.4656],[-125.8714,50.4658],[-125.8736,50.4633],[-125.8779,50.4622],[-125.8952,50.4621],[-125.9077,50.459],[-125.9147,50.4547],[-125.9117,50.4519],[-125.9159,50.4477],[-125.9315,50.4472],[-125.9363,50.4421],[-125.9596,50.444],[-125.9726,50.4397],[-125.9739,50.4379],[-125.9702,50.4349],[-125.9658,50.4358],[-125.9585,50.4285],[-125.9462,50.4233],[-125.9404,50.4182],[-125.9305,50.4174],[-125.9273,50.414],[-125.9215,50.4151],[-125.9056,50.4139],[-125.8903,50.4189],[-125.8692,50.4193],[-125.8659,50.4186],[-125.8636,50.4158],[-125.8564,50.4139],[-125.8439,50.4137],[-125.8263,50.4088],[-125.7906,50.4091],[-125.7753,50.4124],[-125.7588,50.4217],[-125.7466,50.4201],[-125.7343,50.425],[-125.7336,50.4295],[-125.735,50.4318],[-125.7426,50.4357],[-125.7444,50.4383],[-125.7599,50.4448],[-125.7674,50.4502],[-125.768,50.4525],[-125.7616,50.4547],[-125.7648,50.4566],[-125.7641,50.4586],[-125.7876,50.4665],[-125.7962,50.4718],[-125.7932,50.4742],[-125.7964,50.4763],[-125.8021,50.4757],[-125.8034,50.473],[-125.8073,50.4717],[-125.8171,50.4734],[-125.8407,50.4721],[-125.8437,50.4702],[-125.8604,50.4677]],[[-125.8505,50.4829],[-125.8422,50.4814],[-125.8397,50.4823],[-125.8448,50.4838],[-125.8505,50.4829]],[[-125.8679,50.3978],[-125.8677,50.4003],[-125.8768,50.4031],[-125.8737,50.405],[-125.8782,50.4065],[-125.8925,50.4034],[-125.8741,50.3965],[-125.8714,50.3934],[-125.8573,50.3949],[-125.8577,50.3974],[-125.8594,50.3982],[-125.8679,50.3978]],[[-125.8594,50.4004],[-125.8617,50.4018],[-125.8633,50.4008],[-125.8594,50.4004]],[[-125.9716,50.4458],[-125.9726,50.4477],[-125.9786,50.4492],[-125.9815,50.448],[-125.9829,50.4446],[-125.9793,50.4432],[-125.9716,50.4458]],[[-125.9907,50.4517],[-125.9911,50.4496],[-125.9878,50.4492],[-125.9879,50.4511],[-125.9907,50.4517]]],[[[-125.5,50],[-125.5,50.5],[-125.5,50.4432],[-125.4981,50.4458],[-125.4776,50.4409],[-125.4746,50.4422],[-125.477,50.4439],[-125.4729,50.4455],[-125.4709,50.4439],[-125.4372,50.4483],[-125.4253,50.457],[-125.4163,50.4586],[-125.4089,50.4618],[-125.4041,50.4659],[-125.3969,50.4681],[-125.3953,50.4731],[-125.3917,50.4748],[-125.3796,50.4869],[-125.3763,50.5],[-125.3551,50.5],[-125.3584,50.497],[-125.3543,50.4927],[-125.3526,50.4851],[-125.3466,50.4772],[-125.3383,50.4713],[-125.3164,50.4619],[-125.311,50.4579],[-125.3099,50.4553],[-125.2986,50.4557],[-125.298,50.4638],[-125.293,50.4713],[-125.2866,50.4754],[-125.2864,50.4781],[-125.2794,50.4856],[-125.2722,50.4905],[-125.2647,50.4918],[-125.2631,50.5],[-125.2481,50.5],[-125.2487,50.4955],[-125.2454,50.4894],[-125.2462,50.4868],[-125.2541,50.4837],[-125.2542,50.4802],[-125.2578,50.4745],[-125.2576,50.4692],[-125.2627,50.4667],[-125.2644,50.4632],[-125.269,50.4606],[-125.2692,50.4584],[-125.2675,50.4571],[-125.2551,50.457],[-125.2502,50.4528],[-125.235,50.4482],[-125.2277,50.4442],[-125.2254,50.441],[-125.2263,50.4352],[-125.2231,50.4309],[-125.2238,50.4268],[-125.2281,50.4248],[-125.2203,50.4224],[-125.2073,50.4218],[-125.2033,50.4186],[-125.196,50.4178],[-125.1939,50.413],[-125.1865,50.4092],[-125.1958,50.4078],[-125.1948,50.4051],[-125.1974,50.403],[-125.1936,50.4016],[-125.1875,50.4033],[-125.1808,50.4028],[-125.1806,50.4053],[-125.1837,50.4067],[-125.183,50.4076],[-125.175,50.4069],[-125.1683,50.4088],[-125.1576,50.4212],[-125.1435,50.4201],[-125.136,50.4225],[-125.1303,50.4263],[-125.1154,50.4293],[-125.1004,50.4413],[-125.098,50.4451],[-125.0988,50.4492],[-125.1023,50.4542],[-125.11,50.4606],[-125.1059,50.4706],[-125.107,50.4767],[-125.1122,50.4829],[-125.1063,50.4884],[-125.1081,50.5],[-125,50.5],[-125,50.4952],[-125.0082,50.4936],[-125.014,50.4889],[-125.0235,50.4844],[-125.035,50.4843],[-125.0507,50.4801],[-125.0532,50.4762],[-125.046,50.4688],[-125.0501,50.464],[-125.0502,50.4612],[-125.0444,50.4563],[-125.0427,50.4523],[-125.0555,50.4437],[-125.0566,50.4402],[-125.0546,50.4345],[-125.0579,50.4259],[-125.0576,50.4187],[-125.0641,50.4147],[-125.0649,50.4108],[-125.0627,50.4052],[-125.0574,50.4],[-125.058,50.397],[-125.0522,50.3877],[-125.0543,50.3818],[-125.0583,50.3779],[-125.0529,50.3723],[-125.0656,50.361],[-125.0863,50.3567],[-125.0889,50.3548],[-125.0928,50.3479],[-125.0913,50.3454],[-125.0813,50.3406],[-125.077,50.335],[-125.0766,50.3325],[-125.0802,50.3252],[-125.0713,50.3222],[-125.0685,50.3182],[-125.0545,50.3153],[-125.0483,50.3189],[-125.0401,50.3211],[-125.0359,50.3254],[-125.0323,50.3321],[-125.0374,50.3366],[-125.0377,50.3411],[-125.0422,50.3456],[-125.0433,50.3499],[-125.0345,50.3493],[-125.0141,50.3428],[-125.0041,50.3424],[-125,50.3437],[-125,50.4305],[-125.0081,50.4354],[-125.013,50.4406],[-125.0112,50.4451],[-125,50.4455],[-125,50],[-125.5,50]],[[-125.5,50],[-125.2307,50],[-125.2301,50.0027],[-125.2324,50.0071],[-125.2322,50.0132],[-125.2355,50.0187],[-125.2348,50.0205],[-125.2405,50.0253],[-125.2405,50.0279],[-125.2435,50.0291],[-125.2441,50.0302],[-125.2427,50.0309],[-125.2477,50.0427],[-125.257,50.0499],[-125.2565,50.0468],[-125.253,50.0434],[-125.257,50.0397],[-125.26,50.0402],[-125.2586,50.0421],[-125.2636,50.0517],[-125.2627,50.0559],[-125.2714,50.0693],[-125.2788,50.0747],[-125.2842,50.0766],[-125.2881,50.0758],[-125.2915,50.0734],[-125.2916,50.0707],[-125.2961,50.0747],[-125.2997,50.0755],[-125.3069,50.0861],[-125.3058,50.0891],[-125.3156,50.0916],[-125.3222,50.0994],[-125.3261,50.1075],[-125.3246,50.1129],[-125.3269,50.1141],[-125.3376,50.1131],[-125.3483,50.1157],[-125.3649,50.1157],[-125.3721,50.1128],[-125.3757,50.1174],[-125.3811,50.1178],[-125.3816,50.1206],[-125.3846,50.1215],[-125.3857,50.1255],[-125.3816,50.1275],[-125.3819,50.1286],[-125.3894,50.1287],[-125.3941,50.136],[-125.3884,50.1379],[-125.3789,50.1356],[-125.3688,50.1271],[-125.3657,50.1274],[-125.3672,50.1296],[-125.3659,50.1304],[-125.3612,50.1282],[-125.3579,50.129],[-125.3637,50.1483],[-125.3634,50.1544],[-125.372,50.1629],[-125.3691,50.166],[-125.3709,50.1707],[-125.3793,50.1762],[-125.3807,50.1786],[-125.3828,50.1875],[-125.38,50.1939],[-125.3844,50.1988],[-125.3831,50.2054],[-125.3911,50.2192],[-125.3957,50.2222],[-125.3941,50.2278],[-125.402,50.2388],[-125.3974,50.245],[-125.3988,50.253],[-125.4043,50.2584],[-125.4118,50.27],[-125.4362,50.2782],[-125.4392,50.2807],[-125.4333,50.2864],[-125.4374,50.2917],[-125.4405,50.3],[-125.4366,50.3018],[-125.4353,50.3042],[-125.4404,50.3071],[-125.4391,50.3103],[-125.4403,50.3155],[-125.4462,50.3166],[-125.4427,50.318],[-125.4444,50.3194],[-125.4421,50.3206],[-125.4531,50.3241],[-125.4392,50.3305],[-125.4476,50.3337],[-125.4611,50.3292],[-125.4653,50.3308],[-125.4735,50.3281],[-125.4812,50.3291],[-125.4859,50.3326],[-125.486,50.3352],[-125.5,50.341],[-125.5,50]],[[-125,50.2382],[-125.003,50.2373],[-125.0074,50.2314],[-125.0073,50.2272],[-125.0043,50.224],[-125.0041,50.2179],[-125,50.2174],[-125,50.1635],[-125.0023,50.1618],[-125,50.1594],[-125,50.1559],[-125.0013,50.1573],[-125.0028,50.1552],[-125.0052,50.1551],[-125.0056,50.1567],[-125.0031,50.1586],[-125.0091,50.1605],[-125.0147,50.1581],[-125.0147,50.156],[-125.0093,50.1496],[-125.0059,50.1484],[-125.0025,50.1438],[-125,50.1428],[-125,50.1366],[-125.0041,50.1355],[-125.0076,50.1409],[-125.0232,50.1461],[-125.0282,50.1455],[-125.03,50.1444],[-125.0319,50.1388],[-125.0415,50.1337],[-125.0425,50.1286],[-125.0457,50.129],[-125.0427,50.138],[-125.0475,50.1379],[-125.0486,50.1312],[-125.0543,50.1302],[-125.0572,50.1274],[-125.0581,50.1232],[-125.0567,50.1219],[-125.0582,50.1198],[-125.0634,50.1197],[-125.0713,50.1147],[-125.0699,50.1128],[-125.0652,50.1113],[-125.0621,50.1073],[-125.0504,50.1101],[-125.0493,50.108],[-125.0539,50.1053],[-125.0512,50.1028],[-125.0509,50.0995],[-125.0458,50.0984],[-125.0418,50.0955],[-125.0375,50.0954],[-125.0336,50.0889],[-125.0242,50.0874],[-125.021,50.0846],[-125.0163,50.0855],[-125.0158,50.0912],[-125.0242,50.0935],[-125.0288,50.0986],[-125.0342,50.1012],[-125.0116,50.0994],[-125,50.1022],[-125,50.0887],[-125.0129,50.0895],[-125.0144,50.0872],[-125.0125,50.0832],[-125.0087,50.0832],[-125.0041,50.0801],[-125.004,50.0763],[-125.0013,50.0768],[-125,50.079],[-125,50.2382]],[[-125.0343,50.293],[-125.0275,50.2885],[-125.0274,50.2837],[-125.0147,50.2815],[-125.0108,50.2777],[-125,50.2742],[-125,50.3264],[-125.0056,50.3246],[-125.0056,50.3185],[-125.0102,50.3115],[-125.0262,50.3032],[-125.0354,50.3019],[-125.0387,50.2995],[-125.0328,50.2989],[-125.0337,50.2968],[-125.0323,50.2948],[-125.0343,50.293]],[[-125.0031,50.0971],[-125.0085,50.0969],[-125.0104,50.095],[-125.0089,50.0935],[-125.0027,50.0942],[-125.0031,50.0971]],[[-125.0181,50.1892],[-125.0154,50.1857],[-125.0166,50.1815],[-125.0106,50.1789],[-125.0097,50.181],[-125.0146,50.1959],[-125.0168,50.1973],[-125.0184,50.1962],[-125.0167,50.1922],[-125.0181,50.1892]],[[-125.0106,50.1476],[-125.0101,50.1488],[-125.0118,50.1489],[-125.0121,50.1476],[-125.0106,50.1476]],[[-125.0195,50.1822],[-125.0202,50.1877],[-125.0225,50.1892],[-125.0243,50.1867],[-125.0239,50.1835],[-125.0229,50.1821],[-125.0195,50.1822]],[[-125.0259,50.1932],[-125.0228,50.1996],[-125.0251,50.2024],[-125.0303,50.1961],[-125.0277,50.1917],[-125.0259,50.1932]],[[-125.0271,50.254],[-125.0237,50.2573],[-125.0254,50.2613],[-125.0361,50.267],[-125.0408,50.2673],[-125.0423,50.264],[-125.0374,50.2577],[-125.0316,50.2539],[-125.0271,50.254]],[[-125.0454,50.051],[-125.0327,50.0577],[-125.0278,50.064],[-125.0278,50.0668],[-125.0339,50.0721],[-125.0383,50.0783],[-125.0387,50.0817],[-125.0436,50.0844],[-125.0442,50.0875],[-125.0457,50.088],[-125.0641,50.0814],[-125.0739,50.0735],[-125.0738,50.0649],[-125.0691,50.0574],[-125.0615,50.0559],[-125.0546,50.0496],[-125.0454,50.051]],[[-125.0318,50.1832],[-125.034,50.1836],[-125.0356,50.1799],[-125.0323,50.1793],[-125.0318,50.1832]],[[-125.1147,50.2242],[-125.1242,50.2236],[-125.1264,50.222],[-125.1243,50.2173],[-125.1262,50.2136],[-125.1299,50.211],[-125.1311,50.2038],[-125.1276,50.2008],[-125.1309,50.1979],[-125.1261,50.1998],[-125.1244,50.1985],[-125.1241,50.1874],[-125.1281,50.1835],[-125.1221,50.1802],[-125.1218,50.1771],[-125.1277,50.1764],[-125.1312,50.1736],[-125.1378,50.1663],[-125.1459,50.1524],[-125.1494,50.1497],[-125.1487,50.145],[-125.1549,50.142],[-125.1488,50.1396],[-125.1446,50.1313],[-125.1421,50.1307],[-125.1361,50.1328],[-125.1366,50.1306],[-125.1328,50.1318],[-125.1296,50.127],[-125.1237,50.1307],[-125.1227,50.1343],[-125.1178,50.1364],[-125.1184,50.1417],[-125.1141,50.1405],[-125.1086,50.1476],[-125.1011,50.149],[-125.0982,50.1531],[-125.1021,50.1586],[-125.098,50.162],[-125.0997,50.1671],[-125.0927,50.1712],[-125.0906,50.1746],[-125.0828,50.1724],[-125.0804,50.1767],[-125.0819,50.1826],[-125.0845,50.1853],[-125.0885,50.1858],[-125.0925,50.1909],[-125.0919,50.1932],[-125.0877,50.1953],[-125.0949,50.2027],[-125.0991,50.2047],[-125.0938,50.2046],[-125.0851,50.1997],[-125.0829,50.1998],[-125.0859,50.2038],[-125.0836,50.2055],[-125.0862,50.2079],[-125.082,50.2089],[-125.0807,50.2121],[-125.0814,50.2171],[-125.0781,50.218],[-125.0768,50.2144],[-125.075,50.2143],[-125.0723,50.2181],[-125.0723,50.2209],[-125.0739,50.2219],[-125.069,50.2214],[-125.0684,50.2176],[-125.0724,50.2136],[-125.0748,50.2077],[-125.076,50.2018],[-125.0746,50.1961],[-125.0678,50.1928],[-125.0656,50.1932],[-125.0653,50.1962],[-125.0627,50.1977],[-125.0612,50.1921],[-125.0576,50.1885],[-125.0508,50.1911],[-125.0484,50.19],[-125.0472,50.188],[-125.0503,50.1856],[-125.0484,50.1836],[-125.0427,50.1845],[-125.0434,50.1878],[-125.033,50.2078],[-125.0387,50.2231],[-125.0433,50.2283],[-125.0435,50.2353],[-125.0419,50.2386],[-125.0546,50.2549],[-125.0548,50.2607],[-125.0746,50.2759],[-125.0779,50.2745],[-125.0811,50.2706],[-125.0809,50.2674],[-125.0879,50.2611],[-125.0885,50.2571],[-125.0926,50.2552],[-125.0942,50.2502],[-125.1006,50.2495],[-125.1098,50.2424],[-125.109,50.2356],[-125.1118,50.2317],[-125.1112,50.228],[-125.1147,50.2242]],[[-125.0505,50.2734],[-125.0494,50.2692],[-125.0447,50.2699],[-125.0453,50.2734],[-125.0489,50.2769],[-125.0525,50.2766],[-125.0505,50.2734]],[[-125.0612,50.1613],[-125.0564,50.1585],[-125.0578,50.164],[-125.0613,50.1677],[-125.0663,50.1695],[-125.0694,50.1679],[-125.0678,50.1631],[-125.0612,50.1613]],[[-125.0593,50.2779],[-125.06,50.2866],[-125.0629,50.2904],[-125.0749,50.2966],[-125.0778,50.2952],[-125.0784,50.2932],[-125.0734,50.2873],[-125.0733,50.2839],[-125.0694,50.2821],[-125.0677,50.2782],[-125.0593,50.2779]],[[-125.0856,50.123],[-125.0878,50.1218],[-125.0834,50.119],[-125.0838,50.116],[-125.0818,50.1146],[-125.0787,50.1152],[-125.0791,50.1195],[-125.0755,50.1228],[-125.0856,50.123]],[[-125.0776,50.1757],[-125.0796,50.1734],[-125.0784,50.1717],[-125.0776,50.1757]],[[-125.0845,50.3256],[-125.084,50.3279],[-125.0854,50.327],[-125.0845,50.3256]],[[-125.1396,50.3959],[-125.1359,50.3938],[-125.136,50.3902],[-125.1449,50.3855],[-125.1465,50.3794],[-125.1438,50.3741],[-125.1456,50.3678],[-125.1364,50.3616],[-125.1131,50.3641],[-125.11,50.3654],[-125.1006,50.375],[-125.091,50.3773],[-125.0847,50.3815],[-125.0868,50.3859],[-125.0917,50.39],[-125.0967,50.3893],[-125.1005,50.3906],[-125.0994,50.3919],[-125.1045,50.3949],[-125.1054,50.3973],[-125.113,50.4],[-125.1145,50.4067],[-125.1181,50.4103],[-125.1172,50.4136],[-125.1215,50.4193],[-125.1325,50.4218],[-125.141,50.418],[-125.1416,50.4071],[-125.1497,50.4012],[-125.148,50.4],[-125.1492,50.3975],[-125.1476,50.3946],[-125.1396,50.3959]],[[-125.133,50.3275],[-125.155,50.3227],[-125.1597,50.3202],[-125.1656,50.3106],[-125.1728,50.3108],[-125.1809,50.3056],[-125.205,50.3002],[-125.2111,50.2964],[-125.2104,50.2929],[-125.2001,50.2849],[-125.1995,50.2819],[-125.1963,50.2806],[-125.1937,50.2759],[-125.1947,50.2734],[-125.1928,50.2717],[-125.1919,50.2667],[-125.1872,50.2641],[-125.1871,50.2616],[-125.1811,50.2588],[-125.1804,50.2551],[-125.1737,50.2491],[-125.1582,50.2421],[-125.1588,50.2396],[-125.1563,50.2363],[-125.1534,50.236],[-125.1551,50.2317],[-125.1517,50.2301],[-125.1444,50.233],[-125.1364,50.2399],[-125.123,50.2395],[-125.1196,50.2434],[-125.1132,50.2442],[-125.1058,50.2477],[-125.1009,50.2531],[-125.0952,50.2661],[-125.0889,50.2707],[-125.09,50.2839],[-125.0927,50.2881],[-125.0917,50.2926],[-125.1039,50.3026],[-125.1089,50.3045],[-125.1081,50.3137],[-125.1113,50.3199],[-125.1255,50.327],[-125.133,50.3275]],[[-125.0967,50.165],[-125.0933,50.1631],[-125.0952,50.166],[-125.0967,50.165]],[[-125.1292,50.2301],[-125.1263,50.2329],[-125.1324,50.2367],[-125.1342,50.2344],[-125.1292,50.2301]],[[-125.3329,50.3832],[-125.3348,50.3811],[-125.3335,50.376],[-125.3294,50.3754],[-125.321,50.3783],[-125.3168,50.3767],[-125.314,50.3716],[-125.315,50.3687],[-125.3131,50.3666],[-125.3134,50.3638],[-125.3254,50.3633],[-125.3318,50.3611],[-125.3334,50.3591],[-125.3327,50.3568],[-125.3239,50.3509],[-125.3217,50.3456],[-125.3199,50.3458],[-125.3183,50.3487],[-125.319,50.3513],[-125.3146,50.3516],[-125.3141,50.348],[-125.2995,50.339],[-125.2996,50.3355],[-125.3027,50.3345],[-125.314,50.3416],[-125.3254,50.3414],[-125.3286,50.3446],[-125.3392,50.3459],[-125.3521,50.3505],[-125.3631,50.3509],[-125.3699,50.3544],[-125.3792,50.354],[-125.3935,50.3488],[-125.401,50.3391],[-125.4066,50.3359],[-125.4035,50.3207],[-125.4046,50.3182],[-125.4018,50.3143],[-125.4072,50.3085],[-125.4022,50.3036],[-125.3973,50.2951],[-125.3907,50.2926],[-125.3702,50.2889],[-125.3428,50.293],[-125.3396,50.2948],[-125.3417,50.2995],[-125.3375,50.3062],[-125.3153,50.3119],[-125.2976,50.3124],[-125.2953,50.315],[-125.292,50.3159],[-125.2838,50.3147],[-125.2826,50.3157],[-125.2832,50.3188],[-125.2788,50.3174],[-125.2653,50.3269],[-125.2595,50.3268],[-125.2547,50.3235],[-125.2604,50.3224],[-125.2578,50.3198],[-125.2507,50.3205],[-125.245,50.3193],[-125.2387,50.3145],[-125.2345,50.3157],[-125.2328,50.3208],[-125.2262,50.3227],[-125.2215,50.327],[-125.2181,50.3267],[-125.2161,50.3255],[-125.2162,50.3229],[-125.2235,50.3186],[-125.2227,50.3138],[-125.2241,50.3106],[-125.2272,50.3098],[-125.2278,50.3126],[-125.2315,50.3139],[-125.2326,50.3126],[-125.2306,50.3092],[-125.2321,50.3064],[-125.2208,50.2983],[-125.2139,50.298],[-125.1941,50.3093],[-125.1877,50.3115],[-125.1772,50.3201],[-125.1693,50.3244],[-125.1539,50.3267],[-125.1403,50.3323],[-125.1329,50.3302],[-125.1289,50.3317],[-125.1389,50.3428],[-125.1486,50.3462],[-125.1465,50.3506],[-125.1592,50.3668],[-125.1592,50.3736],[-125.1541,50.3779],[-125.1541,50.3807],[-125.1583,50.3856],[-125.1822,50.3893],[-125.2057,50.3998],[-125.2108,50.4027],[-125.2175,50.4097],[-125.2529,50.4268],[-125.2608,50.4317],[-125.2657,50.4372],[-125.2814,50.4443],[-125.285,50.4443],[-125.2975,50.4383],[-125.306,50.431],[-125.3049,50.4265],[-125.3018,50.4244],[-125.3022,50.4196],[-125.3139,50.411],[-125.3136,50.4058],[-125.3154,50.4021],[-125.3245,50.3925],[-125.3362,50.3857],[-125.3329,50.3832]],[[-125.1437,50.2295],[-125.1471,50.2285],[-125.1438,50.2263],[-125.1373,50.2257],[-125.1333,50.2303],[-125.1347,50.2319],[-125.1395,50.2291],[-125.1437,50.2295]],[[-125.1563,50.0039],[-125.1481,50.0091],[-125.1469,50.0129],[-125.1563,50.0206],[-125.1602,50.0283],[-125.1641,50.0318],[-125.1639,50.0352],[-125.1717,50.0528],[-125.1766,50.0854],[-125.1792,50.0872],[-125.1791,50.0908],[-125.1817,50.0951],[-125.1851,50.0964],[-125.1846,50.0926],[-125.1866,50.0902],[-125.1926,50.0902],[-125.2002,50.0938],[-125.2035,50.1027],[-125.2102,50.1037],[-125.2159,50.1023],[-125.2189,50.1067],[-125.2202,50.1156],[-125.2274,50.1182],[-125.2242,50.1187],[-125.2269,50.12],[-125.2345,50.1217],[-125.2332,50.1268],[-125.2369,50.1289],[-125.2218,50.1242],[-125.2117,50.1252],[-125.2107,50.1262],[-125.2138,50.1296],[-125.2149,50.1338],[-125.2192,50.1386],[-125.2115,50.1376],[-125.2119,50.1398],[-125.2102,50.1399],[-125.2027,50.1359],[-125.2,50.1381],[-125.1952,50.1334],[-125.192,50.1358],[-125.193,50.1391],[-125.183,50.1414],[-125.1842,50.1441],[-125.1833,50.1454],[-125.1856,50.1462],[-125.1837,50.1477],[-125.183,50.1525],[-125.195,50.1573],[-125.191,50.1641],[-125.1883,50.1638],[-125.1884,50.1624],[-125.1835,50.1578],[-125.1746,50.1592],[-125.1735,50.1612],[-125.1769,50.1664],[-125.1744,50.1699],[-125.1668,50.1719],[-125.1631,50.1684],[-125.1641,50.1654],[-125.161,50.165],[-125.1596,50.1709],[-125.1522,50.1747],[-125.1527,50.1806],[-125.149,50.1811],[-125.1451,50.1849],[-125.1446,50.1905],[-125.139,50.1913],[-125.1425,50.198],[-125.1407,50.2024],[-125.1428,50.2086],[-125.1495,50.2148],[-125.151,50.221],[-125.157,50.2236],[-125.1571,50.2277],[-125.1636,50.2318],[-125.1735,50.2341],[-125.1822,50.2324],[-125.1898,50.244],[-125.197,50.2493],[-125.2064,50.2499],[-125.2147,50.2528],[-125.215,50.2557],[-125.2184,50.2597],[-125.218,50.2639],[-125.2202,50.2622],[-125.2224,50.2647],[-125.2404,50.2623],[-125.2583,50.2632],[-125.2525,50.2658],[-125.2495,50.2696],[-125.2343,50.2729],[-125.2352,50.2785],[-125.2335,50.2802],[-125.2303,50.2786],[-125.2277,50.2802],[-125.2255,50.2788],[-125.2241,50.2816],[-125.226,50.2863],[-125.2233,50.2911],[-125.2286,50.2972],[-125.2357,50.3016],[-125.2351,50.3043],[-125.24,50.3058],[-125.2446,50.3056],[-125.2538,50.3085],[-125.2639,50.308],[-125.2712,50.304],[-125.2774,50.3053],[-125.2809,50.3037],[-125.2988,50.3024],[-125.3146,50.2953],[-125.3148,50.2935],[-125.2976,50.2954],[-125.3076,50.2905],[-125.3484,50.2842],[-125.3576,50.2858],[-125.3651,50.2822],[-125.3801,50.2798],[-125.3833,50.2764],[-125.3755,50.2722],[-125.3647,50.2717],[-125.3566,50.2685],[-125.3537,50.2653],[-125.3439,50.2597],[-125.3167,50.2594],[-125.3206,50.256],[-125.3188,50.2549],[-125.3049,50.2561],[-125.2883,50.264],[-125.283,50.2608],[-125.2783,50.2629],[-125.2743,50.2621],[-125.2824,50.2573],[-125.2899,50.2583],[-125.3032,50.2541],[-125.3131,50.2532],[-125.3203,50.2497],[-125.3182,50.2477],[-125.3139,50.2478],[-125.3109,50.25],[-125.3068,50.2492],[-125.3167,50.2441],[-125.3157,50.2418],[-125.3038,50.2395],[-125.3047,50.2376],[-125.3361,50.2463],[-125.3559,50.2441],[-125.3604,50.2479],[-125.3649,50.2488],[-125.3699,50.2446],[-125.3676,50.2265],[-125.3642,50.2211],[-125.3583,50.2166],[-125.3569,50.2093],[-125.349,50.1985],[-125.3425,50.1925],[-125.3357,50.1892],[-125.3265,50.1789],[-125.3265,50.1773],[-125.3322,50.1765],[-125.3341,50.172],[-125.3362,50.1714],[-125.3433,50.1759],[-125.3468,50.1805],[-125.3539,50.1791],[-125.3528,50.1753],[-125.346,50.1705],[-125.3343,50.1658],[-125.333,50.1617],[-125.3368,50.1554],[-125.3429,50.158],[-125.3494,50.1577],[-125.3506,50.1558],[-125.3499,50.1453],[-125.3522,50.1426],[-125.3504,50.1403],[-125.3454,50.1398],[-125.3479,50.1362],[-125.3354,50.1383],[-125.3315,50.1324],[-125.3231,50.1337],[-125.3145,50.1314],[-125.3077,50.1271],[-125.2972,50.1137],[-125.2918,50.1127],[-125.2823,50.105],[-125.2742,50.1019],[-125.2666,50.0931],[-125.2557,50.093],[-125.2594,50.0972],[-125.2565,50.1029],[-125.253,50.0967],[-125.2497,50.0957],[-125.2422,50.0869],[-125.2383,50.0846],[-125.2146,50.0803],[-125.2132,50.0673],[-125.2182,50.0648],[-125.2211,50.0674],[-125.225,50.0678],[-125.2273,50.0647],[-125.2239,50.0614],[-125.2241,50.0585],[-125.2253,50.0583],[-125.227,50.0629],[-125.2369,50.0641],[-125.2332,50.0525],[-125.2215,50.0508],[-125.2183,50.0463],[-125.2171,50.0439],[-125.2214,50.0406],[-125.2209,50.0378],[-125.2171,50.0343],[-125.2023,50.0297],[-125.1985,50.0257],[-125.1989,50.0183],[-125.1962,50.0144],[-125.1958,50.0071],[-125.1977,50],[-125.1612,50],[-125.1563,50.0039]],[[-125.1422,50.1643],[-125.1409,50.1668],[-125.1427,50.1662],[-125.1422,50.1643]],[[-125.1512,50.2264],[-125.1518,50.2248],[-125.1494,50.2239],[-125.1423,50.2243],[-125.1475,50.227],[-125.1512,50.2264]],[[-125.1564,50.396],[-125.1601,50.3947],[-125.1554,50.3939],[-125.1564,50.396]],[[-125.1683,50.3917],[-125.1694,50.39],[-125.1669,50.3884],[-125.156,50.3894],[-125.1563,50.3913],[-125.1683,50.3917]],[[-125.162,50.1457],[-125.162,50.1435],[-125.1581,50.1454],[-125.162,50.1457]],[[-125.1661,50.1683],[-125.1694,50.1697],[-125.1722,50.1653],[-125.1656,50.1606],[-125.1644,50.1636],[-125.1672,50.1672],[-125.1661,50.1683]],[[-125.1828,50.126],[-125.1787,50.1236],[-125.1767,50.1245],[-125.1803,50.1276],[-125.1828,50.126]],[[-125.1879,50.1377],[-125.1888,50.1352],[-125.1874,50.134],[-125.1808,50.1366],[-125.1834,50.1392],[-125.1879,50.1377]],[[-125.1845,50.0977],[-125.1845,50.0997],[-125.1925,50.1065],[-125.1978,50.1071],[-125.1934,50.1049],[-125.1863,50.0977],[-125.1845,50.0977]],[[-125.201,50.4081],[-125.2108,50.4086],[-125.2054,50.4065],[-125.201,50.4081]],[[-125.2074,50.2881],[-125.2089,50.2897],[-125.2108,50.2884],[-125.2074,50.2881]],[[-125.223,50.282],[-125.2265,50.2757],[-125.2243,50.2715],[-125.2197,50.2748],[-125.2228,50.2773],[-125.2183,50.2795],[-125.2142,50.278],[-125.2142,50.2805],[-125.2182,50.2829],[-125.223,50.282]],[[-125.215,50.1092],[-125.2149,50.1122],[-125.2166,50.1118],[-125.2169,50.1091],[-125.215,50.1092]],[[-125.2185,50.0755],[-125.2155,50.075],[-125.2183,50.0786],[-125.2199,50.0781],[-125.2187,50.0759],[-125.221,50.0747],[-125.2185,50.0755]],[[-125.2268,50.0487],[-125.226,50.0468],[-125.2231,50.0459],[-125.2227,50.0482],[-125.2268,50.0487]],[[-125.2244,50.0719],[-125.2278,50.0764],[-125.2361,50.0814],[-125.2404,50.0808],[-125.2412,50.0829],[-125.2462,50.0834],[-125.2467,50.0797],[-125.2483,50.0786],[-125.2472,50.0758],[-125.2389,50.0728],[-125.2311,50.0664],[-125.2244,50.0719]],[[-125.2252,50.2664],[-125.2257,50.2685],[-125.2278,50.268],[-125.2274,50.266],[-125.2252,50.2664]],[[-125.2533,50.0781],[-125.25,50.0764],[-125.2517,50.0806],[-125.2561,50.0831],[-125.2533,50.0781]],[[-125.256,50.439],[-125.2602,50.4386],[-125.257,50.4377],[-125.256,50.439]],[[-125.2633,50.318],[-125.2681,50.3162],[-125.2606,50.3136],[-125.2606,50.3165],[-125.2633,50.318]],[[-125.2683,50.3117],[-125.262,50.3108],[-125.2659,50.3127],[-125.2683,50.3117]],[[-125.2719,50.4575],[-125.2711,50.456],[-125.2695,50.457],[-125.2719,50.4575]],[[-125.454,50.4381],[-125.4575,50.4344],[-125.4688,50.4291],[-125.4853,50.4294],[-125.497,50.4247],[-125.4966,50.4228],[-125.4849,50.4221],[-125.4815,50.4195],[-125.4925,50.4149],[-125.4918,50.4075],[-125.4856,50.4022],[-125.4872,50.3991],[-125.5,50.3964],[-125.5,50.3625],[-125.4986,50.3615],[-125.4997,50.3599],[-125.4987,50.3579],[-125.4907,50.3551],[-125.4892,50.3524],[-125.4637,50.353],[-125.4612,50.3492],[-125.4564,50.348],[-125.4447,50.3495],[-125.4395,50.3542],[-125.4328,50.3534],[-125.4305,50.3564],[-125.4242,50.359],[-125.3936,50.3634],[-125.3838,50.3663],[-125.3809,50.3708],[-125.3818,50.3729],[-125.3749,50.378],[-125.3747,50.3832],[-125.3843,50.3949],[-125.383,50.4001],[-125.3785,50.3994],[-125.3771,50.395],[-125.3546,50.3925],[-125.3424,50.4092],[-125.3342,50.4115],[-125.3314,50.4148],[-125.3313,50.4176],[-125.3256,50.4225],[-125.3245,50.427],[-125.3265,50.434],[-125.3223,50.4412],[-125.3239,50.4439],[-125.3224,50.4455],[-125.3315,50.4478],[-125.3488,50.4562],[-125.3524,50.4599],[-125.3585,50.461],[-125.3632,50.4571],[-125.3688,50.4589],[-125.3704,50.4631],[-125.3755,50.4637],[-125.3936,50.4604],[-125.397,50.4582],[-125.3941,50.4532],[-125.3946,50.4487],[-125.3922,50.4455],[-125.3935,50.4442],[-125.3972,50.4449],[-125.4026,50.4495],[-125.4083,50.4506],[-125.429,50.4405],[-125.454,50.4381]],[[-125.3295,50.3721],[-125.3229,50.3714],[-125.3235,50.3731],[-125.3273,50.3739],[-125.3295,50.3721]],[[-125.3235,50.4498],[-125.3234,50.4512],[-125.3279,50.4539],[-125.336,50.4566],[-125.3327,50.4523],[-125.3274,50.4498],[-125.3235,50.4498]],[[-125.3411,50.2504],[-125.339,50.2496],[-125.3355,50.2512],[-125.3388,50.2526],[-125.3411,50.2504]],[[-125.3429,50.1346],[-125.3469,50.1351],[-125.3485,50.1325],[-125.3468,50.1297],[-125.3408,50.1276],[-125.3386,50.132],[-125.3429,50.1346]],[[-125.3608,50.3588],[-125.3614,50.3574],[-125.3579,50.3548],[-125.3455,50.3556],[-125.3512,50.3589],[-125.3608,50.3588]],[[-125.3554,50.2523],[-125.3586,50.2511],[-125.3526,50.2497],[-125.3554,50.2523]],[[-125.3619,50.389],[-125.3623,50.3852],[-125.3601,50.384],[-125.3573,50.3882],[-125.36,50.3904],[-125.3619,50.389]],[[-125.3659,50.2539],[-125.3699,50.2533],[-125.3686,50.2518],[-125.3618,50.2512],[-125.3618,50.2528],[-125.3659,50.2539]],[[-125.3671,50.2655],[-125.3639,50.2653],[-125.3656,50.2665],[-125.3671,50.2655]],[[-125.4091,50.3422],[-125.4068,50.34],[-125.4033,50.3402],[-125.4035,50.343],[-125.4091,50.3422]],[[-125.4565,50.4451],[-125.4543,50.444],[-125.4529,50.4454],[-125.4565,50.4451]],[[-125.4714,50.4369],[-125.4664,50.4348],[-125.4578,50.4377],[-125.4609,50.4389],[-125.4714,50.4369]],[[-125.4719,50.3507],[-125.4761,50.3482],[-125.4662,50.345],[-125.4597,50.3464],[-125.4719,50.3507]],[[-125.4972,50.4422],[-125.4993,50.4426],[-125.4997,50.4408],[-125.4979,50.4404],[-125.4972,50.4422]]],[[[-125,50],[-125,50.5],[-124.9722,50.5],[-124.9821,50.498],[-124.9935,50.498],[-125,50.4952],[-125,50.3437],[-124.9938,50.3474],[-124.9934,50.3514],[-124.9833,50.3583],[-124.9802,50.362],[-124.9803,50.3648],[-124.975,50.3679],[-124.9688,50.3779],[-124.9764,50.3886],[-124.9764,50.3913],[-124.9805,50.3984],[-124.9793,50.4043],[-124.9847,50.4121],[-124.9847,50.4161],[-124.9869,50.4198],[-125,50.4305],[-124.9992,50.4454],[-124.9836,50.441],[-124.9747,50.4368],[-124.9699,50.4314],[-124.9631,50.4285],[-124.9581,50.4174],[-124.9579,50.4131],[-124.955,50.4086],[-124.9556,50.4042],[-124.9511,50.3977],[-124.9528,50.3899],[-124.9466,50.3885],[-124.9427,50.3853],[-124.9398,50.3778],[-124.9425,50.3697],[-124.951,50.357],[-124.9594,50.3534],[-124.9657,50.345],[-124.9618,50.3375],[-124.9502,50.3301],[-124.9424,50.3271],[-124.8936,50.3248],[-124.8877,50.3218],[-124.8861,50.3194],[-124.8787,50.3194],[-124.8468,50.311],[-124.8375,50.3104],[-124.8329,50.307],[-124.8246,50.3078],[-124.8227,50.3113],[-124.8194,50.3126],[-124.8065,50.3156],[-124.8028,50.3151],[-124.8007,50.3229],[-124.7984,50.3247],[-124.7872,50.3267],[-124.7846,50.3286],[-124.7841,50.3324],[-124.7683,50.3428],[-124.76,50.3454],[-124.7524,50.3446],[-124.7395,50.3574],[-124.7314,50.3582],[-124.7218,50.3675],[-124.7139,50.3718],[-124.7075,50.3799],[-124.7076,50.382],[-124.7031,50.3839],[-124.6995,50.3904],[-124.701,50.3952],[-124.7035,50.3966],[-124.6926,50.4013],[-124.6855,50.4097],[-124.6821,50.4165],[-124.6775,50.4175],[-124.6723,50.4243],[-124.674,50.4284],[-124.6727,50.4337],[-124.6615,50.4361],[-124.6452,50.4258],[-124.613,50.4191],[-124.5836,50.4204],[-124.5574,50.4192],[-124.5437,50.4206],[-124.5343,50.4279],[-124.535,50.4327],[-124.531,50.4355],[-124.5158,50.4371],[-124.5128,50.4398],[-124.5,50.4417],[-124.5,50.4218],[-124.5087,50.4169],[-124.5058,50.4157],[-124.5045,50.4126],[-124.5074,50.4102],[-124.5138,50.4088],[-124.521,50.3992],[-124.5244,50.3969],[-124.5463,50.3957],[-124.5603,50.3999],[-124.6109,50.3985],[-124.6198,50.4004],[-124.6341,50.3999],[-124.646,50.4031],[-124.6523,50.3983],[-124.6576,50.3965],[-124.6591,50.3935],[-124.6688,50.3859],[-124.6689,50.3818],[-124.674,50.3756],[-124.6711,50.3735],[-124.6711,50.3701],[-124.6767,50.3679],[-124.6844,50.36],[-124.6873,50.3528],[-124.6913,50.3483],[-124.6975,50.3449],[-124.6956,50.3432],[-124.6965,50.3411],[-124.7032,50.3368],[-124.7084,50.3368],[-124.7358,50.3252],[-124.7343,50.3224],[-124.7311,50.3214],[-124.7108,50.3219],[-124.7023,50.3179],[-124.6938,50.3171],[-124.6862,50.3131],[-124.6758,50.3107],[-124.6742,50.3117],[-124.6761,50.3138],[-124.6744,50.3161],[-124.6687,50.3156],[-124.667,50.3173],[-124.6649,50.3159],[-124.6653,50.3139],[-124.6613,50.3132],[-124.6614,50.3104],[-124.6652,50.3089],[-124.6635,50.3062],[-124.6514,50.3],[-124.6389,50.2975],[-124.6341,50.2945],[-124.6329,50.2853],[-124.6222,50.2766],[-124.6219,50.2719],[-124.6247,50.2682],[-124.6159,50.2583],[-124.5907,50.2474],[-124.5903,50.2418],[-124.5962,50.2349],[-124.6135,50.2348],[-124.6144,50.2305],[-124.6133,50.2263],[-124.6157,50.2226],[-124.6157,50.2191],[-124.6135,50.2166],[-124.6162,50.2112],[-124.6147,50.2074],[-124.6162,50.204],[-124.614,50.2021],[-124.6073,50.2023],[-124.6066,50.199],[-124.6094,50.1928],[-124.6142,50.1892],[-124.6131,50.1856],[-124.6302,50.1678],[-124.629,50.1652],[-124.6314,50.1616],[-124.6438,50.1559],[-124.6563,50.1558],[-124.6621,50.1522],[-124.6612,50.1504],[-124.6682,50.1482],[-124.6791,50.146],[-124.6807,50.1464],[-124.6796,50.1479],[-124.6822,50.1479],[-124.6845,50.1469],[-124.6811,50.143],[-124.6827,50.1412],[-124.6994,50.1384],[-124.7064,50.1341],[-124.7197,50.1301],[-124.7263,50.1262],[-124.7253,50.1241],[-124.7291,50.1199],[-124.72,50.1157],[-124.7162,50.1162],[-124.7121,50.1136],[-124.7069,50.1174],[-124.7102,50.118],[-124.7105,50.1211],[-124.7036,50.1227],[-124.704,50.1247],[-124.7072,50.1263],[-124.7064,50.1271],[-124.7032,50.1279],[-124.6962,50.1245],[-124.6913,50.1245],[-124.691,50.1229],[-124.6971,50.1205],[-124.6992,50.1134],[-124.7041,50.1098],[-124.7076,50.1047],[-124.7017,50.1025],[-124.7024,50.0977],[-124.7104,50.0938],[-124.7208,50.0931],[-124.726,50.0867],[-124.7446,50.0857],[-124.7707,50.0758],[-124.7788,50.0759],[-124.7797,50.0749],[-124.7774,50.0726],[-124.7888,50.0668],[-124.7914,50.0677],[-124.7945,50.0744],[-124.8011,50.0767],[-124.8059,50.0753],[-124.8047,50.0709],[-124.8008,50.0675],[-124.7911,50.0612],[-124.7779,50.0574],[-124.7774,50.0555],[-124.7745,50.0544],[-124.7746,50.051],[-124.7683,50.049],[-124.7681,50.0462],[-124.7652,50.0423],[-124.7606,50.0414],[-124.7595,50.0438],[-124.7554,50.0444],[-124.7541,50.0414],[-124.7475,50.0414],[-124.7436,50.0368],[-124.7352,50.0415],[-124.7361,50.0378],[-124.7333,50.0378],[-124.7338,50.0412],[-124.7352,50.0415],[-124.7265,50.0424],[-124.723,50.045],[-124.7252,50.0505],[-124.7306,50.0498],[-124.7305,50.0548],[-124.7252,50.0579],[-124.7218,50.0676],[-124.718,50.0727],[-124.7192,50.0777],[-124.724,50.0816],[-124.7217,50.0831],[-124.7108,50.0824],[-124.7075,50.071],[-124.7029,50.0722],[-124.6952,50.0667],[-124.6896,50.0673],[-124.6908,50.0693],[-124.6869,50.0728],[-124.6777,50.0735],[-124.6624,50.0832],[-124.653,50.0782],[-124.653,50.0761],[-124.6609,50.0757],[-124.6831,50.0683],[-124.6878,50.0654],[-124.6967,50.0651],[-124.7007,50.0675],[-124.708,50.0653],[-124.7083,50.0622],[-124.7009,50.0591],[-124.711,50.0556],[-124.7087,50.0436],[-124.7197,50.0353],[-124.7197,50.0325],[-124.7048,50.0071],[-124.7061,50],[-124.7219,50],[-124.7301,50.0102],[-124.7229,50.0072],[-124.7221,50.0101],[-124.7243,50.0152],[-124.7323,50.0214],[-124.7352,50.0256],[-124.7508,50.0363],[-124.7535,50.036],[-124.7513,50.032],[-124.7427,50.0263],[-124.7366,50.0201],[-124.7337,50.0146],[-124.7359,50.014],[-124.7506,50.028],[-124.7612,50.0325],[-124.7692,50.0389],[-124.7781,50.0406],[-124.7901,50.0515],[-124.7937,50.0526],[-124.7891,50.0543],[-124.7942,50.0583],[-124.7957,50.0582],[-124.7951,50.0555],[-124.798,50.0587],[-124.8009,50.0565],[-124.8096,50.0635],[-124.8236,50.0632],[-124.8298,50.0649],[-124.8407,50.0644],[-124.8442,50.0622],[-124.8384,50.0592],[-124.838,50.0529],[-124.835,50.0479],[-124.8288,50.0451],[-124.8294,50.0431],[-124.8186,50.0367],[-124.8221,50.0311],[-124.822,50.0288],[-124.813,50.0239],[-124.8131,50.0205],[-124.8047,50.0086],[-124.7913,50.003],[-124.7893,50],[-125,50]],[[-124.7535,50.3002],[-124.7517,50.2967],[-124.7609,50.2917],[-124.766,50.2908],[-124.77,50.2919],[-124.776,50.288],[-124.784,50.2854],[-124.7829,50.2845],[-124.7841,50.2828],[-124.7828,50.2825],[-124.7833,50.2795],[-124.7863,50.2771],[-124.7878,50.2632],[-124.7953,50.2578],[-124.804,50.2452],[-124.8107,50.2415],[-124.8138,50.2334],[-124.8107,50.2312],[-124.8081,50.2324],[-124.8047,50.2316],[-124.8047,50.2299],[-124.7994,50.2287],[-124.7896,50.2227],[-124.7653,50.2132],[-124.7596,50.2142],[-124.7602,50.2128],[-124.7587,50.2128],[-124.76,50.2107],[-124.7556,50.2097],[-124.7537,50.2108],[-124.7535,50.2168],[-124.7549,50.2183],[-124.7529,50.2218],[-124.7523,50.23],[-124.7493,50.2317],[-124.7467,50.2365],[-124.7467,50.2421],[-124.7446,50.2467],[-124.7314,50.2535],[-124.7255,50.2593],[-124.7255,50.2627],[-124.7293,50.2666],[-124.7277,50.2699],[-124.7321,50.2755],[-124.7261,50.2734],[-124.727,50.2759],[-124.7233,50.277],[-124.7232,50.2797],[-124.7275,50.2829],[-124.7272,50.2853],[-124.7295,50.2869],[-124.7305,50.2924],[-124.7356,50.2995],[-124.7272,50.2996],[-124.7208,50.2912],[-124.7056,50.2872],[-124.7017,50.283],[-124.7029,50.2803],[-124.6988,50.2738],[-124.6989,50.2635],[-124.7037,50.2603],[-124.7104,50.2588],[-124.7086,50.2541],[-124.711,50.2529],[-124.7117,50.2485],[-124.7272,50.2447],[-124.7285,50.2413],[-124.7269,50.2398],[-124.7285,50.2372],[-124.7269,50.2359],[-124.7286,50.2327],[-124.7273,50.2314],[-124.729,50.2302],[-124.7292,50.2266],[-124.7363,50.2197],[-124.7392,50.2128],[-124.7463,50.204],[-124.7422,50.1948],[-124.7377,50.1927],[-124.7362,50.1895],[-124.7296,50.1873],[-124.7255,50.1839],[-124.7265,50.1803],[-124.7216,50.1758],[-124.7245,50.1716],[-124.7234,50.1687],[-124.7269,50.1669],[-124.7276,50.164],[-124.7211,50.1614],[-124.7099,50.1616],[-124.6975,50.1655],[-124.6955,50.1673],[-124.6981,50.17],[-124.6963,50.1732],[-124.6895,50.174],[-124.6691,50.1842],[-124.6679,50.1873],[-124.6636,50.1895],[-124.6623,50.1924],[-124.6555,50.1978],[-124.6525,50.2016],[-124.6524,50.2044],[-124.6488,50.2072],[-124.6482,50.2178],[-124.6506,50.2237],[-124.6451,50.2276],[-124.6425,50.2339],[-124.6491,50.2436],[-124.6545,50.2474],[-124.6545,50.251],[-124.6563,50.2529],[-124.6551,50.2554],[-124.658,50.2585],[-124.6572,50.2624],[-124.6646,50.2743],[-124.6777,50.281],[-124.6917,50.2919],[-124.7016,50.2971],[-124.7171,50.303],[-124.7298,50.3058],[-124.7346,50.3088],[-124.7449,50.3063],[-124.7463,50.3035],[-124.7535,50.3002]],[[-124.6644,50.1506],[-124.6656,50.1522],[-124.6678,50.1514],[-124.6644,50.1506]],[[-124.7033,50.1401],[-124.6922,50.1402],[-124.6853,50.1449],[-124.6976,50.144],[-124.7033,50.1401]],[[-124.6989,50.1458],[-124.695,50.1489],[-124.703,50.1467],[-124.6989,50.1458]],[[-124.7214,50.1449],[-124.7263,50.1434],[-124.7189,50.1407],[-124.7065,50.1452],[-124.7214,50.1449]],[[-124.7202,50.1379],[-124.7205,50.1337],[-124.7185,50.1334],[-124.7138,50.1383],[-124.717,50.1396],[-124.7202,50.1379]],[[-124.7283,50.1236],[-124.7278,50.1269],[-124.7367,50.125],[-124.7356,50.1219],[-124.7333,50.1214],[-124.7283,50.1236]],[[-124.7443,50.3185],[-124.7421,50.321],[-124.747,50.3232],[-124.7573,50.3212],[-124.7443,50.3185]],[[-124.7434,50.1172],[-124.7451,50.1181],[-124.7472,50.1166],[-124.7447,50.1157],[-124.7434,50.1172]],[[-124.7844,50.1029],[-124.7857,50.1004],[-124.7829,50.0977],[-124.7764,50.0985],[-124.7668,50.1027],[-124.7535,50.1026],[-124.7566,50.1054],[-124.7503,50.1081],[-124.7503,50.1114],[-124.7478,50.1148],[-124.7519,50.1185],[-124.762,50.1172],[-124.7734,50.1114],[-124.7844,50.1029]],[[-124.7946,50.2023],[-124.8023,50.2037],[-124.8175,50.2141],[-124.8158,50.2154],[-124.8212,50.2185],[-124.8224,50.223],[-124.8199,50.2252],[-124.8246,50.2454],[-124.8235,50.2491],[-124.8214,50.2502],[-124.813,50.248],[-124.8114,50.2545],[-124.8047,50.267],[-124.7953,50.2706],[-124.7908,50.2767],[-124.7894,50.2836],[-124.786,50.2855],[-124.8154,50.2848],[-124.8231,50.2822],[-124.826,50.2829],[-124.8258,50.2858],[-124.8565,50.2858],[-124.8677,50.291],[-124.8727,50.2957],[-124.8847,50.3004],[-124.9035,50.3025],[-124.911,50.3049],[-124.9193,50.3047],[-124.927,50.2995],[-124.9327,50.2906],[-124.9356,50.2899],[-124.9363,50.2878],[-124.9481,50.2786],[-124.9534,50.2769],[-124.9542,50.2738],[-124.9591,50.2721],[-124.9598,50.2697],[-124.9586,50.2647],[-124.9558,50.261],[-124.9566,50.2597],[-124.9637,50.2586],[-124.9769,50.2598],[-124.9804,50.2561],[-124.9804,50.2471],[-124.9776,50.2421],[-124.9721,50.2396],[-124.9669,50.2304],[-124.9604,50.2259],[-124.9562,50.2173],[-124.953,50.2159],[-124.9397,50.2012],[-124.9249,50.1911],[-124.9121,50.187],[-124.8811,50.1864],[-124.8782,50.1877],[-124.8757,50.1864],[-124.8602,50.1903],[-124.8579,50.1944],[-124.8529,50.1981],[-124.845,50.1987],[-124.8427,50.1977],[-124.8414,50.1904],[-124.8375,50.1855],[-124.8295,50.186],[-124.818,50.1839],[-124.8171,50.1817],[-124.8272,50.1794],[-124.859,50.1804],[-124.8755,50.1754],[-124.8769,50.1731],[-124.8731,50.1708],[-124.8759,50.1693],[-124.8893,50.1704],[-124.8974,50.1732],[-124.8998,50.1729],[-124.9018,50.1695],[-124.9,50.1669],[-124.8815,50.1663],[-124.8783,50.1647],[-124.8745,50.1555],[-124.87,50.1516],[-124.8722,50.146],[-124.8698,50.1453],[-124.8663,50.1364],[-124.8616,50.1338],[-124.8642,50.1288],[-124.8614,50.124],[-124.8538,50.1233],[-124.848,50.126],[-124.8409,50.124],[-124.8434,50.1199],[-124.8497,50.1158],[-124.8458,50.1144],[-124.8258,50.1119],[-124.8091,50.1139],[-124.8088,50.1168],[-124.8047,50.1203],[-124.8047,50.1258],[-124.7986,50.134],[-124.787,50.1376],[-124.7726,50.1493],[-124.7525,50.158],[-124.7507,50.1607],[-124.7554,50.1616],[-124.7514,50.1635],[-124.7518,50.1676],[-124.7537,50.1698],[-124.7559,50.1823],[-124.7612,50.1895],[-124.7767,50.1919],[-124.7907,50.198],[-124.7946,50.2023]],[[-124.7796,50.0735],[-124.7817,50.0744],[-124.7833,50.0725],[-124.7803,50.0722],[-124.7796,50.0735]],[[-124.7839,50.199],[-124.7881,50.1984],[-124.7836,50.1968],[-124.7839,50.199]],[[-124.7875,50.3196],[-124.7922,50.3177],[-124.7922,50.3162],[-124.7881,50.3148],[-124.7875,50.3196]],[[-124.7987,50.266],[-124.7974,50.268],[-124.7988,50.2687],[-124.8002,50.2666],[-124.7987,50.266]],[[-124.8225,50.0117],[-124.8231,50.0086],[-124.8185,50.0068],[-124.8136,50.0016],[-124.8035,50.0025],[-124.808,50.0061],[-124.8184,50.009],[-124.8202,50.012],[-124.8225,50.0117]],[[-124.8078,50.21],[-124.8047,50.2134],[-124.8061,50.2167],[-124.8087,50.2173],[-124.8134,50.215],[-124.8134,50.2122],[-124.8078,50.21]],[[-124.817,50.0131],[-124.8133,50.0088],[-124.8096,50.0082],[-124.8127,50.0114],[-124.8117,50.0132],[-124.8155,50.0182],[-124.8182,50.019],[-124.817,50.0131]],[[-124.8259,50.1055],[-124.8213,50.1088],[-124.8118,50.1087],[-124.8195,50.1105],[-124.8303,50.1097],[-124.8324,50.1075],[-124.8307,50.105],[-124.8259,50.1055]],[[-124.8288,50.027],[-124.8238,50.0258],[-124.8238,50.0274],[-124.827,50.0296],[-124.8288,50.027]],[[-124.8277,50.03],[-124.8309,50.0316],[-124.8315,50.0299],[-124.83,50.029],[-124.8277,50.03]],[[-124.8401,50.0872],[-124.8385,50.0885],[-124.8413,50.0882],[-124.8401,50.0872]],[[-124.8422,50.0245],[-124.8409,50.023],[-124.8386,50.0236],[-124.8402,50.0259],[-124.8422,50.0245]],[[-124.8527,50.086],[-124.8598,50.0842],[-124.8533,50.0834],[-124.8491,50.0796],[-124.8415,50.078],[-124.8394,50.0793],[-124.8465,50.0876],[-124.8492,50.0882],[-124.8527,50.086]],[[-124.8404,50.0897],[-124.8401,50.0912],[-124.8432,50.091],[-124.8404,50.0897]],[[-124.8467,50.1219],[-124.8452,50.1228],[-124.8462,50.1238],[-124.8522,50.1218],[-124.8467,50.1219]],[[-124.8504,50.3082],[-124.8485,50.3097],[-124.8525,50.3116],[-124.8566,50.3084],[-124.8504,50.3082]],[[-124.8512,50.0372],[-124.8555,50.0399],[-124.8565,50.0378],[-124.8512,50.0372]],[[-124.8661,50.038],[-124.8659,50.041],[-124.8677,50.0422],[-124.8697,50.0397],[-124.8661,50.038]],[[-124.8778,50.0619],[-124.8767,50.0644],[-124.88,50.0647],[-124.8806,50.0619],[-124.8778,50.0619]],[[-124.9191,50.1204],[-124.9217,50.1294],[-124.9278,50.1312],[-124.9341,50.1361],[-124.9285,50.1362],[-124.9297,50.1383],[-124.9285,50.139],[-124.9245,50.1373],[-124.9236,50.1428],[-124.9186,50.1424],[-124.9166,50.1383],[-124.9195,50.1361],[-124.9177,50.1355],[-124.9163,50.1321],[-124.9122,50.131],[-124.9082,50.1269],[-124.9057,50.1279],[-124.9062,50.1301],[-124.9044,50.1328],[-124.9055,50.1348],[-124.9008,50.1337],[-124.895,50.14],[-124.904,50.1457],[-124.9084,50.1521],[-124.9088,50.1561],[-124.9239,50.1701],[-124.9261,50.1788],[-124.9304,50.1842],[-124.9373,50.1873],[-124.9572,50.2031],[-124.9672,50.2171],[-124.9721,50.2204],[-124.9783,50.2289],[-124.9864,50.2341],[-124.9962,50.2383],[-125,50.2382],[-125,50.2174],[-124.9949,50.2144],[-124.9941,50.2094],[-124.9904,50.2058],[-124.9818,50.2038],[-124.9794,50.1978],[-124.9748,50.1978],[-124.9742,50.1958],[-124.9774,50.1915],[-124.9786,50.1849],[-124.968,50.1756],[-124.9718,50.1754],[-124.9794,50.1808],[-124.9829,50.1814],[-124.9853,50.1798],[-124.9851,50.1722],[-124.9901,50.1702],[-124.9953,50.1651],[-125,50.1635],[-125,50.1594],[-124.9978,50.1571],[-124.9992,50.155],[-125,50.1559],[-124.9987,50.1377],[-125,50.1366],[-125,50.1022],[-124.9937,50.0993],[-124.9898,50.1013],[-124.9815,50.0972],[-124.9856,50.0964],[-124.9865,50.0924],[-124.9947,50.0925],[-125,50.0887],[-125,50.079],[-124.9953,50.0786],[-124.9901,50.0814],[-124.9864,50.0805],[-124.9893,50.0755],[-124.9866,50.0758],[-124.9833,50.0788],[-124.9808,50.074],[-124.9753,50.071],[-124.9754,50.0693],[-124.9804,50.0662],[-124.9813,50.0718],[-124.9844,50.0712],[-124.9984,50.0479],[-124.998,50.0423],[-124.9929,50.0378],[-124.9935,50.0346],[-124.9986,50.0301],[-124.9984,50.0228],[-124.9931,50.0144],[-124.9876,50.0112],[-124.9839,50.0127],[-124.9787,50.0198],[-124.9805,50.0263],[-124.9783,50.0299],[-124.9649,50.0409],[-124.957,50.0442],[-124.9514,50.0491],[-124.9331,50.0507],[-124.9315,50.0521],[-124.9327,50.0546],[-124.9291,50.0579],[-124.9224,50.0584],[-124.9243,50.0618],[-124.9319,50.0609],[-124.9356,50.0635],[-124.9345,50.0653],[-124.912,50.0637],[-124.9086,50.0675],[-124.9068,50.0649],[-124.9043,50.0645],[-124.9074,50.0618],[-124.9059,50.0589],[-124.897,50.0619],[-124.8914,50.059],[-124.8892,50.0619],[-124.8866,50.0576],[-124.8841,50.0587],[-124.8823,50.0654],[-124.883,50.0669],[-124.8859,50.0675],[-124.8847,50.0688],[-124.8874,50.0695],[-124.8849,50.073],[-124.891,50.0827],[-124.8977,50.0878],[-124.9044,50.0977],[-124.9036,50.1043],[-124.9067,50.1167],[-124.9191,50.1204]],[[-124.9447,50.003],[-124.9451,50],[-124.9404,50],[-124.9447,50.003]],[[-124.9269,50.017],[-124.9249,50.0215],[-124.9191,50.0204],[-124.9155,50.0246],[-124.9159,50.0261],[-124.9238,50.031],[-124.9306,50.0327],[-124.9303,50.0382],[-124.9433,50.0424],[-124.9506,50.0381],[-124.938,50.0323],[-124.9373,50.0294],[-124.9407,50.0246],[-124.9372,50.0218],[-124.9375,50.0198],[-124.9308,50.0166],[-124.9269,50.017]],[[-124.9223,50.1324],[-124.9162,50.1301],[-124.9214,50.1354],[-124.9223,50.1324]],[[-125,50.2742],[-124.9948,50.2758],[-124.9923,50.2803],[-124.9796,50.2878],[-124.9777,50.2918],[-124.973,50.2951],[-124.9694,50.3006],[-124.9668,50.3116],[-124.98,50.3172],[-124.9862,50.3215],[-124.9888,50.3257],[-125,50.3264],[-125,50.2742]],[[-124.9887,50.0721],[-124.9879,50.0733],[-124.9898,50.0741],[-124.9921,50.0728],[-124.9887,50.0721]],[[-124.9988,50.0948],[-124.9982,50.0933],[-124.9946,50.095],[-124.9988,50.0948]]],[[[-124.5,50],[-124.5,50.4417],[-124.4881,50.4436],[-124.4646,50.4531],[-124.4285,50.4605],[-124.4256,50.4622],[-124.4265,50.463],[-124.4111,50.4673],[-124.4045,50.4712],[-124.4025,50.4736],[-124.4044,50.4757],[-124.3999,50.4819],[-124.3947,50.4853],[-124.3928,50.4891],[-124.3886,50.4912],[-124.3878,50.4932],[-124.3849,50.4927],[-124.3832,50.4951],[-124.3661,50.4993],[-124.3724,50.4938],[-124.361,50.495],[-124.3636,50.4921],[-124.3632,50.4896],[-124.3586,50.4893],[-124.3572,50.4871],[-124.369,50.4819],[-124.3736,50.4815],[-124.3776,50.4773],[-124.3824,50.4679],[-124.3799,50.4594],[-124.3871,50.4549],[-124.3972,50.4517],[-124.4112,50.4397],[-124.418,50.4384],[-124.4272,50.4411],[-124.4319,50.4403],[-124.4428,50.4355],[-124.4438,50.4323],[-124.4469,50.43],[-124.4638,50.4272],[-124.4725,50.4224],[-124.4909,50.4249],[-124.5,50.4218],[-124.5,50]]],[[[-123.9969,50],[-123.9887,50.002],[-123.9857,50.004],[-123.9845,50.0073],[-123.9814,50.0079],[-123.9763,50.0154],[-123.9635,50.0209],[-123.9567,50.0191],[-123.9504,50.0206],[-123.9384,50.0191],[-123.9232,50.0274],[-123.9062,50.0317],[-123.8985,50.0371],[-123.8801,50.0417],[-123.8462,50.0567],[-123.8424,50.0571],[-123.838,50.0648],[-123.8332,50.0677],[-123.8323,50.0703],[-123.8245,50.078],[-123.8021,50.0935],[-123.8112,50.0998],[-123.8177,50.1021],[-123.8235,50.1006],[-123.8269,50.1035],[-123.8335,50.1056],[-123.8435,50.1157],[-123.8438,50.1212],[-123.8528,50.1289],[-123.8515,50.1339],[-123.8579,50.1378],[-123.879,50.1467],[-123.8883,50.1484],[-123.9022,50.1552],[-123.9186,50.1581],[-123.928,50.1636],[-123.9381,50.1662],[-123.9471,50.1728],[-123.9464,50.1742],[-123.9508,50.1776],[-123.9611,50.1804],[-123.9732,50.1863],[-123.9796,50.1932],[-123.9774,50.198],[-123.9882,50.2076],[-123.9871,50.2103],[-123.981,50.2135],[-123.9717,50.2109],[-123.9684,50.2061],[-123.958,50.1991],[-123.9368,50.1886],[-123.9321,50.1886],[-123.8849,50.1717],[-123.8745,50.17],[-123.8629,50.163],[-123.857,50.1622],[-123.8519,50.1643],[-123.847,50.1708],[-123.8424,50.1726],[-123.8365,50.1786],[-123.831,50.1798],[-123.8242,50.1788],[-123.8211,50.1841],[-123.8081,50.1898],[-123.8029,50.1872],[-123.7995,50.1873],[-123.7788,50.1975],[-123.7761,50.2049],[-123.769,50.2049],[-123.7664,50.1948],[-123.7742,50.1882],[-123.7873,50.1864],[-123.79,50.1847],[-123.7895,50.1825],[-123.8048,50.1781],[-123.8304,50.1737],[-123.8414,50.1692],[-123.8506,50.1629],[-123.8461,50.1587],[-123.837,50.1552],[-123.8276,50.1478],[-123.8224,50.1479],[-123.8122,50.1415],[-123.8003,50.131],[-123.7935,50.1166],[-123.7883,50.1134],[-123.7823,50.1128],[-123.777,50.1091],[-123.7651,50.106],[-123.7626,50.1007],[-123.7594,50.0987],[-123.7537,50.0993],[-123.7483,50.0977],[-123.7427,50.0888],[-123.7468,50.0861],[-123.7562,50.0845],[-123.7655,50.0779],[-123.778,50.0742],[-123.7851,50.0704],[-123.7882,50.0641],[-123.7936,50.0585],[-123.7848,50.0537],[-123.7882,50.047],[-123.8226,50.0346],[-123.8434,50.0344],[-123.8692,50.0273],[-123.8984,50.0136],[-123.9012,50.011],[-123.9011,50.0094],[-123.9051,50.0082],[-123.9082,50.0034],[-123.9204,50.0017],[-123.9329,50.0024],[-123.937,50],[-123.9969,50]],[[-123.8074,50.1858],[-123.8072,50.1843],[-123.804,50.1849],[-123.8074,50.1858]]],[[[-128.5,50.5],[-128.5,51],[-128,51],[-128,50.5],[-128.5,50.5]],[[-128,50.8594],[-128.0082,50.8605],[-128.0145,50.8671],[-128.0252,50.8658],[-128.0277,50.8673],[-128.0374,50.8646],[-128.0494,50.8676],[-128.0535,50.8694],[-128.0523,50.8703],[-128.0531,50.8729],[-128.0481,50.876],[-128.0502,50.8774],[-128.0498,50.879],[-128.0572,50.8772],[-128.0583,50.8753],[-128.0583,50.8787],[-128.0639,50.8788],[-128.0654,50.8765],[-128.0625,50.8738],[-128.0638,50.8722],[-128.074,50.8723],[-128.0926,50.8677],[-128.0977,50.8707],[-128.1007,50.8699],[-128.1061,50.8635],[-128.1158,50.8597],[-128.1185,50.8552],[-128.1241,50.8542],[-128.1202,50.8509],[-128.1203,50.8492],[-128.121,50.8467],[-128.1245,50.8447],[-128.1232,50.8422],[-128.1282,50.8393],[-128.1426,50.8388],[-128.1497,50.8447],[-128.1657,50.8427],[-128.1722,50.8455],[-128.1792,50.8439],[-128.1814,50.8414],[-128.1804,50.8391],[-128.1853,50.838],[-128.1839,50.8355],[-128.1865,50.8346],[-128.1942,50.8363],[-128.2141,50.8355],[-128.2157,50.8338],[-128.2135,50.8322],[-128.2133,50.8295],[-128.2183,50.8241],[-128.223,50.8206],[-128.2262,50.8207],[-128.2272,50.8162],[-128.2319,50.8155],[-128.2333,50.8127],[-128.241,50.8098],[-128.2476,50.8048],[-128.2566,50.8061],[-128.2618,50.802],[-128.2654,50.8014],[-128.2674,50.8057],[-128.2724,50.8078],[-128.2853,50.8034],[-128.2888,50.8055],[-128.2947,50.8009],[-128.2943,50.7982],[-128.2983,50.796],[-128.3072,50.7948],[-128.3106,50.7971],[-128.3137,50.7944],[-128.317,50.8016],[-128.3302,50.8064],[-128.3354,50.8048],[-128.3408,50.806],[-128.3495,50.8029],[-128.359,50.8039],[-128.3614,50.8026],[-128.3613,50.8004],[-128.3517,50.7968],[-128.3508,50.7943],[-128.3556,50.7873],[-128.3641,50.7826],[-128.3698,50.7835],[-128.3697,50.7864],[-128.3781,50.7869],[-128.386,50.7857],[-128.3874,50.7833],[-128.4062,50.7764],[-128.4139,50.7757],[-128.4213,50.784],[-128.4309,50.7863],[-128.4348,50.7827],[-128.4295,50.777],[-128.4349,50.7755],[-128.4317,50.7727],[-128.4325,50.769],[-128.4296,50.7677],[-128.4249,50.7698],[-128.4197,50.7666],[-128.4136,50.7666],[-128.412,50.7676],[-128.4123,50.7716],[-128.4096,50.7735],[-128.4024,50.7711],[-128.4054,50.768],[-128.406,50.7623],[-128.4036,50.7599],[-128.4056,50.7584],[-128.4022,50.756],[-128.4052,50.7549],[-128.3992,50.7506],[-128.4072,50.7479],[-128.4066,50.7451],[-128.4125,50.7435],[-128.3977,50.7363],[-128.3922,50.7364],[-128.3888,50.7342],[-128.3767,50.7374],[-128.3775,50.7381],[-128.3704,50.7459],[-128.3693,50.7529],[-128.366,50.7549],[-128.3542,50.7728],[-128.3539,50.7797],[-128.3522,50.7808],[-128.3485,50.7792],[-128.3491,50.7741],[-128.3542,50.7703],[-128.3525,50.7692],[-128.3542,50.7675],[-128.351,50.764],[-128.3505,50.7607],[-128.3566,50.7585],[-128.358,50.755],[-128.3645,50.7501],[-128.3678,50.7447],[-128.3675,50.7407],[-128.3723,50.7398],[-128.3705,50.7382],[-128.3726,50.7359],[-128.3717,50.7335],[-128.3868,50.7321],[-128.3866,50.7295],[-128.3916,50.7276],[-128.3918,50.7231],[-128.3746,50.7161],[-128.3759,50.7132],[-128.3724,50.7116],[-128.3691,50.7054],[-128.3637,50.7009],[-128.3664,50.6942],[-128.3722,50.6952],[-128.3758,50.6924],[-128.3803,50.6922],[-128.3786,50.6905],[-128.3798,50.6887],[-128.3764,50.6851],[-128.378,50.6834],[-128.3778,50.679],[-128.3736,50.6742],[-128.3757,50.6721],[-128.3716,50.6702],[-128.3686,50.6716],[-128.3642,50.6698],[-128.3599,50.671],[-128.3544,50.6771],[-128.3564,50.6794],[-128.3547,50.6814],[-128.3546,50.6868],[-128.3523,50.689],[-128.345,50.6847],[-128.3458,50.6768],[-128.3443,50.6723],[-128.3515,50.6698],[-128.3453,50.6638],[-128.3425,50.6651],[-128.3436,50.6666],[-128.3414,50.6703],[-128.3368,50.6707],[-128.3261,50.6677],[-128.327,50.6653],[-128.3258,50.6647],[-128.3218,50.6672],[-128.3205,50.6646],[-128.3088,50.6642],[-128.3021,50.6697],[-128.302,50.6713],[-128.2961,50.6725],[-128.2951,50.6754],[-128.2916,50.6775],[-128.2858,50.6752],[-128.2901,50.6749],[-128.2857,50.6725],[-128.2815,50.6735],[-128.275,50.6717],[-128.277,50.6699],[-128.2766,50.6676],[-128.2858,50.6653],[-128.2886,50.661],[-128.284,50.6549],[-128.2897,50.6559],[-128.2878,50.6536],[-128.2905,50.6523],[-128.2931,50.6547],[-128.2963,50.6548],[-128.2964,50.6534],[-128.2921,50.651],[-128.2955,50.6493],[-128.301,50.6502],[-128.3203,50.6482],[-128.321,50.6471],[-128.3177,50.646],[-128.3195,50.6426],[-128.3238,50.6396],[-128.3314,50.6398],[-128.3275,50.6361],[-128.329,50.6288],[-128.3269,50.6267],[-128.3196,50.6276],[-128.3191,50.6261],[-128.3234,50.625],[-128.3179,50.6219],[-128.3189,50.6192],[-128.3158,50.618],[-128.3083,50.6101],[-128.3025,50.6072],[-128.2834,50.6033],[-128.2741,50.6043],[-128.2754,50.6025],[-128.272,50.5995],[-128.2658,50.6012],[-128.2667,50.5995],[-128.2647,50.5976],[-128.2676,50.5955],[-128.2617,50.5931],[-128.2606,50.5899],[-128.2574,50.5886],[-128.2547,50.5887],[-128.2565,50.5904],[-128.2553,50.5916],[-128.2518,50.5894],[-128.2504,50.5911],[-128.2438,50.5882],[-128.2422,50.5887],[-128.2436,50.5902],[-128.2407,50.5909],[-128.2345,50.588],[-128.2302,50.5834],[-128.2294,50.585],[-128.232,50.5899],[-128.226,50.5914],[-128.2291,50.5902],[-128.2258,50.5841],[-128.2315,50.5813],[-128.2375,50.5812],[-128.2413,50.5771],[-128.2405,50.5724],[-128.2432,50.5721],[-128.2448,50.5739],[-128.2488,50.5706],[-128.2369,50.565],[-128.2358,50.5618],[-128.2293,50.5559],[-128.2239,50.5563],[-128.2197,50.5537],[-128.2162,50.5474],[-128.2106,50.5471],[-128.213,50.5437],[-128.2117,50.5429],[-128.2208,50.5432],[-128.2189,50.5411],[-128.2235,50.5395],[-128.2207,50.5364],[-128.2137,50.5342],[-128.2148,50.5322],[-128.2097,50.5295],[-128.2103,50.528],[-128.1966,50.524],[-128.1782,50.5222],[-128.177,50.5209],[-128.1791,50.5196],[-128.1775,50.5167],[-128.1659,50.5112],[-128.1625,50.5064],[-128.1525,50.5044],[-128.1473,50.5055],[-128.1425,50.5026],[-128.1391,50.5027],[-128.1396,50.5],[-128.0792,50.5],[-128.0837,50.5032],[-128.0857,50.5022],[-128.0847,50.5],[-128.0903,50.5],[-128.0908,50.5077],[-128.0882,50.5086],[-128.0757,50.5],[-128.0418,50.5],[-128.0403,50.5041],[-128.0344,50.508],[-128.0266,50.5092],[-128.0304,50.515],[-128.0288,50.5166],[-128.0299,50.5181],[-128.026,50.5222],[-128.0158,50.5266],[-128.0223,50.5292],[-128.0214,50.5308],[-128.0135,50.5325],[-128.0151,50.5345],[-128.0116,50.5356],[-128.013,50.5365],[-128.012,50.5373],[-128,50.5379],[-128,50.5292],[-128.0097,50.5276],[-128.0106,50.5248],[-128.0083,50.5212],[-128.0093,50.5185],[-128.0197,50.5123],[-128.0244,50.5058],[-128.03,50.5035],[-128.0322,50.5002],[-128,50.5],[-128,50.6429],[-128.0059,50.6479],[-128.0067,50.6517],[-128,50.6509],[-128,50.8594]],[[-128,50.9151],[-128.0018,50.9141],[-128,50.9129],[-128,50.9151]],[[-128,50.5334],[-128.0047,50.533],[-128.0056,50.5315],[-128,50.5306],[-128,50.5334]],[[-128.0904,50.87],[-128.0883,50.8711],[-128.0918,50.8725],[-128.0949,50.8712],[-128.0904,50.87]],[[-128.1455,50.5004],[-128.1436,50.5006],[-128.1465,50.5021],[-128.1455,50.5004]],[[-128.3233,50.6198],[-128.3246,50.6179],[-128.3231,50.6164],[-128.3196,50.617],[-128.3233,50.6198]],[[-128.3572,50.665],[-128.3547,50.6649],[-128.3556,50.6665],[-128.3525,50.6658],[-128.3528,50.6688],[-128.36,50.6688],[-128.3586,50.6665],[-128.3627,50.6639],[-128.3591,50.6625],[-128.3572,50.665]],[[-128.3669,50.6614],[-128.3672,50.6602],[-128.3618,50.6598],[-128.3627,50.6616],[-128.3669,50.6614]]],[[[-128,50.5],[-128,51],[-127.5167,51],[-127.5195,50.9979],[-127.5151,50.9898],[-127.5056,50.985],[-127.503,50.985],[-127.5074,50.9885],[-127.5,50.9851],[-127.5,50.5],[-128,50.5]],[[-127.5,50.5],[-127.5,50.7672],[-127.5101,50.7689],[-127.5136,50.774],[-127.518,50.774],[-127.5227,50.7762],[-127.5307,50.7752],[-127.5327,50.7769],[-127.5312,50.7784],[-127.5381,50.7797],[-127.5466,50.779],[-127.5508,50.783],[-127.5656,50.7848],[-127.5739,50.7839],[-127.5815,50.7899],[-127.5969,50.7915],[-127.6021,50.7947],[-127.6166,50.7985],[-127.6198,50.8008],[-127.6315,50.8021],[-127.6374,50.8058],[-127.6471,50.8073],[-127.6642,50.8134],[-127.6955,50.8189],[-127.7114,50.825],[-127.7415,50.8321],[-127.7476,50.8322],[-127.7584,50.8368],[-127.7733,50.8385],[-127.7839,50.8423],[-127.8015,50.8424],[-127.8149,50.8468],[-127.8491,50.8519],[-127.8541,50.8552],[-127.8593,50.8529],[-127.8612,50.8498],[-127.8667,50.8495],[-127.8685,50.8504],[-127.8669,50.8534],[-127.8675,50.8568],[-127.8744,50.8666],[-127.8818,50.8693],[-127.8864,50.8686],[-127.8917,50.8716],[-127.9005,50.8721],[-127.9059,50.8748],[-127.9213,50.8715],[-127.9313,50.875],[-127.9508,50.8745],[-127.965,50.8697],[-127.9826,50.8607],[-127.9962,50.8609],[-128,50.8594],[-128,50.5379],[-127.9901,50.5421],[-127.9863,50.5405],[-127.9797,50.5427],[-127.9728,50.5411],[-127.9511,50.5425],[-127.9476,50.5455],[-127.9403,50.545],[-127.9335,50.5432],[-127.9044,50.5272],[-127.896,50.5199],[-127.9063,50.5224],[-127.9138,50.5266],[-127.9257,50.5371],[-127.9324,50.5382],[-127.9414,50.5438],[-127.9531,50.5409],[-127.9654,50.5409],[-127.9854,50.5341],[-127.9893,50.531],[-128,50.5292],[-128,50.5],[-127.8761,50.5],[-127.8762,50.5016],[-127.8709,50.5],[-127.8671,50.5031],[-127.861,50.5028],[-127.8595,50.5067],[-127.8572,50.5075],[-127.8484,50.5036],[-127.8419,50.5047],[-127.8256,50.5],[-127.8417,50.5026],[-127.8421,50.5016],[-127.8381,50.5],[-127.7695,50.5],[-127.7384,50.5112],[-127.7291,50.511],[-127.7039,50.5171],[-127.6985,50.52],[-127.6727,50.5274],[-127.662,50.5327],[-127.6537,50.5331],[-127.6401,50.5366],[-127.6314,50.5347],[-127.6249,50.5365],[-127.6218,50.5345],[-127.6109,50.5336],[-127.6026,50.5374],[-127.5967,50.5428],[-127.5988,50.5464],[-127.6036,50.5486],[-127.6003,50.5519],[-127.5946,50.5487],[-127.5957,50.5469],[-127.5919,50.5437],[-127.5934,50.5401],[-127.589,50.5388],[-127.5861,50.5368],[-127.5863,50.5354],[-127.5699,50.5348],[-127.5669,50.5389],[-127.5663,50.547],[-127.5593,50.5516],[-127.5606,50.5526],[-127.559,50.5552],[-127.5617,50.5588],[-127.5691,50.5596],[-127.5956,50.5721],[-127.5965,50.5741],[-127.6074,50.5763],[-127.6166,50.5806],[-127.6394,50.5793],[-127.6616,50.5834],[-127.6815,50.5839],[-127.6872,50.5826],[-127.6969,50.5835],[-127.7017,50.5866],[-127.7068,50.5841],[-127.7424,50.5874],[-127.7455,50.5889],[-127.7568,50.5855],[-127.7598,50.5891],[-127.7597,50.5937],[-127.7631,50.5952],[-127.7936,50.5978],[-127.8186,50.6046],[-127.8247,50.6047],[-127.8397,50.6107],[-127.8524,50.6137],[-127.8683,50.6145],[-127.8729,50.6181],[-127.8941,50.6209],[-127.9056,50.6255],[-127.924,50.6299],[-127.9341,50.6298],[-127.9482,50.6337],[-127.9508,50.6312],[-127.9566,50.6312],[-127.9896,50.639],[-127.9946,50.6423],[-128,50.6429],[-128,50.6509],[-127.9694,50.6434],[-127.9585,50.6423],[-127.9583,50.6436],[-127.9622,50.6449],[-127.961,50.6455],[-127.9531,50.6423],[-127.9501,50.644],[-127.9489,50.6419],[-127.9424,50.6395],[-127.9343,50.6395],[-127.9257,50.6367],[-127.9013,50.6356],[-127.8946,50.627],[-127.8823,50.6222],[-127.8397,50.6173],[-127.7911,50.6039],[-127.7806,50.6074],[-127.7671,50.6059],[-127.7606,50.6071],[-127.7594,50.6033],[-127.7514,50.6007],[-127.7467,50.6047],[-127.7279,50.6062],[-127.7195,50.6046],[-127.715,50.6018],[-127.7095,50.6016],[-127.7027,50.6026],[-127.7005,50.6052],[-127.7004,50.6089],[-127.6989,50.6094],[-127.684,50.605],[-127.6527,50.6068],[-127.6527,50.6037],[-127.6503,50.6021],[-127.6527,50.5993],[-127.6447,50.5994],[-127.6265,50.5951],[-127.6005,50.5932],[-127.5903,50.5939],[-127.5744,50.6003],[-127.5687,50.5944],[-127.5801,50.5917],[-127.5811,50.5903],[-127.5791,50.5833],[-127.57,50.5805],[-127.5624,50.5725],[-127.5536,50.5684],[-127.539,50.5748],[-127.5353,50.5823],[-127.5266,50.5843],[-127.5186,50.5904],[-127.5057,50.5962],[-127.5,50.5937],[-127.5,50.575],[-127.5237,50.5708],[-127.5252,50.5679],[-127.5304,50.5674],[-127.5304,50.5621],[-127.5381,50.5585],[-127.5354,50.5561],[-127.5284,50.5567],[-127.5247,50.5496],[-127.5213,50.5462],[-127.5156,50.544],[-127.5193,50.5397],[-127.5266,50.5433],[-127.5272,50.547],[-127.5311,50.5504],[-127.5517,50.5552],[-127.556,50.5527],[-127.5556,50.5497],[-127.5623,50.5439],[-127.5612,50.5387],[-127.5647,50.5327],[-127.5646,50.529],[-127.5677,50.5267],[-127.5732,50.5259],[-127.573,50.5227],[-127.5799,50.5205],[-127.5782,50.5259],[-127.5842,50.528],[-127.5872,50.5272],[-127.5923,50.5301],[-127.6032,50.5247],[-127.6091,50.5239],[-127.6077,50.5185],[-127.6028,50.517],[-127.5961,50.5113],[-127.5889,50.5094],[-127.5849,50.505],[-127.5811,50.5045],[-127.5793,50.5099],[-127.5762,50.51],[-127.5764,50.5049],[-127.5683,50.5],[-127.5,50.5]],[[-127.5028,50.7719],[-127.5087,50.77],[-127.5,50.768],[-127.5,50.7723],[-127.5028,50.7719]],[[-127.5,50.8807],[-127.5023,50.8812],[-127.5021,50.8783],[-127.5,50.8787],[-127.5,50.8807]],[[-127.5041,50.8223],[-127.504,50.8204],[-127.5,50.8213],[-127.5017,50.8237],[-127.5041,50.8223]],[[-127.5038,50.8771],[-127.5045,50.8797],[-127.5079,50.8804],[-127.5084,50.8783],[-127.5038,50.8771]],[[-127.5187,50.8307],[-127.5157,50.8251],[-127.5073,50.8258],[-127.5054,50.8273],[-127.5078,50.833],[-127.514,50.8346],[-127.5158,50.8334],[-127.5154,50.8316],[-127.5187,50.8307]],[[-127.5117,50.8748],[-127.5087,50.8723],[-127.507,50.8739],[-127.5088,50.8754],[-127.5117,50.8748]],[[-127.542,50.9128],[-127.5413,50.9109],[-127.5427,50.9108],[-127.5465,50.9175],[-127.5538,50.9205],[-127.5562,50.9147],[-127.5546,50.912],[-127.5495,50.9075],[-127.5443,50.9055],[-127.543,50.9023],[-127.5362,50.8993],[-127.5341,50.8966],[-127.5375,50.8951],[-127.5351,50.8927],[-127.5364,50.891],[-127.5294,50.8865],[-127.5281,50.8837],[-127.5212,50.8814],[-127.5213,50.8793],[-127.519,50.878],[-127.5143,50.8794],[-127.512,50.8826],[-127.5137,50.8836],[-127.5141,50.8873],[-127.5122,50.8904],[-127.5155,50.8901],[-127.5099,50.8925],[-127.5117,50.8965],[-127.5173,50.8995],[-127.5266,50.8962],[-127.5312,50.8971],[-127.5354,50.9027],[-127.5291,50.9078],[-127.5406,50.9139],[-127.542,50.9128]],[[-127.5194,50.9022],[-127.5178,50.9033],[-127.5228,50.905],[-127.5194,50.9022]],[[-127.5241,50.8413],[-127.5181,50.8428],[-127.5229,50.8428],[-127.5241,50.8413]],[[-127.5563,50.8363],[-127.5415,50.8325],[-127.5339,50.8347],[-127.5202,50.8333],[-127.5185,50.8361],[-127.5215,50.8378],[-127.5268,50.837],[-127.532,50.8394],[-127.5373,50.838],[-127.5391,50.8398],[-127.5463,50.8413],[-127.5537,50.8387],[-127.5563,50.8363]],[[-127.5198,50.9961],[-127.5207,50.9975],[-127.5216,50.9961],[-127.5198,50.9961]],[[-127.5201,50.826],[-127.5233,50.8313],[-127.5348,50.8342],[-127.5376,50.8333],[-127.5296,50.8315],[-127.5255,50.8276],[-127.5201,50.826]],[[-127.5217,50.8774],[-127.5206,50.878],[-127.5235,50.8798],[-127.5217,50.8774]],[[-127.5235,50.9037],[-127.5309,50.9049],[-127.5337,50.9034],[-127.529,50.8988],[-127.5241,50.8998],[-127.5221,50.9018],[-127.5235,50.9037]],[[-127.5244,50.9894],[-127.5276,50.992],[-127.5262,50.9936],[-127.5258,50.9921],[-127.5234,50.9921],[-127.5274,50.9953],[-127.5373,50.994],[-127.5262,50.9889],[-127.5244,50.9894]],[[-127.5322,51],[-127.5241,50.9954],[-127.5245,51],[-127.5322,51]],[[-127.5263,50.9076],[-127.5301,50.9058],[-127.526,50.9052],[-127.5249,50.9066],[-127.5263,50.9076]],[[-127.5338,50.9128],[-127.5353,50.9125],[-127.5325,50.9099],[-127.5338,50.9128]],[[-127.5422,50.9211],[-127.5452,50.9193],[-127.5376,50.9137],[-127.5335,50.9133],[-127.5379,50.9187],[-127.5422,50.9211]],[[-127.5566,50.8142],[-127.559,50.8117],[-127.5511,50.8098],[-127.5437,50.8109],[-127.5457,50.8165],[-127.5503,50.8186],[-127.5573,50.8175],[-127.5584,50.8161],[-127.5566,50.8142]],[[-127.552,50.556],[-127.5547,50.5564],[-127.5557,50.5548],[-127.552,50.556]],[[-127.5567,50.8506],[-127.5546,50.8517],[-127.5584,50.8524],[-127.5623,50.8511],[-127.5567,50.8506]],[[-127.5917,50.8508],[-127.5947,50.8485],[-127.5917,50.8469],[-127.5994,50.8439],[-127.5938,50.8397],[-127.5958,50.8328],[-127.5791,50.8309],[-127.5808,50.8293],[-127.5792,50.8286],[-127.5675,50.8306],[-127.5657,50.8292],[-127.5581,50.8292],[-127.5567,50.8335],[-127.5587,50.8373],[-127.5669,50.8381],[-127.5819,50.843],[-127.5792,50.8441],[-127.5703,50.8421],[-127.5671,50.8448],[-127.5917,50.8508]],[[-127.5628,50.8172],[-127.5605,50.8186],[-127.5632,50.8193],[-127.5659,50.8176],[-127.5628,50.8172]],[[-127.5656,50.9028],[-127.5684,50.9049],[-127.5675,50.9023],[-127.5656,50.9028]],[[-127.57,50.9064],[-127.5693,50.9077],[-127.5709,50.9088],[-127.5721,50.907],[-127.57,50.9064]],[[-127.5772,50.9106],[-127.5746,50.9136],[-127.5812,50.9115],[-127.5772,50.9106]],[[-127.5751,50.9071],[-127.5776,50.91],[-127.5795,50.9078],[-127.5751,50.9071]],[[-127.5789,50.5294],[-127.5783,50.5317],[-127.5817,50.5331],[-127.585,50.5317],[-127.5822,50.5292],[-127.5789,50.5294]],[[-127.5842,50.918],[-127.5806,50.917],[-127.5799,50.9181],[-127.5842,50.918]],[[-127.599,50.9058],[-127.5879,50.8997],[-127.5839,50.8997],[-127.581,50.9016],[-127.5832,50.904],[-127.5918,50.9064],[-127.599,50.9058]],[[-127.5887,50.8198],[-127.5933,50.8218],[-127.5926,50.82],[-127.5887,50.8198]],[[-127.595,50.9076],[-127.5971,50.9101],[-127.5978,50.9087],[-127.595,50.9076]],[[-127.6511,50.5121],[-127.6389,50.5106],[-127.6294,50.5042],[-127.6217,50.5083],[-127.6104,50.5033],[-127.6111,50.5012],[-127.6053,50.5011],[-127.6094,50.5057],[-127.6197,50.5119],[-127.6299,50.5207],[-127.6452,50.5251],[-127.6557,50.5236],[-127.6541,50.5174],[-127.6613,50.5217],[-127.6724,50.5188],[-127.6768,50.5138],[-127.6707,50.5111],[-127.6747,50.5],[-127.6664,50.5],[-127.6577,50.5093],[-127.6511,50.5121]],[[-127.6302,50.8685],[-127.6395,50.8659],[-127.6415,50.8693],[-127.6448,50.8701],[-127.6467,50.869],[-127.6485,50.8644],[-127.6448,50.8587],[-127.6371,50.8531],[-127.6357,50.8465],[-127.6301,50.84],[-127.6317,50.8371],[-127.6291,50.8326],[-127.6191,50.8264],[-127.6093,50.8327],[-127.6144,50.8382],[-127.6124,50.8404],[-127.6145,50.842],[-127.6124,50.8497],[-127.6154,50.8528],[-127.611,50.8575],[-127.6111,50.86],[-127.6186,50.8647],[-127.6302,50.8685]],[[-127.62,50.5177],[-127.6214,50.5196],[-127.6222,50.5185],[-127.62,50.5177]],[[-127.622,50.8269],[-127.624,50.8276],[-127.6245,50.826],[-127.622,50.8269]],[[-127.6276,50.8279],[-127.6265,50.8297],[-127.6296,50.8313],[-127.6313,50.8303],[-127.6276,50.8279]],[[-127.6302,50.8319],[-127.6351,50.8365],[-127.6357,50.835],[-127.6335,50.8325],[-127.6302,50.8319]],[[-127.6394,50.5343],[-127.6372,50.5344],[-127.6393,50.5357],[-127.6394,50.5343]],[[-127.6388,50.8527],[-127.6397,50.8542],[-127.6446,50.8537],[-127.6388,50.8527]],[[-127.8352,50.8744],[-127.8312,50.8751],[-127.8118,50.8699],[-127.8121,50.868],[-127.7994,50.8631],[-127.7831,50.8637],[-127.7772,50.862],[-127.7741,50.8591],[-127.781,50.8609],[-127.7804,50.8593],[-127.7742,50.8575],[-127.7634,50.8564],[-127.7567,50.8581],[-127.7588,50.8604],[-127.7574,50.8614],[-127.7465,50.8588],[-127.747,50.8576],[-127.738,50.8533],[-127.7023,50.8466],[-127.6877,50.8409],[-127.6552,50.8318],[-127.6517,50.8325],[-127.6679,50.8535],[-127.668,50.8572],[-127.6632,50.8578],[-127.6616,50.8546],[-127.6536,50.8476],[-127.6511,50.8425],[-127.6489,50.8434],[-127.6442,50.8422],[-127.6426,50.8446],[-127.6455,50.8489],[-127.6543,50.8545],[-127.6535,50.8584],[-127.6573,50.8651],[-127.6572,50.8687],[-127.6638,50.8715],[-127.6626,50.8751],[-127.666,50.8764],[-127.6675,50.8753],[-127.6727,50.8798],[-127.679,50.8869],[-127.6755,50.8867],[-127.6777,50.8878],[-127.6781,50.8905],[-127.7239,50.9164],[-127.7312,50.9139],[-127.7368,50.9167],[-127.7372,50.9119],[-127.7347,50.9078],[-127.738,50.9062],[-127.7394,50.9061],[-127.7379,50.9084],[-127.7398,50.9109],[-127.7461,50.9126],[-127.7481,50.9094],[-127.757,50.9104],[-127.7729,50.9072],[-127.7754,50.9036],[-127.779,50.9053],[-127.7893,50.9038],[-127.8187,50.8951],[-127.8263,50.8912],[-127.8322,50.8911],[-127.8422,50.8853],[-127.8398,50.8822],[-127.8436,50.8802],[-127.8352,50.8744]],[[-127.6536,50.94],[-127.6535,50.9415],[-127.6582,50.9421],[-127.6578,50.9404],[-127.6536,50.94]],[[-127.6553,50.5996],[-127.6543,50.6007],[-127.6575,50.6013],[-127.6553,50.5996]],[[-127.6739,50.8854],[-127.6725,50.8813],[-127.6684,50.8788],[-127.6739,50.8854]],[[-127.6768,50.5974],[-127.6698,50.5976],[-127.6741,50.5985],[-127.6768,50.5974]],[[-127.6964,50.6025],[-127.6957,50.6013],[-127.6879,50.6002],[-127.6935,50.6028],[-127.6964,50.6025]],[[-127.7027,50.595],[-127.6973,50.5941],[-127.6958,50.5953],[-127.7027,50.595]],[[-127.6997,50.5173],[-127.7024,50.5145],[-127.6967,50.5157],[-127.6971,50.5178],[-127.6997,50.5173]],[[-127.7137,50.9844],[-127.7149,50.9836],[-127.7112,50.9817],[-127.7069,50.982],[-127.7095,50.9845],[-127.7103,50.9829],[-127.7137,50.9844]],[[-127.721,50.9735],[-127.7178,50.9766],[-127.7212,50.9796],[-127.7296,50.9807],[-127.7315,50.9793],[-127.7283,50.9745],[-127.721,50.9735]],[[-127.8042,50.9282],[-127.8027,50.9251],[-127.8105,50.9224],[-127.8074,50.9207],[-127.8062,50.9179],[-127.8111,50.9187],[-127.8127,50.9148],[-127.8108,50.9131],[-127.8146,50.9125],[-127.8108,50.9096],[-127.7984,50.91],[-127.7924,50.9158],[-127.793,50.9171],[-127.7885,50.9175],[-127.798,50.9228],[-127.7965,50.9237],[-127.7987,50.9249],[-127.7967,50.9259],[-127.7968,50.9276],[-127.8012,50.9306],[-127.8042,50.9282]],[[-127.9045,50.9399],[-127.9088,50.9367],[-127.9129,50.9399],[-127.9258,50.9408],[-127.9271,50.9393],[-127.9233,50.9326],[-127.9293,50.9275],[-127.9345,50.9268],[-127.9399,50.9233],[-127.9528,50.9237],[-127.9548,50.9257],[-127.9598,50.9214],[-127.9669,50.9212],[-127.9732,50.9189],[-127.9828,50.922],[-127.9856,50.9212],[-127.9873,50.9173],[-127.9937,50.9186],[-128,50.9151],[-128,50.9129],[-127.9968,50.9113],[-127.9978,50.9096],[-127.9927,50.9094],[-127.9925,50.9074],[-127.9902,50.9075],[-127.9882,50.9052],[-127.9464,50.8985],[-127.9419,50.9002],[-127.9395,50.9066],[-127.9352,50.9088],[-127.9363,50.913],[-127.94,50.9173],[-127.94,50.9204],[-127.9369,50.9213],[-127.9358,50.9147],[-127.9296,50.9114],[-127.9333,50.9074],[-127.933,50.903],[-127.9299,50.8985],[-127.9308,50.896],[-127.9293,50.8949],[-127.9143,50.8965],[-127.9024,50.8943],[-127.9043,50.897],[-127.901,50.8991],[-127.8996,50.9029],[-127.8971,50.9008],[-127.8961,50.8972],[-127.8912,50.8974],[-127.8856,50.8904],[-127.8767,50.8882],[-127.8694,50.8897],[-127.8681,50.8916],[-127.863,50.8917],[-127.855,50.8958],[-127.8565,50.898],[-127.8538,50.9015],[-127.8481,50.8981],[-127.8416,50.898],[-127.8328,50.903],[-127.8323,50.906],[-127.8472,50.915],[-127.8438,50.9192],[-127.8449,50.9237],[-127.843,50.9282],[-127.8406,50.9313],[-127.8362,50.9317],[-127.8363,50.933],[-127.8434,50.9359],[-127.8515,50.9342],[-127.8623,50.9352],[-127.8656,50.9336],[-127.8736,50.9347],[-127.877,50.9369],[-127.8924,50.9398],[-127.9002,50.945],[-127.9038,50.944],[-127.9055,50.9412],[-127.9045,50.9399]],[[-127.8478,50.8858],[-127.85,50.8833],[-127.8435,50.8829],[-127.8445,50.8852],[-127.8478,50.8858]],[[-127.8525,50.8956],[-127.8478,50.8975],[-127.8518,50.8987],[-127.8525,50.8956]],[[-127.8523,50.5009],[-127.8486,50.5],[-127.8519,50.5024],[-127.8523,50.5009]],[[-127.9337,50.91],[-127.9325,50.9113],[-127.9341,50.9124],[-127.9337,50.91]],[[-127.9601,50.9281],[-127.959,50.9265],[-127.9557,50.9276],[-127.9582,50.9295],[-127.9601,50.9281]],[[-127.9891,50.5323],[-127.9874,50.533],[-127.9876,50.5345],[-127.995,50.5347],[-127.9925,50.5324],[-127.9891,50.5323]],[[-127.9972,50.5364],[-127.9931,50.5367],[-127.9947,50.5381],[-127.9972,50.5364]],[[-127.9947,50.5328],[-128,50.5334],[-128,50.5306],[-127.9947,50.5328]]],[[[-127.5,50.5],[-127.5,51],[-127.2177,51],[-127.2322,50.9965],[-127.2336,50.9939],[-127.2255,50.9893],[-127.2096,50.9846],[-127.1962,50.9782],[-127.188,50.9722],[-127.1784,50.9721],[-127.1727,50.9665],[-127.1744,50.9653],[-127.18,50.9668],[-127.1791,50.9688],[-127.1863,50.9688],[-127.1917,50.9718],[-127.1984,50.9688],[-127.1985,50.9707],[-127.2018,50.9722],[-127.201,50.974],[-127.2141,50.9816],[-127.246,50.9936],[-127.2684,50.9936],[-127.2899,50.9897],[-127.306,50.9887],[-127.3054,50.9906],[-127.2898,50.9953],[-127.2734,50.9953],[-127.2676,50.9986],[-127.2618,50.9974],[-127.2564,50.9982],[-127.2552,51],[-127.5,51],[-127.5,50.9851],[-127.4821,50.9785],[-127.478,50.9798],[-127.474,50.9789],[-127.4715,50.977],[-127.4719,50.9754],[-127.4672,50.9731],[-127.465,50.9733],[-127.4659,50.9745],[-127.4635,50.9754],[-127.4558,50.9733],[-127.46,50.976],[-127.4571,50.977],[-127.4495,50.9728],[-127.4392,50.9717],[-127.4355,50.9693],[-127.4195,50.9683],[-127.4199,50.9668],[-127.4344,50.9687],[-127.4362,50.9683],[-127.4335,50.9664],[-127.4372,50.9668],[-127.4354,50.9647],[-127.4248,50.963],[-127.4317,50.9631],[-127.4236,50.9596],[-127.4581,50.9641],[-127.4623,50.9626],[-127.4625,50.959],[-127.4601,50.9579],[-127.4544,50.9599],[-127.4495,50.9561],[-127.4506,50.9541],[-127.4489,50.9514],[-127.4344,50.9465],[-127.4334,50.9432],[-127.4256,50.9378],[-127.4043,50.9323],[-127.4049,50.9289],[-127.4032,50.9276],[-127.4081,50.9264],[-127.4066,50.9245],[-127.3839,50.9238],[-127.3816,50.9209],[-127.3749,50.9203],[-127.3651,50.9166],[-127.3632,50.9191],[-127.3666,50.9192],[-127.3684,50.9217],[-127.3652,50.9241],[-127.3647,50.9274],[-127.3527,50.9221],[-127.3493,50.9226],[-127.3502,50.9261],[-127.3459,50.922],[-127.3363,50.9051],[-127.3261,50.903],[-127.3109,50.9065],[-127.3088,50.9031],[-127.3042,50.9031],[-127.2954,50.8992],[-127.2864,50.8979],[-127.2735,50.8999],[-127.2703,50.902],[-127.2738,50.9037],[-127.2814,50.9042],[-127.2879,50.9029],[-127.3029,50.9072],[-127.294,50.9098],[-127.2852,50.9094],[-127.2774,50.9133],[-127.2726,50.9137],[-127.2788,50.9101],[-127.2712,50.9093],[-127.2726,50.9063],[-127.2696,50.9044],[-127.2627,50.9039],[-127.2621,50.9067],[-127.2606,50.9068],[-127.2552,50.9044],[-127.2588,50.9031],[-127.2579,50.9017],[-127.2521,50.9027],[-127.2462,50.8996],[-127.2362,50.9016],[-127.2349,50.9003],[-127.24,50.8986],[-127.2395,50.8958],[-127.219,50.8849],[-127.2115,50.8822],[-127.204,50.8819],[-127.1975,50.8757],[-127.1899,50.8734],[-127.1873,50.8739],[-127.1872,50.8758],[-127.1801,50.8722],[-127.1746,50.8741],[-127.1705,50.8731],[-127.1666,50.8742],[-127.1586,50.8716],[-127.1501,50.8646],[-127.1446,50.8634],[-127.1405,50.8581],[-127.1347,50.8552],[-127.1247,50.8551],[-127.109,50.8494],[-127.102,50.8497],[-127.0897,50.8445],[-127.0886,50.841],[-127.0742,50.8398],[-127.0759,50.8363],[-127.066,50.8303],[-127.0688,50.8294],[-127.0694,50.8257],[-127.0592,50.8181],[-127.0531,50.8185],[-127.0539,50.8207],[-127.051,50.8213],[-127.0585,50.8258],[-127.0571,50.8272],[-127.0469,50.8213],[-127.0406,50.8208],[-127.0396,50.822],[-127.0365,50.8182],[-127.0268,50.8165],[-127.0143,50.8171],[-127.0146,50.8201],[-127.0057,50.8277],[-127.0089,50.8311],[-127.0068,50.8343],[-127,50.8345],[-127,50.8867],[-127.0038,50.8899],[-127.0155,50.8912],[-127.0165,50.8901],[-127.0121,50.889],[-127.0096,50.8856],[-127.0163,50.8877],[-127.0226,50.8868],[-127.0318,50.888],[-127.0341,50.8914],[-127.0459,50.8884],[-127.0534,50.8923],[-127.0743,50.8958],[-127.099,50.9038],[-127.1164,50.9057],[-127.1374,50.9109],[-127.1449,50.9107],[-127.1468,50.9117],[-127.1455,50.9135],[-127.1459,50.9189],[-127.1669,50.924],[-127.1889,50.922],[-127.1938,50.9195],[-127.1976,50.9195],[-127.1888,50.9243],[-127.1887,50.9283],[-127.1868,50.93],[-127.1745,50.9267],[-127.1678,50.9317],[-127.1568,50.9311],[-127.1557,50.9318],[-127.158,50.9332],[-127.1408,50.9354],[-127.1309,50.944],[-127.1343,50.9471],[-127.14,50.9488],[-127.125,50.9536],[-127.1045,50.9524],[-127.0957,50.9492],[-127.0918,50.9492],[-127.0829,50.951],[-127.0795,50.9561],[-127.0803,50.9605],[-127.078,50.9618],[-127.0683,50.9596],[-127.0668,50.9585],[-127.067,50.9553],[-127.0652,50.955],[-127.0535,50.9559],[-127.0499,50.9592],[-127.0448,50.9587],[-127.0432,50.9622],[-127.0404,50.9634],[-127.0441,50.9655],[-127.0427,50.9697],[-127.0464,50.9805],[-127.0612,50.9901],[-127.064,50.996],[-127.0692,51],[-127.0529,51],[-127.0502,50.9986],[-127.0506,50.9969],[-127.0565,50.9944],[-127.0574,50.9914],[-127.0473,50.9849],[-127.0373,50.9831],[-127.036,50.979],[-127.0413,50.9767],[-127.0434,50.9737],[-127.0418,50.971],[-127.0356,50.9682],[-127.0397,50.9651],[-127.0379,50.9638],[-127.0398,50.9622],[-127.0368,50.9608],[-127.037,50.9583],[-127.0408,50.9559],[-127.0462,50.9567],[-127.072,50.9518],[-127.0781,50.9481],[-127.0887,50.9473],[-127.0912,50.9445],[-127.1188,50.9522],[-127.1232,50.9501],[-127.131,50.95],[-127.1321,50.9477],[-127.128,50.9462],[-127.1243,50.9475],[-127.1221,50.945],[-127.1302,50.9427],[-127.13,50.939],[-127.1383,50.9345],[-127.1367,50.9324],[-127.1377,50.9311],[-127.1192,50.9235],[-127.1163,50.9201],[-127.1093,50.9193],[-127.1098,50.917],[-127.1052,50.9179],[-127.094,50.9159],[-127.0917,50.9166],[-127.0921,50.9187],[-127.0905,50.9199],[-127.0853,50.9212],[-127.065,50.912],[-127.0587,50.911],[-127.0567,50.9098],[-127.0588,50.9073],[-127.0429,50.9066],[-127.0304,50.912],[-127.0355,50.9135],[-127.0389,50.91],[-127.0411,50.9103],[-127.0366,50.9154],[-127.0311,50.9162],[-127.0187,50.9086],[-127.0219,50.9067],[-127.0203,50.9033],[-127,50.905],[-127,50.5],[-127.5,50.5]],[[-127,50.5],[-127,50.5862],[-127.0116,50.5864],[-127.0248,50.5835],[-127.0506,50.5895],[-127.0667,50.5863],[-127.0766,50.5905],[-127.0872,50.5926],[-127.0918,50.5893],[-127.1053,50.5902],[-127.1071,50.5936],[-127.1111,50.5926],[-127.1105,50.5908],[-127.1183,50.5896],[-127.1348,50.5924],[-127.1376,50.5938],[-127.1376,50.5972],[-127.1335,50.6009],[-127.1127,50.5991],[-127.0771,50.6036],[-127.0834,50.6075],[-127.0973,50.6085],[-127.1092,50.6113],[-127.1247,50.611],[-127.1282,50.6132],[-127.1351,50.6093],[-127.1466,50.608],[-127.1616,50.6132],[-127.1743,50.6131],[-127.1807,50.6152],[-127.1878,50.6133],[-127.1967,50.6147],[-127.2111,50.625],[-127.2118,50.6275],[-127.2194,50.6289],[-127.231,50.6352],[-127.2416,50.6374],[-127.2578,50.6471],[-127.2694,50.649],[-127.2771,50.652],[-127.2814,50.6593],[-127.2926,50.6585],[-127.3059,50.6601],[-127.3138,50.6656],[-127.326,50.6682],[-127.3267,50.6713],[-127.3385,50.6718],[-127.347,50.6788],[-127.3541,50.6802],[-127.376,50.6895],[-127.3795,50.6937],[-127.3796,50.6965],[-127.3841,50.7001],[-127.3877,50.7],[-127.3898,50.6981],[-127.3989,50.6986],[-127.4079,50.6958],[-127.4153,50.6959],[-127.4241,50.7016],[-127.4257,50.7122],[-127.4241,50.7172],[-127.4182,50.7219],[-127.4174,50.7253],[-127.4124,50.7257],[-127.4104,50.7283],[-127.411,50.732],[-127.4081,50.7338],[-127.4091,50.7359],[-127.4062,50.7384],[-127.4085,50.7478],[-127.4184,50.7494],[-127.4245,50.7474],[-127.4499,50.7452],[-127.446,50.7394],[-127.4476,50.7368],[-127.4431,50.7331],[-127.4581,50.7299],[-127.4604,50.7263],[-127.4568,50.7251],[-127.4583,50.7225],[-127.457,50.7208],[-127.4724,50.7222],[-127.4731,50.7199],[-127.4761,50.7182],[-127.4829,50.7163],[-127.4854,50.7111],[-127.4808,50.7116],[-127.4738,50.7074],[-127.4703,50.7034],[-127.4747,50.7023],[-127.481,50.704],[-127.4916,50.7136],[-127.4874,50.7142],[-127.488,50.7173],[-127.4852,50.7189],[-127.4905,50.724],[-127.4906,50.7309],[-127.496,50.7326],[-127.4961,50.7354],[-127.4935,50.7367],[-127.4952,50.7389],[-127.4945,50.7424],[-127.4961,50.7437],[-127.4927,50.7501],[-127.4935,50.7556],[-127.4872,50.7631],[-127.4845,50.764],[-127.4846,50.7655],[-127.5,50.7672],[-127.5,50.5937],[-127.4886,50.5923],[-127.4831,50.5872],[-127.4596,50.5862],[-127.4491,50.5893],[-127.4435,50.5938],[-127.4275,50.5964],[-127.4287,50.5984],[-127.4222,50.5958],[-127.423,50.5943],[-127.4195,50.5927],[-127.416,50.588],[-127.4176,50.5843],[-127.4248,50.5822],[-127.4672,50.5765],[-127.4874,50.5767],[-127.5,50.575],[-127.5,50.5],[-127,50.5]],[[-127.108,50.6753],[-127.1204,50.6671],[-127.158,50.647],[-127.163,50.6422],[-127.1637,50.6385],[-127.1555,50.6301],[-127.1512,50.6316],[-127.1301,50.6279],[-127.1041,50.6303],[-127.0833,50.6298],[-127.0453,50.6379],[-127.0434,50.6391],[-127.0419,50.6439],[-127.0357,50.6473],[-127.0312,50.646],[-127.0305,50.6445],[-127.0322,50.6427],[-127.0284,50.6358],[-127.0188,50.6288],[-127.018,50.6229],[-127.0155,50.6206],[-127.0059,50.6194],[-127,50.6231],[-127,50.6646],[-127.0054,50.6641],[-127.0192,50.6574],[-127.0262,50.6569],[-127.0309,50.6594],[-127.0415,50.6609],[-127.0513,50.6659],[-127.0562,50.6708],[-127.0697,50.6655],[-127.082,50.6658],[-127.0946,50.6683],[-127.108,50.6753]],[[-127.0173,50.6032],[-127.0218,50.605],[-127.03,50.6028],[-127.0236,50.5973],[-127.0165,50.5994],[-127.0173,50.6032]],[[-127.0175,50.8887],[-127.0201,50.8905],[-127.0216,50.8891],[-127.0175,50.8887]],[[-127.0353,50.9072],[-127.0303,50.9057],[-127.0249,50.9068],[-127.0267,50.9081],[-127.0353,50.9072]],[[-127.0362,50.8924],[-127.0369,50.8944],[-127.0388,50.892],[-127.0362,50.8924]],[[-127.0601,50.9968],[-127.0573,50.9966],[-127.0598,50.9981],[-127.0601,50.9968]],[[-127.0698,50.7642],[-127.0789,50.7663],[-127.0782,50.7676],[-127.0816,50.7693],[-127.086,50.7655],[-127.082,50.7626],[-127.0698,50.7642]],[[-127.1182,50.7747],[-127.1148,50.7707],[-127.1074,50.77],[-127.1083,50.7668],[-127.1031,50.7648],[-127.0946,50.7648],[-127.0853,50.7683],[-127.089,50.7715],[-127.0977,50.7745],[-127.1034,50.7721],[-127.1056,50.776],[-127.1115,50.7773],[-127.1182,50.7747]],[[-127.0969,50.5927],[-127.0963,50.5906],[-127.092,50.593],[-127.0969,50.5927]],[[-127.1422,50.9224],[-127.1421,50.9211],[-127.1378,50.9193],[-127.132,50.9209],[-127.1422,50.9224]],[[-127.1388,50.9142],[-127.1419,50.9153],[-127.1431,50.9127],[-127.1388,50.9142]],[[-127.1417,50.9258],[-127.1511,50.9288],[-127.1543,50.9282],[-127.1529,50.9246],[-127.1426,50.9235],[-127.14,50.9247],[-127.1417,50.9258]],[[-127.1463,50.9337],[-127.1468,50.9324],[-127.1402,50.9321],[-127.1403,50.9337],[-127.1463,50.9337]],[[-127.1521,50.9226],[-127.151,50.9212],[-127.1468,50.921],[-127.1521,50.9226]],[[-127.2164,50.876],[-127.2124,50.8737],[-127.2073,50.8758],[-127.2142,50.8789],[-127.2168,50.8772],[-127.2164,50.876]],[[-127.2252,50.8785],[-127.2234,50.8835],[-127.2283,50.8859],[-127.2329,50.8835],[-127.2325,50.8801],[-127.2306,50.8788],[-127.2252,50.8785]],[[-127.2336,50.8913],[-127.2345,50.8926],[-127.2405,50.8925],[-127.2371,50.8908],[-127.2336,50.8913]],[[-127.2465,50.8872],[-127.2478,50.8857],[-127.2399,50.8802],[-127.2365,50.88],[-127.2391,50.8845],[-127.2367,50.8867],[-127.2465,50.8872]],[[-127.2448,50.8907],[-127.2425,50.8916],[-127.2429,50.8954],[-127.2499,50.8965],[-127.2522,50.8938],[-127.2448,50.8907]],[[-127.2445,50.6411],[-127.2426,50.6415],[-127.2472,50.6433],[-127.2445,50.6411]],[[-127.2533,50.9945],[-127.2538,50.9956],[-127.2568,50.995],[-127.2533,50.9945]],[[-127.2591,50.9947],[-127.2604,50.9957],[-127.2614,50.9946],[-127.2591,50.9947]],[[-127.2688,50.9967],[-127.2656,50.9964],[-127.2656,50.9975],[-127.2688,50.9967]],[[-127.2817,50.9094],[-127.2855,50.9068],[-127.285,50.9058],[-127.277,50.9072],[-127.2817,50.9094]],[[-127.3086,50.899],[-127.305,50.8983],[-127.3091,50.901],[-127.3086,50.899]],[[-127.3372,50.8985],[-127.3309,50.8945],[-127.3265,50.895],[-127.3266,50.8962],[-127.3335,50.8987],[-127.3372,50.8985]],[[-127.3366,50.9013],[-127.3344,50.9005],[-127.3323,50.9019],[-127.3354,50.903],[-127.3366,50.9013]],[[-127.3667,50.7257],[-127.3677,50.7228],[-127.3631,50.7239],[-127.3667,50.7257]],[[-127.3746,50.7078],[-127.3739,50.7102],[-127.3776,50.7111],[-127.3705,50.7152],[-127.3715,50.7168],[-127.3771,50.7192],[-127.3851,50.7175],[-127.3879,50.7149],[-127.3832,50.7104],[-127.3746,50.7078]],[[-127.3851,50.7304],[-127.3983,50.7313],[-127.4068,50.7257],[-127.4039,50.7241],[-127.3948,50.7237],[-127.3852,50.7289],[-127.3851,50.7304]],[[-127.3924,50.7355],[-127.39,50.7351],[-127.3872,50.737],[-127.3924,50.7355]],[[-127.4066,50.7162],[-127.4057,50.7116],[-127.4022,50.7103],[-127.3996,50.7171],[-127.4014,50.7182],[-127.4066,50.7162]],[[-127.404,50.7412],[-127.4059,50.7403],[-127.4025,50.7399],[-127.404,50.7412]],[[-127.4073,50.7092],[-127.4086,50.7071],[-127.4074,50.7058],[-127.4056,50.7083],[-127.4073,50.7092]],[[-127.4153,50.9212],[-127.4109,50.9203],[-127.4062,50.9214],[-127.4113,50.9241],[-127.4156,50.9232],[-127.4153,50.9212]],[[-127.4143,50.9274],[-127.4111,50.9271],[-127.4097,50.9285],[-127.4138,50.9309],[-127.4164,50.9292],[-127.4143,50.9274]],[[-127.4183,50.9259],[-127.4215,50.9269],[-127.4222,50.925],[-127.419,50.9245],[-127.4183,50.9259]],[[-127.4319,50.9059],[-127.4285,50.9062],[-127.4257,50.9029],[-127.4205,50.9023],[-127.4385,50.9132],[-127.4402,50.912],[-127.4358,50.9074],[-127.4319,50.9059]],[[-127.4239,50.7557],[-127.4222,50.7583],[-127.4289,50.7581],[-127.4256,50.7564],[-127.4261,50.7539],[-127.4215,50.755],[-127.4239,50.7557]],[[-127.442,50.8777],[-127.435,50.8712],[-127.4328,50.8711],[-127.4359,50.8755],[-127.4407,50.8787],[-127.442,50.8777]],[[-127.4442,50.9083],[-127.4394,50.9088],[-127.4417,50.9099],[-127.4442,50.9083]],[[-127.4535,50.9202],[-127.4576,50.9197],[-127.45,50.9174],[-127.4504,50.9158],[-127.4475,50.9142],[-127.4414,50.914],[-127.4398,50.9155],[-127.4493,50.9203],[-127.4535,50.9202]],[[-127.4467,50.9112],[-127.4495,50.9131],[-127.4545,50.9118],[-127.4467,50.9112]],[[-127.4512,50.8704],[-127.4476,50.8696],[-127.4527,50.8727],[-127.4512,50.8704]],[[-127.465,50.8739],[-127.4639,50.8761],[-127.4711,50.8797],[-127.4711,50.8817],[-127.4761,50.885],[-127.4883,50.8878],[-127.4917,50.8869],[-127.4822,50.8828],[-127.4811,50.8817],[-127.4833,50.8806],[-127.4972,50.8889],[-127.5,50.8883],[-127.4979,50.8871],[-127.4983,50.885],[-127.4867,50.8772],[-127.4889,50.8747],[-127.4811,50.8711],[-127.4776,50.8704],[-127.4772,50.8722],[-127.4728,50.8736],[-127.4683,50.8694],[-127.4594,50.8661],[-127.4517,50.8667],[-127.4533,50.8681],[-127.4522,50.87],[-127.4561,50.8725],[-127.4611,50.8747],[-127.465,50.8739]],[[-127.4556,50.9553],[-127.4539,50.9575],[-127.4589,50.9564],[-127.4556,50.9553]],[[-127.4603,50.9218],[-127.4585,50.9225],[-127.4607,50.924],[-127.4603,50.9218]],[[-127.4762,50.8078],[-127.4716,50.8073],[-127.4641,50.8034],[-127.4602,50.8051],[-127.4648,50.8092],[-127.4681,50.8098],[-127.4713,50.8136],[-127.4787,50.8157],[-127.4842,50.8138],[-127.4772,50.8111],[-127.4762,50.8078]],[[-127.4677,50.9614],[-127.4649,50.9639],[-127.4697,50.963],[-127.47,50.9614],[-127.4677,50.9614]],[[-127.4924,50.8968],[-127.4945,50.8966],[-127.489,50.8909],[-127.4774,50.8873],[-127.4732,50.8878],[-127.4743,50.89],[-127.4724,50.891],[-127.4742,50.892],[-127.4924,50.8968]],[[-127.4883,50.8167],[-127.4867,50.8175],[-127.4848,50.8159],[-127.4789,50.8175],[-127.4946,50.8208],[-127.496,50.8189],[-127.4883,50.8167]],[[-127.4839,50.8113],[-127.4839,50.8097],[-127.4815,50.8094],[-127.48,50.8108],[-127.4839,50.8113]],[[-127.4841,50.8699],[-127.4895,50.8721],[-127.4881,50.87],[-127.4841,50.8699]],[[-127.4898,50.8677],[-127.4852,50.8674],[-127.4894,50.8691],[-127.4898,50.8677]],[[-127.5,50.768],[-127.4872,50.7677],[-127.4856,50.7694],[-127.4933,50.7731],[-127.5,50.7723],[-127.5,50.768]],[[-127.4996,50.8788],[-127.4969,50.8771],[-127.493,50.8775],[-127.4924,50.8747],[-127.4891,50.8766],[-127.4898,50.8781],[-127.5,50.8807],[-127.4996,50.8788]],[[-127.4924,50.8215],[-127.4905,50.8233],[-127.493,50.8233],[-127.4938,50.8216],[-127.4924,50.8215]],[[-127.4979,50.8236],[-127.4954,50.8227],[-127.4941,50.8246],[-127.4963,50.8264],[-127.4979,50.8236]],[[-127.4999,50.8747],[-127.4973,50.8724],[-127.4945,50.8727],[-127.4981,50.8765],[-127.4999,50.8747]],[[-127.4985,50.8932],[-127.4961,50.8925],[-127.4956,50.894],[-127.4988,50.8945],[-127.4985,50.8932]]],[[[-127,50.5],[-127,51],[-126.6959,50.9996],[-126.698,50.9958],[-126.7038,50.9947],[-126.7064,50.9919],[-126.7143,50.9919],[-126.7245,50.9956],[-126.7357,50.995],[-126.7408,50.9923],[-126.7417,50.9864],[-126.7443,50.9873],[-126.7437,50.9929],[-126.7415,50.9959],[-126.7353,50.9989],[-126.7172,51],[-126.7186,50.9969],[-126.708,50.9947],[-126.7059,50.9971],[-126.7087,51],[-127,51],[-127,50.8345],[-126.9986,50.8343],[-126.9804,50.8392],[-126.978,50.8382],[-126.9737,50.8426],[-126.9549,50.8452],[-126.9563,50.8475],[-126.9492,50.8501],[-126.9403,50.851],[-126.9365,50.853],[-126.9366,50.8549],[-126.9261,50.8608],[-126.9311,50.8647],[-126.9184,50.8663],[-126.9078,50.8732],[-126.906,50.8788],[-126.8987,50.8815],[-126.8958,50.8848],[-126.9036,50.8905],[-126.9134,50.8937],[-126.9353,50.8954],[-126.9407,50.8921],[-126.9483,50.8952],[-126.9597,50.8954],[-126.9657,50.8913],[-126.9649,50.8863],[-126.9695,50.8878],[-126.9721,50.8865],[-126.971,50.8853],[-126.9742,50.8858],[-126.9787,50.8832],[-126.9799,50.8835],[-126.9777,50.8845],[-126.9821,50.8902],[-126.9924,50.8903],[-126.9923,50.8851],[-127,50.8867],[-127,50.905],[-126.9961,50.904],[-126.993,50.9],[-126.9879,50.8979],[-126.9823,50.9006],[-126.9767,50.8973],[-126.9676,50.8977],[-126.9615,50.9006],[-126.9544,50.8984],[-126.9484,50.8992],[-126.9448,50.8974],[-126.9384,50.8983],[-126.9363,50.9034],[-126.9321,50.9019],[-126.9269,50.9024],[-126.9257,50.8991],[-126.9199,50.8995],[-126.9165,50.8973],[-126.9102,50.8983],[-126.9088,50.8977],[-126.9104,50.8959],[-126.909,50.8944],[-126.901,50.8943],[-126.8967,50.8971],[-126.8908,50.8977],[-126.8881,50.902],[-126.8888,50.9047],[-126.8954,50.9082],[-126.9057,50.9059],[-126.9084,50.9038],[-126.9122,50.9057],[-126.9075,50.9113],[-126.8994,50.9118],[-126.8845,50.9222],[-126.8916,50.9283],[-126.8986,50.9267],[-126.903,50.9341],[-126.8956,50.9342],[-126.8937,50.9384],[-126.8904,50.9399],[-126.8863,50.9379],[-126.8912,50.9347],[-126.8909,50.9335],[-126.8877,50.9332],[-126.8902,50.9304],[-126.8721,50.9271],[-126.8718,50.9326],[-126.8691,50.9361],[-126.8708,50.9389],[-126.8664,50.9425],[-126.8613,50.9441],[-126.8705,50.9456],[-126.871,50.9479],[-126.8689,50.9488],[-126.8728,50.9512],[-126.8774,50.9521],[-126.8796,50.9489],[-126.8809,50.9521],[-126.8796,50.9538],[-126.8754,50.9554],[-126.8698,50.9502],[-126.8673,50.9501],[-126.8674,50.9533],[-126.8646,50.9571],[-126.8603,50.9578],[-126.8567,50.9556],[-126.8586,50.9527],[-126.8545,50.9514],[-126.8547,50.9487],[-126.8529,50.947],[-126.8347,50.9483],[-126.8295,50.9548],[-126.8342,50.9578],[-126.8424,50.957],[-126.8388,50.9641],[-126.8305,50.9618],[-126.8317,50.9579],[-126.8228,50.9565],[-126.8201,50.9576],[-126.8182,50.9552],[-126.8136,50.9555],[-126.8109,50.9539],[-126.8046,50.9543],[-126.7965,50.9576],[-126.7934,50.9631],[-126.7976,50.9658],[-126.7995,50.9722],[-126.7987,50.9854],[-126.7954,50.9895],[-126.7964,51],[-126.7838,51],[-126.7865,50.997],[-126.7862,50.9936],[-126.7888,50.9898],[-126.7878,50.9875],[-126.7902,50.9854],[-126.7875,50.982],[-126.7878,50.978],[-126.7921,50.9731],[-126.7921,50.97],[-126.7796,50.9662],[-126.7763,50.9631],[-126.7812,50.9613],[-126.7835,50.9577],[-126.7876,50.9589],[-126.791,50.9556],[-126.8114,50.9531],[-126.812,50.9498],[-126.8072,50.9479],[-126.8106,50.946],[-126.8089,50.9449],[-126.7996,50.9463],[-126.7863,50.9403],[-126.7823,50.9354],[-126.7763,50.9342],[-126.7596,50.9349],[-126.7389,50.9413],[-126.7337,50.9386],[-126.7252,50.9387],[-126.7207,50.9335],[-126.7135,50.9312],[-126.6991,50.9374],[-126.6917,50.9374],[-126.699,50.9413],[-126.7078,50.9431],[-126.7157,50.9478],[-126.7205,50.9483],[-126.711,50.952],[-126.7046,50.9473],[-126.7012,50.9426],[-126.6885,50.9389],[-126.6785,50.9386],[-126.6789,50.9374],[-126.6886,50.937],[-126.6828,50.9327],[-126.6582,50.9336],[-126.6498,50.9355],[-126.6395,50.935],[-126.6381,50.9332],[-126.6478,50.9311],[-126.6757,50.931],[-126.6859,50.9289],[-126.7317,50.9282],[-126.7389,50.9302],[-126.7427,50.9286],[-126.7692,50.9271],[-126.7826,50.9231],[-126.7851,50.9164],[-126.7841,50.914],[-126.787,50.9099],[-126.7916,50.9103],[-126.7918,50.912],[-126.7887,50.9153],[-126.7915,50.9183],[-126.7977,50.9209],[-126.839,50.9142],[-126.8409,50.9132],[-126.8407,50.9114],[-126.8349,50.9073],[-126.8268,50.9048],[-126.826,50.9017],[-126.8237,50.9006],[-126.8216,50.9028],[-126.8162,50.9001],[-126.8123,50.9001],[-126.8138,50.9017],[-126.8125,50.9048],[-126.8045,50.9068],[-126.7977,50.9042],[-126.7944,50.9047],[-126.7894,50.9002],[-126.7879,50.902],[-126.789,50.9042],[-126.7803,50.9054],[-126.7741,50.8996],[-126.7594,50.8986],[-126.754,50.8933],[-126.7433,50.8888],[-126.7348,50.8806],[-126.7217,50.8731],[-126.6898,50.8728],[-126.6644,50.8647],[-126.6514,50.8709],[-126.659,50.8745],[-126.6495,50.8757],[-126.6499,50.8773],[-126.6554,50.8796],[-126.6537,50.8829],[-126.6391,50.8844],[-126.6322,50.8867],[-126.6258,50.8855],[-126.621,50.8899],[-126.6069,50.8935],[-126.5962,50.8984],[-126.5896,50.8983],[-126.589,50.9022],[-126.5829,50.9048],[-126.5741,50.9049],[-126.5625,50.909],[-126.5595,50.911],[-126.5636,50.9146],[-126.5583,50.9167],[-126.5561,50.9213],[-126.5513,50.923],[-126.5494,50.926],[-126.5437,50.9275],[-126.5328,50.9346],[-126.532,50.9366],[-126.5116,50.9411],[-126.5114,50.9491],[-126.515,50.9532],[-126.5142,50.9583],[-126.5387,50.9834],[-126.5353,50.9851],[-126.5424,50.9949],[-126.5414,50.9969],[-126.5458,51],[-126.5054,51],[-126.5058,50.9984],[-126.5029,50.9963],[-126.5033,50.9942],[-126.5,50.9927],[-126.5,50.9222],[-126.505,50.9154],[-126.505,50.9119],[-126.5101,50.907],[-126.5175,50.9046],[-126.5276,50.9057],[-126.5347,50.9045],[-126.5488,50.8974],[-126.5492,50.8951],[-126.5532,50.8924],[-126.5531,50.8908],[-126.5512,50.8905],[-126.5521,50.8885],[-126.5496,50.8867],[-126.5502,50.8841],[-126.5398,50.881],[-126.539,50.8789],[-126.5435,50.8753],[-126.5373,50.8721],[-126.5605,50.867],[-126.5623,50.87],[-126.5682,50.8709],[-126.567,50.8732],[-126.5684,50.8745],[-126.5874,50.8737],[-126.5885,50.8743],[-126.5856,50.8754],[-126.5888,50.8772],[-126.5929,50.874],[-126.591,50.8717],[-126.6006,50.8724],[-126.6066,50.87],[-126.5847,50.8619],[-126.5811,50.8584],[-126.5758,50.8596],[-126.5741,50.8619],[-126.5695,50.8597],[-126.5625,50.8622],[-126.5591,50.8603],[-126.5585,50.8579],[-126.5555,50.8569],[-126.5601,50.8545],[-126.5589,50.852],[-126.5616,50.8507],[-126.5608,50.8466],[-126.5621,50.8446],[-126.567,50.8457],[-126.573,50.8507],[-126.5822,50.8507],[-126.5843,50.8495],[-126.581,50.845],[-126.5729,50.8414],[-126.5716,50.8382],[-126.568,50.8366],[-126.5656,50.8329],[-126.5505,50.8298],[-126.5379,50.8317],[-126.5357,50.8298],[-126.5092,50.829],[-126.5033,50.8327],[-126.5025,50.8364],[-126.5,50.8362],[-126.5,50.8485],[-126.5216,50.8534],[-126.5287,50.849],[-126.5446,50.8482],[-126.5503,50.8506],[-126.5512,50.8542],[-126.5431,50.8551],[-126.5394,50.853],[-126.5314,50.852],[-126.53,50.8541],[-126.5244,50.8553],[-126.5237,50.8604],[-126.52,50.8626],[-126.5164,50.8612],[-126.5122,50.8633],[-126.5074,50.8617],[-126.509,50.8607],[-126.509,50.858],[-126.5,50.8603],[-126.5,50.8264],[-126.5077,50.8194],[-126.5071,50.8168],[-126.5,50.8164],[-126.5,50.5],[-127,50.5]],[[-126.6944,50.5183],[-126.7057,50.5196],[-126.7204,50.5252],[-126.7294,50.5257],[-126.7305,50.5274],[-126.747,50.5329],[-126.7829,50.5389],[-126.7833,50.5403],[-126.7791,50.5412],[-126.7822,50.5438],[-126.7863,50.5438],[-126.7895,50.5419],[-126.8038,50.5435],[-126.8192,50.5422],[-126.8203,50.5433],[-126.8148,50.5458],[-126.8151,50.5473],[-126.8213,50.5496],[-126.8296,50.55],[-126.8348,50.5472],[-126.845,50.5449],[-126.8509,50.5388],[-126.8468,50.5385],[-126.848,50.5366],[-126.8586,50.5358],[-126.8603,50.5343],[-126.8661,50.5356],[-126.865,50.5329],[-126.8667,50.532],[-126.8704,50.5356],[-126.8693,50.5367],[-126.8813,50.5399],[-126.8809,50.5417],[-126.8594,50.5453],[-126.8538,50.5506],[-126.8543,50.5517],[-126.8607,50.5508],[-126.8637,50.5539],[-126.8711,50.5558],[-126.8919,50.5578],[-126.9057,50.561],[-126.9131,50.5607],[-126.9168,50.5583],[-126.9321,50.5604],[-126.9491,50.5586],[-126.9585,50.5612],[-126.9642,50.5591],[-126.9691,50.5603],[-126.9763,50.566],[-126.9704,50.5664],[-126.972,50.5678],[-126.9835,50.5659],[-126.9846,50.5668],[-126.9752,50.5696],[-126.9733,50.5721],[-126.9757,50.5769],[-126.9799,50.5805],[-127,50.5862],[-127,50.5],[-126.6429,50.5],[-126.6536,50.5044],[-126.6615,50.5103],[-126.6944,50.5183]],[[-126.5,50.7522],[-126.5011,50.7401],[-126.5,50.7349],[-126.5053,50.7353],[-126.5097,50.7386],[-126.5166,50.7399],[-126.5164,50.741],[-126.5091,50.7408],[-126.502,50.738],[-126.5058,50.7439],[-126.5124,50.7452],[-126.5246,50.7443],[-126.5284,50.7422],[-126.5325,50.7435],[-126.5553,50.7409],[-126.5698,50.7359],[-126.5686,50.735],[-126.5603,50.7366],[-126.5586,50.7348],[-126.5477,50.7337],[-126.5475,50.7306],[-126.5625,50.7257],[-126.5632,50.7224],[-126.5681,50.7202],[-126.5652,50.7167],[-126.5654,50.7144],[-126.568,50.7178],[-126.5721,50.7195],[-126.5736,50.7183],[-126.5702,50.7161],[-126.5705,50.7146],[-126.5838,50.7157],[-126.5937,50.7083],[-126.5862,50.7061],[-126.5863,50.7048],[-126.5992,50.7032],[-126.6041,50.7],[-126.6012,50.6979],[-126.6009,50.6929],[-126.598,50.6903],[-126.5864,50.6907],[-126.5703,50.6956],[-126.566,50.6977],[-126.5659,50.7011],[-126.5636,50.7026],[-126.5569,50.6993],[-126.5566,50.6968],[-126.5671,50.692],[-126.5771,50.6917],[-126.5834,50.6896],[-126.5783,50.6852],[-126.5722,50.6839],[-126.5748,50.6822],[-126.5716,50.6803],[-126.5724,50.6795],[-126.5788,50.6792],[-126.5813,50.6815],[-126.5931,50.683],[-126.5976,50.6806],[-126.5954,50.6778],[-126.5955,50.6748],[-126.6179,50.6704],[-126.6183,50.6669],[-126.6114,50.6644],[-126.6163,50.6629],[-126.6192,50.6596],[-126.6089,50.6615],[-126.597,50.6615],[-126.5951,50.6603],[-126.5968,50.6581],[-126.5959,50.6566],[-126.585,50.6504],[-126.5729,50.6521],[-126.5689,50.6495],[-126.5629,50.6485],[-126.5593,50.6443],[-126.5273,50.6486],[-126.5158,50.6508],[-126.5149,50.6522],[-126.5039,50.651],[-126.5018,50.6484],[-126.5081,50.6469],[-126.5037,50.6424],[-126.5,50.6416],[-126.5,50.6588],[-126.5156,50.6574],[-126.5191,50.6583],[-126.5202,50.6603],[-126.5097,50.6653],[-126.5117,50.6693],[-126.5081,50.674],[-126.5,50.673],[-126.5,50.7522]],[[-126.5,50.5553],[-126.5055,50.5531],[-126.5232,50.5543],[-126.5333,50.553],[-126.5351,50.549],[-126.5428,50.5521],[-126.5466,50.5503],[-126.5542,50.5518],[-126.5706,50.551],[-126.5874,50.5467],[-126.5974,50.5485],[-126.6021,50.5466],[-126.626,50.5496],[-126.6562,50.5504],[-126.6771,50.5505],[-126.679,50.5489],[-126.6408,50.5423],[-126.6338,50.5428],[-126.6299,50.5447],[-126.6238,50.5415],[-126.6133,50.5415],[-126.6113,50.5392],[-126.6257,50.5401],[-126.6296,50.5381],[-126.6245,50.5346],[-126.611,50.5309],[-126.61,50.5291],[-126.6132,50.5268],[-126.6083,50.5237],[-126.5943,50.5218],[-126.5849,50.5223],[-126.5846,50.5204],[-126.5766,50.5193],[-126.5662,50.5218],[-126.5644,50.5246],[-126.5445,50.5257],[-126.5333,50.5243],[-126.5318,50.5219],[-126.5245,50.52],[-126.5163,50.5207],[-126.5,50.516],[-126.5,50.5553]],[[-126.5524,50.611],[-126.5668,50.6087],[-126.5657,50.6062],[-126.5678,50.6043],[-126.5629,50.603],[-126.5702,50.6009],[-126.5736,50.5969],[-126.5672,50.5984],[-126.5592,50.5949],[-126.5491,50.5949],[-126.5386,50.6002],[-126.535,50.6003],[-126.5339,50.5994],[-126.5405,50.5953],[-126.5393,50.5928],[-126.5341,50.5932],[-126.5338,50.5897],[-126.5289,50.5909],[-126.5194,50.5885],[-126.5,50.5897],[-126.5,50.5872],[-126.5043,50.5855],[-126.5136,50.5867],[-126.519,50.5853],[-126.5192,50.5835],[-126.5127,50.5832],[-126.5118,50.5817],[-126.5055,50.583],[-126.5009,50.5815],[-126.5013,50.5787],[-126.5,50.5784],[-126.5,50.6239],[-126.5,50.6202],[-126.502,50.6191],[-126.5034,50.6236],[-126.5126,50.6196],[-126.5183,50.62],[-126.5448,50.6133],[-126.5486,50.6096],[-126.5524,50.611]],[[-126.5,50.7872],[-126.5028,50.7853],[-126.5,50.7844],[-126.5,50.7872]],[[-126.5,50.6654],[-126.5024,50.666],[-126.5036,50.6641],[-126.5,50.6624],[-126.5,50.6654]],[[-126.5045,50.573],[-126.5005,50.5721],[-126.5,50.5738],[-126.5045,50.573]],[[-126.5048,50.5592],[-126.5034,50.5602],[-126.5046,50.5615],[-126.5012,50.5641],[-126.5057,50.5659],[-126.5122,50.5615],[-126.5198,50.5595],[-126.5187,50.5584],[-126.5092,50.5602],[-126.5048,50.5592]],[[-126.505,50.6675],[-126.5045,50.669],[-126.5083,50.6695],[-126.5086,50.668],[-126.505,50.6675]],[[-126.5538,50.6323],[-126.5566,50.6309],[-126.5564,50.6328],[-126.5587,50.6332],[-126.5623,50.6308],[-126.5723,50.6312],[-126.5799,50.6254],[-126.5775,50.6236],[-126.5799,50.6209],[-126.5775,50.6169],[-126.5802,50.613],[-126.5744,50.6111],[-126.5677,50.6151],[-126.5638,50.6117],[-126.5308,50.618],[-126.5154,50.6231],[-126.5134,50.6257],[-126.5054,50.6271],[-126.5083,50.6285],[-126.5072,50.6305],[-126.5125,50.6307],[-126.5132,50.6315],[-126.5118,50.6321],[-126.5249,50.6367],[-126.5332,50.6337],[-126.5368,50.6356],[-126.5425,50.6356],[-126.5493,50.6324],[-126.5538,50.6323]],[[-126.5176,50.5747],[-126.5136,50.5758],[-126.5233,50.5792],[-126.528,50.5792],[-126.5337,50.5824],[-126.5406,50.5837],[-126.5426,50.5815],[-126.5465,50.5807],[-126.5472,50.5827],[-126.5561,50.587],[-126.5632,50.5876],[-126.5609,50.584],[-126.5746,50.5893],[-126.5799,50.5893],[-126.5844,50.5867],[-126.5847,50.5901],[-126.5901,50.5921],[-126.5864,50.594],[-126.5817,50.5935],[-126.5825,50.5952],[-126.5797,50.5964],[-126.584,50.5978],[-126.5979,50.597],[-126.6006,50.5936],[-126.5983,50.5918],[-126.6053,50.5905],[-126.6062,50.5886],[-126.6026,50.5872],[-126.6037,50.586],[-126.612,50.5903],[-126.6416,50.5881],[-126.6527,50.5854],[-126.654,50.5861],[-126.652,50.5872],[-126.6603,50.5889],[-126.6578,50.592],[-126.6587,50.5931],[-126.6786,50.5913],[-126.6823,50.588],[-126.6822,50.5861],[-126.6717,50.584],[-126.6586,50.5846],[-126.6593,50.5822],[-126.6566,50.5797],[-126.6472,50.5763],[-126.6383,50.5765],[-126.6425,50.5751],[-126.6461,50.571],[-126.642,50.5645],[-126.6467,50.5654],[-126.6478,50.5625],[-126.6644,50.5677],[-126.6646,50.5691],[-126.6727,50.573],[-126.679,50.5736],[-126.6828,50.5723],[-126.6818,50.57],[-126.6835,50.5685],[-126.6771,50.5639],[-126.6524,50.5544],[-126.6361,50.5517],[-126.6299,50.5519],[-126.6282,50.5535],[-126.6236,50.5516],[-126.5904,50.5519],[-126.5723,50.5549],[-126.5392,50.5561],[-126.5294,50.558],[-126.5112,50.5646],[-126.507,50.5688],[-126.5176,50.5747]],[[-126.5104,50.6627],[-126.5122,50.6614],[-126.5108,50.6613],[-126.5072,50.6628],[-126.5104,50.6627]],[[-126.5375,50.7644],[-126.554,50.7609],[-126.5564,50.7613],[-126.5549,50.7625],[-126.5569,50.7633],[-126.567,50.7617],[-126.5927,50.7638],[-126.5996,50.7611],[-126.6048,50.7558],[-126.612,50.7542],[-126.6125,50.7522],[-126.6221,50.7482],[-126.6115,50.745],[-126.596,50.7437],[-126.5937,50.7426],[-126.5947,50.7417],[-126.5883,50.739],[-126.5815,50.7402],[-126.581,50.7391],[-126.584,50.7381],[-126.5809,50.7375],[-126.5671,50.7411],[-126.5609,50.7454],[-126.553,50.7455],[-126.5413,50.752],[-126.5314,50.7498],[-126.5306,50.7482],[-126.5266,50.7496],[-126.5219,50.7483],[-126.5111,50.7579],[-126.511,50.7634],[-126.5212,50.7661],[-126.5375,50.7644]],[[-126.5261,50.7663],[-126.5226,50.768],[-126.5255,50.7697],[-126.5304,50.7675],[-126.5261,50.7663]],[[-126.8901,50.809],[-126.8813,50.8077],[-126.8837,50.8047],[-126.8626,50.7999],[-126.8588,50.7955],[-126.8396,50.7972],[-126.8367,50.7941],[-126.846,50.7921],[-126.8457,50.7892],[-126.8492,50.7881],[-126.8473,50.7856],[-126.8483,50.783],[-126.8223,50.7744],[-126.8183,50.7755],[-126.8145,50.7806],[-126.8087,50.7818],[-126.805,50.7849],[-126.8032,50.7829],[-126.8083,50.78],[-126.806,50.7741],[-126.7963,50.7676],[-126.7895,50.766],[-126.7876,50.7694],[-126.7812,50.7664],[-126.7766,50.7662],[-126.7692,50.7716],[-126.7573,50.7747],[-126.7545,50.7772],[-126.7574,50.7777],[-126.7692,50.7747],[-126.7705,50.7765],[-126.7643,50.7793],[-126.7624,50.7839],[-126.7744,50.7827],[-126.7815,50.784],[-126.7779,50.7872],[-126.7649,50.7884],[-126.7641,50.7897],[-126.767,50.794],[-126.766,50.7945],[-126.7577,50.7929],[-126.7555,50.7904],[-126.7515,50.7929],[-126.7482,50.7908],[-126.7491,50.7893],[-126.7434,50.7866],[-126.7292,50.7858],[-126.7225,50.7826],[-126.7388,50.7826],[-126.7484,50.7793],[-126.7397,50.7775],[-126.7388,50.7711],[-126.7419,50.7678],[-126.7356,50.7649],[-126.7293,50.7668],[-126.7339,50.7692],[-126.7185,50.7715],[-126.7067,50.7759],[-126.7065,50.7788],[-126.7044,50.7798],[-126.7106,50.782],[-126.7,50.7827],[-126.6945,50.7851],[-126.6934,50.788],[-126.6886,50.7854],[-126.6777,50.7875],[-126.673,50.7852],[-126.6679,50.786],[-126.6647,50.7889],[-126.6665,50.7908],[-126.673,50.7896],[-126.6749,50.7923],[-126.6791,50.7939],[-126.6774,50.7962],[-126.6915,50.8],[-126.6901,50.8008],[-126.691,50.8062],[-126.6895,50.8072],[-126.688,50.8067],[-126.6876,50.8031],[-126.684,50.8008],[-126.6762,50.8013],[-126.6718,50.7978],[-126.6668,50.7975],[-126.6665,50.7966],[-126.6737,50.7944],[-126.6656,50.7939],[-126.6618,50.7902],[-126.6527,50.7915],[-126.6548,50.7889],[-126.6518,50.788],[-126.631,50.7887],[-126.6295,50.7913],[-126.6313,50.7933],[-126.6271,50.7977],[-126.6142,50.8034],[-126.5991,50.7988],[-126.5923,50.8005],[-126.5901,50.7992],[-126.5757,50.7998],[-126.5662,50.7981],[-126.5711,50.7944],[-126.5888,50.794],[-126.6012,50.7915],[-126.6021,50.7901],[-126.5968,50.7886],[-126.5867,50.7885],[-126.5853,50.7865],[-126.577,50.7862],[-126.5727,50.7838],[-126.5669,50.7841],[-126.5525,50.7808],[-126.5397,50.7812],[-126.5304,50.7864],[-126.5313,50.7921],[-126.5489,50.7942],[-126.5446,50.7979],[-126.5501,50.8001],[-126.5493,50.8008],[-126.5524,50.804],[-126.5627,50.8038],[-126.566,50.8112],[-126.5758,50.8156],[-126.5727,50.8169],[-126.5668,50.8156],[-126.5641,50.8171],[-126.5763,50.8202],[-126.5831,50.8203],[-126.5727,50.821],[-126.5705,50.8245],[-126.5668,50.8239],[-126.5679,50.8221],[-126.5632,50.8209],[-126.5555,50.8221],[-126.5546,50.8235],[-126.5583,50.8257],[-126.5729,50.8265],[-126.5777,50.8282],[-126.5793,50.8312],[-126.5893,50.8331],[-126.5963,50.8288],[-126.5957,50.8246],[-126.6036,50.8266],[-126.6071,50.8284],[-126.6068,50.832],[-126.6172,50.8331],[-126.6038,50.8346],[-126.613,50.8398],[-126.6064,50.8409],[-126.6055,50.8427],[-126.6171,50.8487],[-126.6252,50.8458],[-126.6347,50.8471],[-126.6397,50.8444],[-126.6399,50.8393],[-126.6595,50.8403],[-126.6579,50.8375],[-126.667,50.8349],[-126.6633,50.8313],[-126.6665,50.8288],[-126.6654,50.8256],[-126.6704,50.8255],[-126.6709,50.8273],[-126.6685,50.8303],[-126.665,50.8316],[-126.6726,50.8355],[-126.6639,50.8413],[-126.6717,50.8435],[-126.6991,50.8595],[-126.7024,50.8601],[-126.7058,50.8596],[-126.713,50.8544],[-126.7086,50.8509],[-126.7094,50.8474],[-126.7035,50.8473],[-126.7081,50.8447],[-126.7076,50.8417],[-126.7479,50.8416],[-126.7594,50.8456],[-126.7696,50.8438],[-126.7723,50.8366],[-126.7776,50.8346],[-126.7843,50.8357],[-126.7863,50.8416],[-126.7941,50.8404],[-126.7964,50.8351],[-126.7948,50.8343],[-126.7947,50.831],[-126.7987,50.8267],[-126.7961,50.8254],[-126.7969,50.8227],[-126.7925,50.8194],[-126.7904,50.8148],[-126.7848,50.809],[-126.7865,50.8064],[-126.7905,50.8076],[-126.7951,50.8068],[-126.798,50.8041],[-126.7983,50.8006],[-126.8012,50.7991],[-126.8028,50.8008],[-126.8024,50.8137],[-126.8076,50.8166],[-126.8045,50.8188],[-126.8105,50.8241],[-126.8078,50.8325],[-126.8125,50.8375],[-126.8518,50.8354],[-126.8555,50.8344],[-126.8541,50.8322],[-126.8552,50.8318],[-126.8643,50.8356],[-126.901,50.8366],[-126.92,50.8328],[-126.9215,50.8306],[-126.9171,50.8288],[-126.9233,50.8261],[-126.912,50.8215],[-126.9045,50.8235],[-126.9052,50.8215],[-126.9012,50.8166],[-126.8901,50.809]],[[-126.5404,50.7968],[-126.5404,50.7955],[-126.5357,50.7955],[-126.5378,50.7974],[-126.5404,50.7968]],[[-126.5457,50.8721],[-126.5434,50.8715],[-126.5437,50.8728],[-126.5457,50.8721]],[[-126.5524,50.5921],[-126.5476,50.5905],[-126.5439,50.5933],[-126.5465,50.5944],[-126.5524,50.5921]],[[-126.5499,50.8778],[-126.552,50.8787],[-126.5532,50.8774],[-126.5501,50.8765],[-126.5499,50.8778]],[[-126.5531,50.5536],[-126.5596,50.5543],[-126.5638,50.5529],[-126.5531,50.5536]],[[-126.5599,50.8728],[-126.5598,50.8739],[-126.5641,50.8742],[-126.5632,50.8728],[-126.5599,50.8728]],[[-126.5637,50.8499],[-126.565,50.8523],[-126.5683,50.8516],[-126.5637,50.8499]],[[-126.6009,50.7694],[-126.5977,50.7664],[-126.5897,50.7643],[-126.5764,50.7653],[-126.5682,50.7691],[-126.57,50.7705],[-126.5975,50.7754],[-126.601,50.7713],[-126.6009,50.7694]],[[-126.578,50.6053],[-126.572,50.6075],[-126.5763,50.6072],[-126.578,50.6053]],[[-126.5812,50.6182],[-126.5797,50.618],[-126.5803,50.6197],[-126.5812,50.6182]],[[-126.5867,50.6182],[-126.5845,50.6164],[-126.5825,50.6181],[-126.585,50.6195],[-126.5867,50.6182]],[[-126.5833,50.735],[-126.5834,50.7364],[-126.5863,50.7347],[-126.5833,50.735]],[[-126.5859,50.607],[-126.5842,50.6075],[-126.5855,50.6092],[-126.5859,50.607]],[[-126.5846,50.7227],[-126.5846,50.7246],[-126.5863,50.7252],[-126.5869,50.7232],[-126.5846,50.7227]],[[-126.5962,50.7246],[-126.5891,50.725],[-126.5888,50.7262],[-126.5917,50.7272],[-126.5962,50.7246]],[[-126.5901,50.6447],[-126.5889,50.6457],[-126.591,50.6461],[-126.5947,50.645],[-126.5901,50.6447]],[[-126.5903,50.7184],[-126.5913,50.7203],[-126.5931,50.7195],[-126.5903,50.7184]],[[-126.6055,50.625],[-126.5987,50.62],[-126.5902,50.6225],[-126.5911,50.6251],[-126.5938,50.6266],[-126.5995,50.6269],[-126.6055,50.625]],[[-126.5973,50.715],[-126.5925,50.7167],[-126.5953,50.7182],[-126.5971,50.7172],[-126.5973,50.715]],[[-126.5954,50.7194],[-126.5936,50.7207],[-126.5972,50.7202],[-126.5954,50.7194]],[[-126.5954,50.8355],[-126.5943,50.8374],[-126.6011,50.8383],[-126.6007,50.8363],[-126.5954,50.8355]],[[-126.604,50.7945],[-126.6023,50.7932],[-126.5952,50.794],[-126.6016,50.7955],[-126.604,50.7945]],[[-126.5984,50.727],[-126.5955,50.7283],[-126.6012,50.7286],[-126.5984,50.727]],[[-126.6044,50.6074],[-126.6019,50.6048],[-126.5972,50.6061],[-126.6044,50.6074]],[[-126.6015,50.6436],[-126.5997,50.6447],[-126.6018,50.6465],[-126.6038,50.6448],[-126.6015,50.6436]],[[-126.6106,50.7649],[-126.6195,50.7657],[-126.6261,50.7645],[-126.6305,50.7616],[-126.6283,50.7563],[-126.6229,50.753],[-126.6222,50.7507],[-126.6045,50.7585],[-126.6011,50.7619],[-126.6023,50.7639],[-126.6106,50.7649]],[[-126.6261,50.6212],[-126.6172,50.6197],[-126.619,50.6186],[-126.6144,50.6164],[-126.6015,50.6178],[-126.6069,50.6234],[-126.6132,50.6244],[-126.6184,50.6244],[-126.6261,50.6212]],[[-126.6071,50.6747],[-126.6021,50.6754],[-126.6061,50.6772],[-126.6088,50.6759],[-126.6071,50.6747]],[[-126.6031,50.7208],[-126.6045,50.7226],[-126.6072,50.7217],[-126.6031,50.7208]],[[-126.6077,50.7394],[-126.6172,50.7394],[-126.6124,50.7365],[-126.6053,50.7369],[-126.6036,50.7382],[-126.6077,50.7394]],[[-126.617,50.6072],[-126.6179,50.6042],[-126.6153,50.6014],[-126.6082,50.601],[-126.6046,50.6037],[-126.617,50.6072]],[[-126.6075,50.7186],[-126.6084,50.7171],[-126.6052,50.7189],[-126.6075,50.7186]],[[-126.6112,50.7704],[-126.6113,50.7689],[-126.6054,50.767],[-126.6065,50.7702],[-126.6112,50.7704]],[[-126.6058,50.6867],[-126.6066,50.6887],[-126.6116,50.6912],[-126.6111,50.6876],[-126.6058,50.6867]],[[-126.6168,50.7705],[-126.6064,50.7751],[-126.6138,50.7772],[-126.621,50.7714],[-126.6168,50.7705]],[[-126.6348,50.7204],[-126.6531,50.7138],[-126.6467,50.7115],[-126.6602,50.7088],[-126.6624,50.7064],[-126.6623,50.7029],[-126.6649,50.7029],[-126.6703,50.7063],[-126.6774,50.7043],[-126.6771,50.7025],[-126.6699,50.7021],[-126.6761,50.6994],[-126.6721,50.6979],[-126.6674,50.6934],[-126.6612,50.6929],[-126.675,50.6887],[-126.6566,50.6801],[-126.6453,50.6801],[-126.63,50.685],[-126.6278,50.69],[-126.6325,50.6943],[-126.6256,50.6929],[-126.6225,50.694],[-126.6134,50.7005],[-126.6096,50.7078],[-126.64,50.7108],[-126.6178,50.7108],[-126.6065,50.7145],[-126.6077,50.7161],[-126.6065,50.7166],[-126.6222,50.715],[-126.6228,50.716],[-126.6179,50.7188],[-126.6123,50.7183],[-126.6074,50.7202],[-126.6185,50.722],[-126.6348,50.7204]],[[-126.6183,50.6729],[-126.6156,50.6719],[-126.607,50.6739],[-126.6133,50.6753],[-126.6183,50.6729]],[[-126.6587,50.6565],[-126.6639,50.6534],[-126.6746,50.6537],[-126.6839,50.6505],[-126.6685,50.6427],[-126.6161,50.6411],[-126.6135,50.6428],[-126.6155,50.6453],[-126.6076,50.6476],[-126.6129,50.6506],[-126.616,50.65],[-126.6168,50.6477],[-126.6199,50.6489],[-126.6234,50.6476],[-126.6246,50.6519],[-126.6263,50.653],[-126.6329,50.6524],[-126.6407,50.654],[-126.6458,50.6569],[-126.6587,50.6565]],[[-126.6178,50.7691],[-126.6163,50.7683],[-126.6149,50.7696],[-126.6178,50.7691]],[[-126.6179,50.6766],[-126.6158,50.6759],[-126.6149,50.6776],[-126.6179,50.6766]],[[-126.6233,50.7437],[-126.6271,50.7456],[-126.6476,50.7425],[-126.6577,50.7388],[-126.6563,50.7377],[-126.6601,50.7368],[-126.6481,50.7361],[-126.6446,50.7374],[-126.6354,50.734],[-126.6272,50.7332],[-126.6362,50.7325],[-126.6385,50.7309],[-126.6444,50.7313],[-126.648,50.7299],[-126.6484,50.7283],[-126.6579,50.7316],[-126.6642,50.731],[-126.6688,50.7274],[-126.6738,50.7261],[-126.6745,50.7221],[-126.6695,50.718],[-126.6649,50.7179],[-126.6384,50.722],[-126.6336,50.7247],[-126.6265,50.7244],[-126.6213,50.7269],[-126.6167,50.7318],[-126.6233,50.7437]],[[-126.6195,50.6074],[-126.6211,50.6081],[-126.623,50.6066],[-126.6195,50.6074]],[[-126.6242,50.6073],[-126.6195,50.6089],[-126.6249,50.6105],[-126.6259,50.6088],[-126.6242,50.6073]],[[-126.6254,50.7689],[-126.6233,50.7705],[-126.6249,50.7722],[-126.6205,50.7767],[-126.6279,50.7779],[-126.6299,50.7766],[-126.6388,50.7771],[-126.6438,50.7744],[-126.6392,50.7699],[-126.6254,50.7689]],[[-126.6231,50.6726],[-126.6211,50.6749],[-126.6229,50.677],[-126.6271,50.6778],[-126.6318,50.6748],[-126.6279,50.6727],[-126.6231,50.6726]],[[-126.6222,50.6009],[-126.6218,50.603],[-126.6271,50.6032],[-126.6222,50.6009]],[[-126.6282,50.6177],[-126.6224,50.6161],[-126.6256,50.6195],[-126.6287,50.6199],[-126.6282,50.6177]],[[-126.6261,50.5297],[-126.625,50.5306],[-126.627,50.5314],[-126.628,50.5297],[-126.6261,50.5297]],[[-126.6261,50.6073],[-126.6283,50.6072],[-126.6263,50.6061],[-126.6261,50.6073]],[[-126.6287,50.6613],[-126.6266,50.6627],[-126.6276,50.664],[-126.6342,50.663],[-126.6331,50.6612],[-126.6287,50.6613]],[[-126.6281,50.6254],[-126.6269,50.6269],[-126.6286,50.6273],[-126.6298,50.6255],[-126.6281,50.6254]],[[-126.6346,50.7479],[-126.6295,50.7475],[-126.6276,50.749],[-126.6346,50.7479]],[[-126.7034,50.7609],[-126.701,50.7588],[-126.7089,50.757],[-126.714,50.7583],[-126.7182,50.7566],[-126.7205,50.7533],[-126.7142,50.7504],[-126.7216,50.7462],[-126.7135,50.7455],[-126.7164,50.7437],[-126.7158,50.7422],[-126.7102,50.7444],[-126.7062,50.7396],[-126.7018,50.7417],[-126.7001,50.7391],[-126.6915,50.7375],[-126.6899,50.7383],[-126.6925,50.7424],[-126.6861,50.7394],[-126.6754,50.7397],[-126.6677,50.7438],[-126.661,50.7497],[-126.6571,50.7495],[-126.6583,50.7479],[-126.6571,50.7468],[-126.6608,50.7475],[-126.6654,50.7429],[-126.6652,50.7398],[-126.6623,50.7396],[-126.6528,50.7429],[-126.6481,50.7472],[-126.6389,50.7471],[-126.6331,50.7498],[-126.629,50.754],[-126.6318,50.7601],[-126.6454,50.758],[-126.6517,50.7546],[-126.6576,50.7565],[-126.6494,50.7589],[-126.651,50.7618],[-126.657,50.7646],[-126.6631,50.7647],[-126.6708,50.7686],[-126.6778,50.7693],[-126.6874,50.7682],[-126.7027,50.7624],[-126.7034,50.7609]],[[-126.6546,50.6272],[-126.6699,50.624],[-126.6676,50.6201],[-126.6723,50.6219],[-126.6768,50.621],[-126.6762,50.6172],[-126.6795,50.612],[-126.6794,50.6073],[-126.6431,50.6119],[-126.6433,50.6137],[-126.6477,50.6139],[-126.6485,50.6169],[-126.6404,50.6176],[-126.6424,50.6191],[-126.6362,50.6204],[-126.6359,50.6229],[-126.631,50.6276],[-126.633,50.6294],[-126.6513,50.6262],[-126.6546,50.6272]],[[-126.6317,50.5336],[-126.6333,50.535],[-126.64,50.535],[-126.6372,50.5331],[-126.6317,50.5336]],[[-126.6367,50.6064],[-126.6317,50.6084],[-126.6341,50.6097],[-126.643,50.6105],[-126.6444,50.6092],[-126.6367,50.6064]],[[-126.6423,50.7665],[-126.6446,50.7653],[-126.6454,50.7622],[-126.642,50.761],[-126.6325,50.765],[-126.6423,50.7665]],[[-126.6394,50.8724],[-126.6373,50.8707],[-126.6342,50.8719],[-126.6394,50.8724]],[[-126.6557,50.5933],[-126.6543,50.591],[-126.652,50.5908],[-126.6399,50.591],[-126.6364,50.5919],[-126.6362,50.5936],[-126.6449,50.5954],[-126.6532,50.5949],[-126.6557,50.5933]],[[-126.6419,50.6161],[-126.6391,50.6155],[-126.6395,50.6168],[-126.6419,50.6161]],[[-126.6403,50.6016],[-126.6457,50.6053],[-126.645,50.6065],[-126.6503,50.608],[-126.6517,50.6071],[-126.6465,50.6016],[-126.6403,50.6016]],[[-126.6409,50.7342],[-126.641,50.7356],[-126.6428,50.7355],[-126.6409,50.7342]],[[-126.6451,50.8514],[-126.6431,50.8547],[-126.6439,50.8573],[-126.6554,50.8583],[-126.6586,50.8568],[-126.659,50.8543],[-126.6524,50.8509],[-126.6451,50.8514]],[[-126.667,50.6054],[-126.6754,50.6036],[-126.671,50.602],[-126.6711,50.5979],[-126.6685,50.597],[-126.6555,50.5983],[-126.6498,50.6017],[-126.6551,50.6068],[-126.6583,50.6078],[-126.6622,50.6051],[-126.667,50.6054]],[[-126.6623,50.6382],[-126.6705,50.6364],[-126.6671,50.6335],[-126.6529,50.634],[-126.6546,50.6362],[-126.6623,50.6382]],[[-126.6644,50.7052],[-126.6641,50.7084],[-126.6667,50.7065],[-126.6644,50.7052]],[[-126.6748,50.7075],[-126.6679,50.7076],[-126.6672,50.7102],[-126.6748,50.7075]],[[-126.6865,50.7301],[-126.6831,50.7297],[-126.6833,50.7315],[-126.6726,50.7317],[-126.6691,50.7331],[-126.6758,50.7346],[-126.6877,50.7315],[-126.6865,50.7301]],[[-126.6752,50.6906],[-126.6709,50.6915],[-126.6751,50.6917],[-126.6752,50.6906]],[[-126.6967,50.65],[-126.6989,50.6497],[-126.6991,50.6471],[-126.6879,50.6429],[-126.6875,50.6405],[-126.6852,50.6392],[-126.6714,50.6407],[-126.6824,50.6476],[-126.6967,50.65]],[[-126.6745,50.6581],[-126.6718,50.6586],[-126.674,50.6603],[-126.6787,50.6609],[-126.6745,50.6581]],[[-126.694,50.715],[-126.6931,50.7131],[-126.6846,50.7124],[-126.6728,50.7144],[-126.672,50.717],[-126.6855,50.7196],[-126.6852,50.718],[-126.6821,50.7177],[-126.694,50.715]],[[-126.6949,50.6538],[-126.6848,50.6519],[-126.6731,50.6564],[-126.6834,50.6591],[-126.6949,50.6538]],[[-126.687,50.5971],[-126.6925,50.5967],[-126.6899,50.5952],[-126.6882,50.5914],[-126.6742,50.5941],[-126.6761,50.596],[-126.6853,50.598],[-126.687,50.5971]],[[-126.682,50.6959],[-126.6779,50.6943],[-126.6753,50.6962],[-126.678,50.6982],[-126.682,50.6959]],[[-126.676,50.6925],[-126.6824,50.6915],[-126.6791,50.6909],[-126.676,50.6925]],[[-126.6881,50.6831],[-126.6809,50.6823],[-126.6781,50.6838],[-126.6819,50.6855],[-126.6881,50.6831]],[[-126.6842,50.7209],[-126.6793,50.7224],[-126.6815,50.7239],[-126.6842,50.7209]],[[-126.703,50.6023],[-126.6934,50.6005],[-126.6866,50.6026],[-126.6865,50.6058],[-126.6821,50.6105],[-126.6805,50.6153],[-126.6814,50.6169],[-126.6943,50.6159],[-126.693,50.6131],[-126.7085,50.6183],[-126.7111,50.6179],[-126.7104,50.6207],[-126.7133,50.625],[-126.7179,50.628],[-126.7194,50.6275],[-126.7182,50.6256],[-126.7213,50.625],[-126.7258,50.628],[-126.7317,50.6292],[-126.7339,50.6262],[-126.7374,50.6275],[-126.7405,50.625],[-126.7402,50.6218],[-126.7343,50.6122],[-126.7081,50.6018],[-126.703,50.6023]],[[-126.6867,50.6861],[-126.6817,50.6883],[-126.6861,50.6903],[-126.6892,50.6895],[-126.6855,50.6878],[-126.6944,50.6889],[-126.7006,50.6867],[-126.6989,50.6856],[-126.6933,50.6869],[-126.6867,50.6861]],[[-126.6848,50.7015],[-126.6858,50.7004],[-126.6827,50.7016],[-126.6848,50.7015]],[[-126.6879,50.625],[-126.6868,50.6269],[-126.6917,50.6282],[-126.6918,50.6257],[-126.6879,50.625]],[[-126.6977,50.7254],[-126.6899,50.7246],[-126.6875,50.7253],[-126.6875,50.7269],[-126.7003,50.7312],[-126.7051,50.7313],[-126.7105,50.7293],[-126.7164,50.7246],[-126.7092,50.7225],[-126.6977,50.7254]],[[-126.69,50.6614],[-126.6873,50.6619],[-126.6895,50.663],[-126.69,50.6614]],[[-126.6982,50.6808],[-126.6974,50.6781],[-126.6889,50.6778],[-126.693,50.6819],[-126.6982,50.6808]],[[-126.6973,50.7172],[-126.6902,50.723],[-126.7089,50.7195],[-126.7019,50.7167],[-126.6973,50.7172]],[[-126.6914,50.6651],[-126.6903,50.6662],[-126.6924,50.6671],[-126.6966,50.6659],[-126.6914,50.6651]],[[-126.6925,50.5599],[-126.6906,50.5614],[-126.692,50.5636],[-126.6956,50.5592],[-126.6925,50.5599]],[[-126.6957,50.6543],[-126.6907,50.6572],[-126.696,50.6556],[-126.6957,50.6543]],[[-126.7007,50.7103],[-126.696,50.7097],[-126.6926,50.7111],[-126.6979,50.7135],[-126.7007,50.7103]],[[-126.6972,50.7352],[-126.6953,50.7339],[-126.6928,50.735],[-126.6972,50.7352]],[[-126.6949,50.6259],[-126.6929,50.6272],[-126.696,50.63],[-126.698,50.6284],[-126.6949,50.6259]],[[-126.6967,50.5599],[-126.693,50.5654],[-126.7017,50.57],[-126.7049,50.573],[-126.7054,50.5768],[-126.7097,50.5789],[-126.7131,50.5774],[-126.7168,50.5813],[-126.7201,50.5822],[-126.7219,50.5811],[-126.72,50.5772],[-126.7217,50.5763],[-126.7234,50.5785],[-126.7299,50.5789],[-126.7332,50.5844],[-126.7386,50.5819],[-126.7415,50.5872],[-126.7431,50.5867],[-126.7433,50.5838],[-126.75,50.5847],[-126.7516,50.5866],[-126.7473,50.5897],[-126.7499,50.5913],[-126.7557,50.5894],[-126.758,50.5859],[-126.7556,50.5818],[-126.7595,50.5821],[-126.7587,50.5854],[-126.7624,50.5839],[-126.7633,50.5768],[-126.7648,50.5876],[-126.7683,50.5889],[-126.7739,50.5865],[-126.7782,50.5835],[-126.7783,50.5793],[-126.7828,50.5742],[-126.786,50.5732],[-126.7864,50.5712],[-126.7767,50.5707],[-126.7808,50.5694],[-126.776,50.5678],[-126.7744,50.5637],[-126.7512,50.5585],[-126.7411,50.5573],[-126.7339,50.5582],[-126.7195,50.555],[-126.7015,50.556],[-126.7,50.559],[-126.6967,50.5599]],[[-126.697,50.9327],[-126.6938,50.9321],[-126.6951,50.9334],[-126.697,50.9327]],[[-126.7014,50.6538],[-126.7105,50.6548],[-126.7099,50.6528],[-126.7044,50.6512],[-126.6977,50.6516],[-126.7014,50.6538]],[[-126.7007,50.6561],[-126.6989,50.6553],[-126.698,50.6568],[-126.7006,50.6579],[-126.7007,50.6561]],[[-126.6986,50.6208],[-126.7012,50.6201],[-126.698,50.6194],[-126.6986,50.6208]],[[-126.7046,50.6784],[-126.7012,50.6773],[-126.7008,50.6791],[-126.7046,50.6784]],[[-126.7047,50.734],[-126.7073,50.7353],[-126.7092,50.7341],[-126.7047,50.734]],[[-126.7107,50.7372],[-126.7142,50.7353],[-126.7102,50.7353],[-126.7079,50.7368],[-126.7107,50.7372]],[[-126.7116,50.7194],[-126.7099,50.7201],[-126.711,50.721],[-126.7128,50.72],[-126.7116,50.7194]],[[-126.7178,50.8468],[-126.7118,50.8474],[-126.7146,50.8488],[-126.7178,50.8468]],[[-126.7142,50.7205],[-126.7151,50.7218],[-126.7217,50.7211],[-126.7187,50.7194],[-126.7142,50.7205]],[[-126.7202,50.6343],[-126.7201,50.6369],[-126.7232,50.6381],[-126.725,50.6372],[-126.7245,50.6355],[-126.7202,50.6343]],[[-126.7222,50.7556],[-126.7215,50.7571],[-126.7242,50.7561],[-126.7222,50.7556]],[[-126.7268,50.7488],[-126.724,50.7473],[-126.7219,50.7498],[-126.7242,50.7511],[-126.7268,50.7488]],[[-126.735,50.8506],[-126.7335,50.851],[-126.7344,50.8525],[-126.739,50.8519],[-126.735,50.8506]],[[-126.8858,50.8395],[-126.8819,50.8376],[-126.8707,50.8374],[-126.8636,50.8403],[-126.8602,50.8376],[-126.8537,50.841],[-126.8506,50.8405],[-126.8453,50.836],[-126.828,50.8395],[-126.8228,50.8381],[-126.814,50.8388],[-126.8107,50.8477],[-126.7997,50.8461],[-126.7933,50.8466],[-126.7875,50.8493],[-126.7816,50.8478],[-126.7594,50.856],[-126.7514,50.854],[-126.7486,50.8514],[-126.7416,50.8531],[-126.7402,50.8562],[-126.7436,50.8599],[-126.7351,50.8615],[-126.7341,50.8637],[-126.7446,50.8695],[-126.7474,50.873],[-126.7568,50.8766],[-126.76,50.8792],[-126.7617,50.8835],[-126.7725,50.8816],[-126.7735,50.8797],[-126.7755,50.8796],[-126.7771,50.8849],[-126.8048,50.8907],[-126.8241,50.888],[-126.8279,50.884],[-126.8274,50.8824],[-126.8408,50.8857],[-126.8564,50.8839],[-126.8623,50.8821],[-126.8647,50.8767],[-126.8749,50.8752],[-126.8755,50.8737],[-126.8733,50.8714],[-126.8806,50.8703],[-126.8932,50.8635],[-126.8911,50.8621],[-126.881,50.8642],[-126.8855,50.8597],[-126.8811,50.8558],[-126.8754,50.8529],[-126.8699,50.8525],[-126.8658,50.8496],[-126.8612,50.8486],[-126.855,50.8511],[-126.8517,50.8508],[-126.8515,50.8489],[-126.8591,50.8459],[-126.8541,50.8448],[-126.8636,50.8451],[-126.8646,50.8475],[-126.8912,50.8555],[-126.9012,50.8514],[-126.9187,50.8486],[-126.9267,50.8449],[-126.9191,50.843],[-126.9134,50.8437],[-126.9052,50.8368],[-126.8858,50.8395]],[[-126.7381,50.5855],[-126.7361,50.5873],[-126.7388,50.5869],[-126.7381,50.5855]],[[-126.7663,50.7641],[-126.7581,50.7698],[-126.7493,50.7725],[-126.7434,50.7775],[-126.7499,50.7769],[-126.7657,50.7707],[-126.7679,50.7694],[-126.7658,50.7679],[-126.7689,50.7669],[-126.77,50.7645],[-126.7663,50.7641]],[[-126.7543,50.7629],[-126.7489,50.7657],[-126.7445,50.7652],[-126.7436,50.7666],[-126.7486,50.7682],[-126.7556,50.7657],[-126.7572,50.7629],[-126.7543,50.7629]],[[-126.7471,50.7693],[-126.7448,50.7719],[-126.7466,50.7726],[-126.7521,50.7697],[-126.7471,50.7693]],[[-126.7753,50.5867],[-126.7771,50.5888],[-126.7778,50.5869],[-126.7753,50.5867]],[[-126.8371,50.922],[-126.8352,50.9235],[-126.8268,50.9221],[-126.8243,50.9241],[-126.8182,50.9217],[-126.8261,50.9204],[-126.8252,50.9194],[-126.809,50.9198],[-126.7929,50.9244],[-126.7917,50.9273],[-126.7814,50.9282],[-126.7766,50.9312],[-126.7968,50.9377],[-126.8018,50.9378],[-126.8036,50.9351],[-126.8088,50.9382],[-126.8121,50.9443],[-126.8196,50.9476],[-126.8379,50.9451],[-126.8539,50.9455],[-126.8592,50.9426],[-126.8599,50.9406],[-126.8589,50.9362],[-126.8527,50.9313],[-126.8544,50.9289],[-126.8587,50.9283],[-126.8579,50.9242],[-126.8546,50.9226],[-126.8558,50.9201],[-126.8381,50.9183],[-126.8355,50.9193],[-126.8371,50.922]],[[-126.7826,50.5832],[-126.78,50.5844],[-126.7809,50.5867],[-126.7854,50.5893],[-126.7888,50.5881],[-126.7873,50.5849],[-126.7826,50.5832]],[[-126.793,50.5878],[-126.7888,50.5844],[-126.7933,50.5911],[-126.793,50.5878]],[[-126.7901,50.9197],[-126.7904,50.9228],[-126.7934,50.9216],[-126.7901,50.9197]],[[-126.7935,50.5735],[-126.7934,50.5721],[-126.7898,50.572],[-126.791,50.5738],[-126.7935,50.5735]],[[-126.7899,50.5938],[-126.7904,50.5953],[-126.7927,50.5952],[-126.792,50.5936],[-126.7899,50.5938]],[[-126.8019,50.5881],[-126.8052,50.5864],[-126.7984,50.5867],[-126.7943,50.5843],[-126.7932,50.5855],[-126.7948,50.5908],[-126.7984,50.5915],[-126.8019,50.5881]],[[-126.7953,50.5834],[-126.7936,50.5822],[-126.7935,50.5836],[-126.7953,50.5834]],[[-126.7967,50.8113],[-126.7953,50.8134],[-126.7982,50.8157],[-126.8009,50.8144],[-126.8011,50.8118],[-126.7967,50.8113]],[[-126.7972,50.5966],[-126.8055,50.5962],[-126.8077,50.593],[-126.804,50.5918],[-126.799,50.5932],[-126.7972,50.5966]],[[-126.7977,50.9391],[-126.7994,50.9418],[-126.8012,50.9407],[-126.7977,50.9391]],[[-126.8008,50.5851],[-126.8031,50.5844],[-126.7989,50.5838],[-126.8008,50.5851]],[[-126.808,50.7343],[-126.8084,50.7323],[-126.8056,50.7325],[-126.808,50.7343]],[[-126.813,50.9469],[-126.8128,50.948],[-126.8159,50.9476],[-126.813,50.9469]],[[-126.8185,50.604],[-126.8151,50.603],[-126.8157,50.6043],[-126.8185,50.604]],[[-127,50.6231],[-126.9872,50.6278],[-126.9744,50.6237],[-126.9587,50.6275],[-126.9473,50.6236],[-126.9262,50.6192],[-126.9182,50.6205],[-126.8896,50.6189],[-126.8827,50.6204],[-126.8577,50.6334],[-126.8518,50.6325],[-126.8496,50.625],[-126.8463,50.6225],[-126.8328,50.6183],[-126.826,50.6204],[-126.8238,50.625],[-126.8244,50.629],[-126.8298,50.6325],[-126.8557,50.6409],[-126.865,50.6488],[-126.8707,50.6568],[-126.8774,50.6578],[-126.8849,50.6624],[-126.8925,50.6645],[-126.8946,50.6719],[-126.9134,50.659],[-126.9287,50.6544],[-126.94,50.6593],[-126.953,50.6619],[-126.9606,50.6618],[-126.9661,50.6639],[-126.9759,50.6605],[-126.9794,50.6625],[-126.9856,50.6619],[-127,50.6646],[-127,50.6231]],[[-126.8349,50.5861],[-126.8333,50.5866],[-126.8356,50.5879],[-126.8451,50.5902],[-126.8535,50.5901],[-126.8349,50.5861]],[[-126.85,50.5872],[-126.8539,50.5858],[-126.8539,50.5839],[-126.8522,50.5831],[-126.8428,50.5817],[-126.8383,50.5833],[-126.85,50.5872]],[[-126.8398,50.8918],[-126.8494,50.8929],[-126.857,50.8918],[-126.8607,50.8881],[-126.8586,50.8863],[-126.8461,50.8867],[-126.8397,50.889],[-126.8386,50.8903],[-126.8398,50.8918]],[[-126.8389,50.7049],[-126.8416,50.7075],[-126.847,50.7079],[-126.852,50.7059],[-126.8456,50.7013],[-126.8402,50.7017],[-126.8389,50.7049]],[[-126.8488,50.9007],[-126.8443,50.9023],[-126.8456,50.9042],[-126.844,50.9091],[-126.846,50.9118],[-126.8508,50.9104],[-126.8581,50.9133],[-126.8665,50.9131],[-126.8671,50.9097],[-126.8774,50.9071],[-126.8773,50.9031],[-126.8723,50.9003],[-126.8699,50.9007],[-126.8707,50.9034],[-126.86,50.9003],[-126.8578,50.8979],[-126.8466,50.8996],[-126.8488,50.9007]],[[-126.8633,50.5819],[-126.8567,50.5789],[-126.8522,50.5803],[-126.8583,50.5825],[-126.8633,50.5819]],[[-126.8532,50.5878],[-126.8561,50.59],[-126.8589,50.5889],[-126.8532,50.5878]],[[-126.8628,50.5744],[-126.8556,50.575],[-126.8544,50.5769],[-126.8761,50.5856],[-126.8867,50.5833],[-126.885,50.5819],[-126.8861,50.5808],[-126.8828,50.5797],[-126.885,50.5778],[-126.8828,50.5764],[-126.8761,50.5775],[-126.8628,50.5744]],[[-126.8694,50.5875],[-126.877,50.5865],[-126.865,50.5831],[-126.8617,50.5831],[-126.8561,50.5861],[-126.8644,50.5886],[-126.8694,50.5875]],[[-126.8712,50.917],[-126.8704,50.9152],[-126.8681,50.915],[-126.8648,50.9171],[-126.8689,50.9183],[-126.8712,50.917]],[[-126.8981,50.8647],[-126.9005,50.8626],[-126.8949,50.8612],[-126.8935,50.8627],[-126.8981,50.8647]],[[-126.9141,50.5882],[-126.9172,50.5922],[-126.9259,50.5974],[-126.9471,50.6025],[-126.9512,50.602],[-126.9576,50.5973],[-126.9591,50.5932],[-126.9504,50.587],[-126.9454,50.5879],[-126.942,50.5922],[-126.9381,50.5929],[-126.9329,50.591],[-126.9332,50.5892],[-126.9276,50.5802],[-126.9204,50.5765],[-126.906,50.5765],[-126.9045,50.5793],[-126.9065,50.5832],[-126.9141,50.5882]],[[-126.9293,50.8009],[-126.9254,50.7954],[-126.9133,50.7926],[-126.9166,50.7966],[-126.9279,50.8016],[-126.9293,50.8009]],[[-126.9461,50.8021],[-126.9412,50.7964],[-126.9283,50.7894],[-126.9141,50.7854],[-126.9143,50.7888],[-126.9175,50.7916],[-126.9279,50.7957],[-126.9328,50.796],[-126.932,50.7982],[-126.9413,50.8035],[-126.9461,50.8021]],[[-126.9187,50.8205],[-126.9182,50.8221],[-126.9224,50.8225],[-126.9222,50.8207],[-126.9187,50.8205]],[[-126.926,50.8378],[-126.9269,50.8399],[-126.9303,50.8412],[-126.9437,50.8423],[-126.9486,50.8402],[-126.9493,50.8384],[-126.9453,50.8342],[-126.9327,50.8335],[-126.9303,50.8307],[-126.9262,50.8307],[-126.9202,50.8341],[-126.9208,50.8377],[-126.926,50.8378]],[[-126.923,50.8],[-126.9211,50.8008],[-126.9258,50.802],[-126.923,50.8]],[[-126.9305,50.8098],[-126.9284,50.813],[-126.9351,50.8144],[-126.9414,50.8137],[-126.9355,50.81],[-126.9305,50.8098]],[[-126.935,50.8036],[-126.9359,50.8055],[-126.9397,50.8053],[-126.9392,50.8037],[-126.935,50.8036]],[[-126.9436,50.8265],[-126.9531,50.8278],[-126.959,50.8246],[-126.9554,50.8202],[-126.9426,50.8178],[-126.9397,50.8202],[-126.9436,50.8265]],[[-126.9524,50.5744],[-126.9573,50.5756],[-126.9601,50.5738],[-126.9532,50.5731],[-126.9524,50.5744]],[[-126.9668,50.8915],[-126.9667,50.8928],[-126.9699,50.892],[-126.9668,50.8915]]],[[[-126.5,50.5],[-126.5,50.9927],[-126.4938,50.9897],[-126.4892,50.9839],[-126.4892,50.9815],[-126.4929,50.9767],[-126.4875,50.9722],[-126.4882,50.9685],[-126.4858,50.9641],[-126.4865,50.9628],[-126.4752,50.96],[-126.4714,50.9563],[-126.47,50.9492],[-126.4622,50.9438],[-126.4439,50.9461],[-126.4326,50.9444],[-126.4146,50.9385],[-126.4059,50.938],[-126.3914,50.9313],[-126.3776,50.9318],[-126.3675,50.9352],[-126.3568,50.9361],[-126.354,50.9316],[-126.3442,50.9285],[-126.3343,50.9281],[-126.307,50.9333],[-126.2853,50.9306],[-126.2783,50.9269],[-126.2687,50.9255],[-126.2288,50.9235],[-126.212,50.9326],[-126.2097,50.9376],[-126.2079,50.9366],[-126.2074,50.9326],[-126.2033,50.9347],[-126.2029,50.9325],[-126.2005,50.9327],[-126.1978,50.9356],[-126.1829,50.9319],[-126.1819,50.9292],[-126.1827,50.9274],[-126.1868,50.9265],[-126.1885,50.9246],[-126.1879,50.923],[-126.1928,50.92],[-126.1953,50.9162],[-126.1952,50.9101],[-126.1983,50.9082],[-126.1982,50.9061],[-126.2109,50.9021],[-126.217,50.9048],[-126.2268,50.9052],[-126.2368,50.9081],[-126.2543,50.9057],[-126.262,50.9081],[-126.2709,50.9079],[-126.2854,50.9134],[-126.3053,50.9168],[-126.3111,50.9169],[-126.3203,50.9133],[-126.3419,50.9113],[-126.3542,50.9121],[-126.3633,50.9168],[-126.3918,50.9179],[-126.4023,50.9168],[-126.4189,50.908],[-126.4183,50.9045],[-126.4149,50.9017],[-126.4042,50.9035],[-126.4005,50.9006],[-126.4023,50.8971],[-126.405,50.8959],[-126.4045,50.8904],[-126.4111,50.8901],[-126.4123,50.8891],[-126.4112,50.8861],[-126.414,50.8835],[-126.4281,50.8805],[-126.4341,50.8773],[-126.4467,50.8771],[-126.4599,50.8736],[-126.4861,50.8738],[-126.4756,50.8766],[-126.4502,50.8798],[-126.4475,50.8821],[-126.434,50.8869],[-126.4266,50.8879],[-126.4206,50.893],[-126.4152,50.8953],[-126.4175,50.9005],[-126.4248,50.9066],[-126.4394,50.9095],[-126.4467,50.9151],[-126.4673,50.9243],[-126.4891,50.9257],[-126.4969,50.9245],[-126.5,50.9222],[-126.5,50.8362],[-126.4933,50.8358],[-126.4899,50.839],[-126.4903,50.8409],[-126.4843,50.8447],[-126.4931,50.848],[-126.5,50.8485],[-126.5,50.8603],[-126.4829,50.8513],[-126.4778,50.8526],[-126.4712,50.8517],[-126.4672,50.8482],[-126.4777,50.8403],[-126.4863,50.8362],[-126.4863,50.8328],[-126.4919,50.8274],[-126.5,50.8264],[-126.5,50.8164],[-126.476,50.8133],[-126.4641,50.8157],[-126.4578,50.8153],[-126.451,50.8182],[-126.444,50.8176],[-126.4365,50.8191],[-126.4305,50.8227],[-126.4174,50.8256],[-126.3786,50.8306],[-126.3745,50.8322],[-126.3752,50.8343],[-126.3706,50.8374],[-126.3405,50.8443],[-126.3345,50.8489],[-126.3294,50.85],[-126.3127,50.8474],[-126.3039,50.8491],[-126.3033,50.8475],[-126.3094,50.8473],[-126.3065,50.8435],[-126.2799,50.8455],[-126.2648,50.86],[-126.2536,50.8616],[-126.2513,50.8634],[-126.2526,50.8661],[-126.2503,50.8676],[-126.2372,50.8694],[-126.2342,50.8676],[-126.245,50.8648],[-126.243,50.8615],[-126.2507,50.8568],[-126.2509,50.853],[-126.2603,50.8452],[-126.2598,50.8405],[-126.256,50.8384],[-126.2516,50.8332],[-126.2254,50.8338],[-126.216,50.8325],[-126.1926,50.842],[-126.1901,50.8485],[-126.1945,50.8565],[-126.1928,50.8604],[-126.1905,50.8614],[-126.1887,50.8685],[-126.1851,50.8714],[-126.1863,50.8736],[-126.185,50.8758],[-126.1674,50.8685],[-126.1649,50.8631],[-126.1694,50.8588],[-126.1673,50.8476],[-126.1715,50.8372],[-126.1789,50.8305],[-126.1912,50.8261],[-126.1917,50.8224],[-126.1983,50.8178],[-126.1995,50.8144],[-126.2052,50.8086],[-126.2004,50.8057],[-126.199,50.8004],[-126.1915,50.7892],[-126.1949,50.7825],[-126.1922,50.7802],[-126.1897,50.7795],[-126.1867,50.7818],[-126.1792,50.7794],[-126.1676,50.7787],[-126.1512,50.7751],[-126.1491,50.7721],[-126.1403,50.7695],[-126.1272,50.7706],[-126.118,50.7692],[-126.113,50.7734],[-126.113,50.7765],[-126.11,50.7779],[-126.0888,50.7809],[-126.0738,50.786],[-126.068,50.786],[-126.058,50.7902],[-126.0453,50.7899],[-126.0365,50.7925],[-126.0272,50.8008],[-126.0255,50.8043],[-126.0267,50.8056],[-126.0234,50.8102],[-126.0185,50.812],[-126.0219,50.8075],[-126.0178,50.8023],[-126.0121,50.8016],[-126.0137,50.7975],[-126.0101,50.7923],[-126.0131,50.7892],[-126.0241,50.7817],[-126.0715,50.7728],[-126.0822,50.767],[-126.088,50.7617],[-126.1109,50.7549],[-126.114,50.7508],[-126.1142,50.7479],[-126.1244,50.7427],[-126.125,50.7392],[-126.1294,50.7341],[-126.1482,50.7274],[-126.1572,50.7287],[-126.1696,50.721],[-126.1879,50.7169],[-126.1946,50.7113],[-126.1961,50.6999],[-126.1981,50.6965],[-126.1956,50.6919],[-126.198,50.6883],[-126.1975,50.6859],[-126.1938,50.684],[-126.1835,50.6732],[-126.1829,50.6708],[-126.1855,50.6686],[-126.1839,50.6679],[-126.1593,50.6686],[-126.1498,50.6721],[-126.1395,50.6698],[-126.1228,50.6706],[-126.1119,50.6735],[-126.0955,50.6744],[-126.0804,50.6792],[-126.0674,50.6806],[-126.0559,50.6874],[-126.042,50.6885],[-126.0318,50.6929],[-126.023,50.6945],[-126.0228,50.6975],[-126.0204,50.7],[-126.0139,50.7025],[-126.0066,50.7006],[-126,50.6962],[-126,50.6671],[-126.0092,50.6674],[-126.022,50.6613],[-126.0295,50.6601],[-126.0423,50.6609],[-126.0701,50.658],[-126.0727,50.656],[-126.0898,50.652],[-126.093,50.6489],[-126.0994,50.6487],[-126.1041,50.6452],[-126.1134,50.6434],[-126.1504,50.6417],[-126.1835,50.6365],[-126.1817,50.6386],[-126.1693,50.6416],[-126.1616,50.6456],[-126.1765,50.6475],[-126.1918,50.644],[-126.1961,50.6412],[-126.2077,50.6378],[-126.2113,50.6379],[-126.2128,50.6403],[-126.215,50.6405],[-126.2311,50.6359],[-126.2375,50.6364],[-126.2732,50.6306],[-126.2882,50.6319],[-126.2999,50.6307],[-126.3005,50.629],[-126.297,50.6282],[-126.2972,50.6253],[-126.287,50.6236],[-126.2852,50.6208],[-126.2745,50.6173],[-126.2532,50.6241],[-126.2485,50.6234],[-126.2474,50.6218],[-126.2485,50.6203],[-126.269,50.616],[-126.2758,50.613],[-126.27,50.6089],[-126.2712,50.6022],[-126.2679,50.6002],[-126.2626,50.5923],[-126.2579,50.5899],[-126.2399,50.5832],[-126.2339,50.5876],[-126.2186,50.5835],[-126.2067,50.5864],[-126.2028,50.5809],[-126.1948,50.5793],[-126.1887,50.5803],[-126.1832,50.5839],[-126.1663,50.5892],[-126.1555,50.5957],[-126.1467,50.5985],[-126.1286,50.598],[-126.078,50.6168],[-126.0602,50.6177],[-126.0575,50.6194],[-126.0468,50.6202],[-126.0404,50.6186],[-126.0359,50.6208],[-126.026,50.6217],[-126.01,50.6265],[-126,50.6338],[-126,50.6187],[-126.0024,50.6173],[-126,50.6157],[-126,50.6125],[-126.0332,50.6121],[-126.0367,50.6094],[-126.0544,50.6099],[-126.0561,50.6091],[-126.0555,50.6062],[-126.0608,50.6035],[-126.0745,50.5996],[-126.0834,50.6001],[-126.1026,50.5978],[-126.105,50.5944],[-126.1117,50.5908],[-126.126,50.5929],[-126.1319,50.5886],[-126.1335,50.5898],[-126.1436,50.5875],[-126.1536,50.5876],[-126.1541,50.5865],[-126.1508,50.5848],[-126.152,50.5793],[-126.1594,50.5774],[-126.1696,50.5779],[-126.1916,50.5686],[-126.1869,50.5597],[-126.1882,50.5568],[-126.1923,50.5576],[-126.1939,50.5551],[-126.1899,50.554],[-126.19,50.5505],[-126.1873,50.5482],[-126.1894,50.5467],[-126.1861,50.5381],[-126.1777,50.5346],[-126.1747,50.5247],[-126.175,50.5232],[-126.1821,50.52],[-126.1858,50.5158],[-126.1876,50.5169],[-126.186,50.5238],[-126.1898,50.5313],[-126.1941,50.534],[-126.213,50.5379],[-126.2241,50.5306],[-126.226,50.5331],[-126.2357,50.5327],[-126.2555,50.5265],[-126.2855,50.5268],[-126.2875,50.5221],[-126.2841,50.5149],[-126.2766,50.5135],[-126.2772,50.5102],[-126.2704,50.5076],[-126.2428,50.5075],[-126.2407,50.5068],[-126.2392,50.5023],[-126.2301,50.5],[-126.0921,50.5],[-126.0899,50.5047],[-126.0666,50.5199],[-126.0524,50.5185],[-126.049,50.5221],[-126.0369,50.5235],[-126.0344,50.5276],[-126.0288,50.5284],[-126.0213,50.5321],[-126,50.5322],[-126,50.5187],[-126.0235,50.5201],[-126.034,50.5167],[-126.0385,50.5123],[-126.0532,50.5075],[-126.0612,50.5031],[-126.0778,50.5057],[-126.0835,50.5],[-126.5,50.5]],[[-126.0284,50.789],[-126.0223,50.7901],[-126.0194,50.7941],[-126.0284,50.789]],[[-126.4327,50.8008],[-126.4379,50.7992],[-126.4424,50.7949],[-126.4298,50.7914],[-126.4148,50.7923],[-126.4116,50.7905],[-126.4018,50.79],[-126.4002,50.7893],[-126.4032,50.7878],[-126.4032,50.7863],[-126.3709,50.7882],[-126.3686,50.7868],[-126.3831,50.7849],[-126.4039,50.7848],[-126.4135,50.7824],[-126.4245,50.7842],[-126.4329,50.7828],[-126.4357,50.7802],[-126.443,50.7817],[-126.4573,50.7806],[-126.4634,50.7746],[-126.473,50.7737],[-126.466,50.7706],[-126.4653,50.7686],[-126.4602,50.7672],[-126.4717,50.7668],[-126.4678,50.7635],[-126.4689,50.7629],[-126.4757,50.7661],[-126.4792,50.7649],[-126.4885,50.7678],[-126.4902,50.7639],[-126.4868,50.7621],[-126.4905,50.7606],[-126.4895,50.7589],[-126.4956,50.7565],[-126.496,50.7545],[-126.5,50.7522],[-126.4993,50.7483],[-126.4965,50.7472],[-126.5,50.7441],[-126.4991,50.737],[-126.4944,50.7359],[-126.4862,50.7372],[-126.4859,50.7334],[-126.4825,50.7318],[-126.4888,50.7313],[-126.5,50.7349],[-126.5,50.6416],[-126.4911,50.6373],[-126.4784,50.6394],[-126.479,50.6407],[-126.4859,50.6422],[-126.4793,50.645],[-126.464,50.6439],[-126.4599,50.6421],[-126.4544,50.6432],[-126.4507,50.6477],[-126.4417,50.6504],[-126.4398,50.6527],[-126.4411,50.6552],[-126.4504,50.6588],[-126.4553,50.6638],[-126.4717,50.6698],[-126.487,50.6676],[-126.4821,50.6617],[-126.4929,50.6575],[-126.5,50.6588],[-126.5,50.673],[-126.4958,50.6725],[-126.4943,50.6749],[-126.4829,50.6783],[-126.4721,50.6781],[-126.4629,50.6834],[-126.4553,50.6785],[-126.456,50.6753],[-126.4596,50.6739],[-126.4599,50.6723],[-126.4539,50.6721],[-126.4436,50.6673],[-126.4364,50.6687],[-126.4299,50.6669],[-126.4251,50.6628],[-126.417,50.6592],[-126.4021,50.6603],[-126.3803,50.6586],[-126.3794,50.6572],[-126.3819,50.6555],[-126.379,50.6541],[-126.3772,50.6508],[-126.3718,50.6499],[-126.3666,50.651],[-126.3623,50.6469],[-126.3426,50.6443],[-126.3269,50.6446],[-126.3022,50.6495],[-126.2886,50.657],[-126.2832,50.6534],[-126.2703,50.6545],[-126.2651,50.6599],[-126.265,50.6628],[-126.261,50.668],[-126.2574,50.6694],[-126.2559,50.6732],[-126.2517,50.6734],[-126.2616,50.6821],[-126.2627,50.6934],[-126.2582,50.6986],[-126.2468,50.7012],[-126.2392,50.7048],[-126.2383,50.7067],[-126.2401,50.7098],[-126.2392,50.7139],[-126.2406,50.7167],[-126.239,50.7202],[-126.2284,50.7252],[-126.2229,50.7246],[-126.2177,50.7269],[-126.2023,50.7255],[-126.191,50.7285],[-126.1871,50.732],[-126.1825,50.7331],[-126.1802,50.7377],[-126.1817,50.7385],[-126.1813,50.7401],[-126.1705,50.7443],[-126.1584,50.7458],[-126.1547,50.753],[-126.1564,50.7566],[-126.1635,50.7593],[-126.1908,50.7613],[-126.2109,50.7695],[-126.2154,50.7732],[-126.2203,50.7809],[-126.2259,50.7844],[-126.2297,50.7903],[-126.2288,50.7931],[-126.23,50.7955],[-126.2269,50.7987],[-126.2278,50.8021],[-126.2316,50.8062],[-126.2298,50.8073],[-126.2291,50.8142],[-126.2265,50.8184],[-126.2291,50.823],[-126.2577,50.8224],[-126.2669,50.8192],[-126.2889,50.8214],[-126.2904,50.8206],[-126.2888,50.8182],[-126.2897,50.8165],[-126.2967,50.8159],[-126.3002,50.8187],[-126.2936,50.8217],[-126.2833,50.8253],[-126.2766,50.8243],[-126.2668,50.8253],[-126.2635,50.8279],[-126.2803,50.8331],[-126.3172,50.8324],[-126.3257,50.8345],[-126.3342,50.8337],[-126.3416,50.829],[-126.3453,50.8243],[-126.3523,50.8204],[-126.3596,50.8213],[-126.3808,50.8169],[-126.3914,50.8127],[-126.4024,50.8133],[-126.4099,50.8097],[-126.4216,50.8072],[-126.4241,50.8042],[-126.4327,50.8008]],[[-126.1669,50.7383],[-126.1581,50.7389],[-126.1552,50.7414],[-126.1692,50.7402],[-126.1735,50.7385],[-126.1702,50.7372],[-126.1669,50.7383]],[[-126.1827,50.5795],[-126.1844,50.5813],[-126.1868,50.5794],[-126.1827,50.5795]],[[-126.1916,50.9297],[-126.188,50.9282],[-126.1873,50.9307],[-126.1916,50.9297]],[[-126.1901,50.5591],[-126.1887,50.5595],[-126.1914,50.5614],[-126.1901,50.5591]],[[-126.1912,50.9326],[-126.1925,50.9335],[-126.1923,50.9311],[-126.1912,50.9326]],[[-126.2341,50.6955],[-126.2256,50.6909],[-126.2238,50.6865],[-126.2266,50.6818],[-126.2271,50.6762],[-126.2189,50.6678],[-126.2192,50.6653],[-126.2077,50.6636],[-126.194,50.6669],[-126.1935,50.6693],[-126.1959,50.671],[-126.2015,50.6851],[-126.1976,50.7134],[-126.2036,50.7142],[-126.2161,50.712],[-126.2205,50.707],[-126.2198,50.7028],[-126.2282,50.6954],[-126.2341,50.6955]],[[-126.1988,50.5487],[-126.201,50.5545],[-126.2069,50.5578],[-126.2124,50.5552],[-126.2112,50.5476],[-126.2084,50.5456],[-126.199,50.5433],[-126.1988,50.5487]],[[-126.2109,50.5438],[-126.2098,50.5413],[-126.2044,50.542],[-126.2109,50.5438]],[[-126.3007,50.6104],[-126.3082,50.6057],[-126.3141,50.604],[-126.3157,50.6009],[-126.3103,50.5944],[-126.3055,50.5827],[-126.302,50.5801],[-126.3102,50.5829],[-126.3181,50.5919],[-126.3474,50.5993],[-126.3593,50.5991],[-126.3629,50.5975],[-126.3576,50.5953],[-126.3551,50.5922],[-126.3584,50.5894],[-126.3537,50.5858],[-126.3552,50.5845],[-126.3883,50.587],[-126.393,50.5843],[-126.3958,50.5864],[-126.4142,50.5818],[-126.4355,50.5718],[-126.4435,50.5733],[-126.4496,50.5697],[-126.4577,50.5716],[-126.4653,50.5703],[-126.4655,50.5654],[-126.4571,50.5651],[-126.4491,50.5677],[-126.45,50.564],[-126.4536,50.5646],[-126.4565,50.5629],[-126.449,50.5584],[-126.4536,50.5583],[-126.4624,50.5624],[-126.4739,50.5593],[-126.4713,50.558],[-126.4729,50.5559],[-126.4777,50.5563],[-126.4806,50.5547],[-126.4881,50.5568],[-126.5,50.5553],[-126.5,50.516],[-126.4899,50.5173],[-126.4882,50.5152],[-126.4776,50.5162],[-126.4604,50.5123],[-126.4494,50.5141],[-126.43,50.5126],[-126.4162,50.5142],[-126.4138,50.5197],[-126.3995,50.5223],[-126.394,50.5273],[-126.3883,50.527],[-126.3816,50.5238],[-126.3697,50.522],[-126.3698,50.521],[-126.364,50.5195],[-126.3437,50.52],[-126.336,50.5224],[-126.3167,50.5246],[-126.3009,50.5354],[-126.2908,50.5397],[-126.2839,50.5494],[-126.2791,50.552],[-126.2792,50.5582],[-126.2751,50.562],[-126.2738,50.5685],[-126.2713,50.5698],[-126.2669,50.5669],[-126.2648,50.5671],[-126.2637,50.5651],[-126.2697,50.5589],[-126.2689,50.5554],[-126.2743,50.554],[-126.2739,50.5498],[-126.2712,50.5472],[-126.269,50.5485],[-126.2695,50.5503],[-126.2646,50.5492],[-126.2678,50.5478],[-126.2688,50.5448],[-126.2811,50.539],[-126.2789,50.5368],[-126.2706,50.5379],[-126.2768,50.5359],[-126.277,50.5345],[-126.2568,50.5373],[-126.2527,50.5392],[-126.2458,50.5384],[-126.2339,50.5462],[-126.2212,50.5472],[-126.2218,50.5504],[-126.218,50.552],[-126.224,50.5562],[-126.2198,50.5593],[-126.2226,50.5623],[-126.2144,50.5604],[-126.2066,50.5644],[-126.2074,50.5763],[-126.217,50.5789],[-126.2404,50.5796],[-126.2632,50.589],[-126.2876,50.6077],[-126.2939,50.6109],[-126.3007,50.6104]],[[-126.2109,50.5824],[-126.2091,50.5836],[-126.215,50.5826],[-126.2109,50.5824]],[[-126.2242,50.5812],[-126.2312,50.5852],[-126.236,50.5828],[-126.2354,50.5811],[-126.2242,50.5812]],[[-126.2406,50.537],[-126.2334,50.5361],[-126.2299,50.5373],[-126.2341,50.5388],[-126.2406,50.537]],[[-126.2504,50.6561],[-126.2667,50.6501],[-126.2581,50.6495],[-126.2438,50.6535],[-126.2378,50.6564],[-126.2424,50.66],[-126.2467,50.6561],[-126.2504,50.6561]],[[-126.2713,50.563],[-126.2692,50.5622],[-126.2684,50.5636],[-126.2708,50.5642],[-126.2713,50.563]],[[-126.2778,50.5486],[-126.2761,50.5476],[-126.2749,50.5486],[-126.2778,50.5486]],[[-126.2768,50.6105],[-126.2753,50.6113],[-126.2795,50.6119],[-126.2768,50.6105]],[[-126.2907,50.6506],[-126.2868,50.6483],[-126.2846,50.6497],[-126.2907,50.6506]],[[-126.2917,50.5151],[-126.2878,50.5152],[-126.2914,50.5165],[-126.2917,50.5151]],[[-126.2979,50.5108],[-126.2922,50.511],[-126.2918,50.5126],[-126.2953,50.5148],[-126.2979,50.5108]],[[-126.3394,50.625],[-126.3384,50.6192],[-126.3347,50.619],[-126.335,50.6176],[-126.3268,50.6131],[-126.3263,50.6107],[-126.3168,50.6053],[-126.3097,50.6073],[-126.3043,50.6125],[-126.3045,50.6187],[-126.3109,50.625],[-126.3169,50.6275],[-126.3307,50.6303],[-126.3339,50.6297],[-126.3394,50.625]],[[-126.3354,50.5981],[-126.3328,50.5988],[-126.3216,50.5938],[-126.3119,50.5931],[-126.3211,50.5998],[-126.33,50.6027],[-126.3406,50.6041],[-126.3435,50.6022],[-126.3418,50.5994],[-126.3354,50.5981]],[[-126.3201,50.603],[-126.3211,50.6017],[-126.3182,50.6015],[-126.3201,50.603]],[[-126.5,50.5897],[-126.4976,50.5882],[-126.5,50.5872],[-126.5,50.5784],[-126.496,50.576],[-126.4888,50.5754],[-126.4712,50.5842],[-126.4663,50.5844],[-126.4541,50.5916],[-126.4486,50.5835],[-126.4413,50.5829],[-126.4193,50.5897],[-126.4084,50.5952],[-126.3979,50.5954],[-126.3826,50.604],[-126.3707,50.6061],[-126.3694,50.6082],[-126.3649,50.6096],[-126.358,50.6089],[-126.3532,50.6124],[-126.3474,50.6131],[-126.3454,50.6175],[-126.3441,50.6276],[-126.3542,50.6299],[-126.3769,50.6299],[-126.381,50.6274],[-126.3864,50.6292],[-126.4175,50.6299],[-126.4231,50.6267],[-126.4325,50.6248],[-126.4373,50.628],[-126.4637,50.6297],[-126.4737,50.6289],[-126.477,50.6268],[-126.4962,50.6256],[-126.5,50.6239],[-126.5,50.5897]],[[-126.4274,50.6421],[-126.4282,50.6409],[-126.4237,50.6399],[-126.4044,50.6406],[-126.3984,50.6422],[-126.4016,50.6443],[-126.4188,50.6445],[-126.4274,50.6421]],[[-126.4079,50.5175],[-126.4121,50.5171],[-126.4092,50.5163],[-126.4079,50.5175]],[[-126.4357,50.5733],[-126.4244,50.5795],[-126.4288,50.5804],[-126.4389,50.5766],[-126.4384,50.5736],[-126.4357,50.5733]],[[-126.4275,50.6449],[-126.4333,50.644],[-126.4348,50.6421],[-126.4263,50.6431],[-126.4254,50.6441],[-126.4275,50.6449]],[[-126.4377,50.6528],[-126.4365,50.654],[-126.4382,50.6548],[-126.4377,50.6528]],[[-126.4704,50.7971],[-126.4671,50.7965],[-126.4653,50.7987],[-126.4565,50.799],[-126.4518,50.8026],[-126.4545,50.8034],[-126.4657,50.8008],[-126.4704,50.7971]],[[-126.4715,50.7924],[-126.4655,50.7918],[-126.4619,50.7938],[-126.465,50.7953],[-126.4721,50.794],[-126.4715,50.7924]],[[-126.4877,50.5634],[-126.4774,50.5603],[-126.4666,50.5638],[-126.472,50.5671],[-126.4841,50.5675],[-126.4883,50.5671],[-126.4877,50.5634]],[[-126.4717,50.7696],[-126.4716,50.7682],[-126.4675,50.7676],[-126.4717,50.7696]],[[-126.476,50.7993],[-126.4765,50.7982],[-126.4749,50.7982],[-126.472,50.7998],[-126.476,50.7993]],[[-126.4747,50.7931],[-126.4774,50.7948],[-126.4824,50.7905],[-126.4747,50.7931]],[[-126.4829,50.7677],[-126.4781,50.7665],[-126.4793,50.7678],[-126.4829,50.7677]],[[-126.4787,50.7986],[-126.4798,50.8008],[-126.4968,50.7998],[-126.4912,50.7941],[-126.4787,50.7986]],[[-126.4867,50.7936],[-126.4844,50.7906],[-126.48,50.7947],[-126.4811,50.7958],[-126.4867,50.7936]],[[-126.4893,50.5612],[-126.4878,50.5592],[-126.4828,50.5596],[-126.4893,50.5612]],[[-126.487,50.7889],[-126.5,50.7872],[-126.5,50.7844],[-126.49,50.7845],[-126.4854,50.7876],[-126.487,50.7889]],[[-126.496,50.56],[-126.4956,50.5578],[-126.4901,50.5593],[-126.4924,50.5616],[-126.496,50.56]],[[-126.4991,50.6622],[-126.4966,50.6631],[-126.5,50.6654],[-126.4991,50.6622]]],[[[-126,50.5],[-126,50.6962],[-125.9964,50.6955],[-125.9865,50.6976],[-125.978,50.7014],[-125.9641,50.7032],[-125.9635,50.7005],[-125.9656,50.698],[-125.9762,50.6939],[-125.9842,50.6932],[-125.9935,50.6869],[-125.9851,50.6864],[-125.9795,50.6904],[-125.9701,50.6869],[-125.9576,50.685],[-125.9177,50.6886],[-125.8888,50.6932],[-125.8516,50.7023],[-125.8345,50.7017],[-125.824,50.7039],[-125.8187,50.7024],[-125.8024,50.7023],[-125.7821,50.7059],[-125.7758,50.7053],[-125.7562,50.7095],[-125.731,50.7075],[-125.7243,50.7103],[-125.7193,50.7151],[-125.7117,50.7157],[-125.7099,50.7227],[-125.7132,50.729],[-125.7143,50.7367],[-125.7164,50.7389],[-125.7205,50.74],[-125.72,50.7435],[-125.7217,50.7449],[-125.7021,50.7545],[-125.7002,50.758],[-125.7048,50.7615],[-125.6949,50.7685],[-125.6919,50.7756],[-125.6868,50.777],[-125.6845,50.7801],[-125.6747,50.776],[-125.6661,50.7765],[-125.6501,50.774],[-125.6454,50.7772],[-125.6498,50.782],[-125.644,50.7858],[-125.643,50.7888],[-125.6438,50.7928],[-125.6485,50.799],[-125.6506,50.8073],[-125.6538,50.8111],[-125.6661,50.8115],[-125.6805,50.8174],[-125.6826,50.8202],[-125.682,50.8226],[-125.6849,50.8249],[-125.6827,50.8251],[-125.6806,50.8288],[-125.6835,50.83],[-125.6823,50.8313],[-125.6833,50.8358],[-125.6819,50.8366],[-125.6888,50.8497],[-125.6859,50.8545],[-125.6853,50.8595],[-125.6801,50.8634],[-125.6788,50.8671],[-125.6799,50.8696],[-125.6833,50.8717],[-125.6843,50.8752],[-125.6631,50.8796],[-125.6631,50.8819],[-125.6652,50.8834],[-125.6641,50.885],[-125.6466,50.8834],[-125.6383,50.8855],[-125.6363,50.8873],[-125.6374,50.8892],[-125.6342,50.8908],[-125.6402,50.8966],[-125.6404,50.8989],[-125.6201,50.9051],[-125.6034,50.9081],[-125.5945,50.9026],[-125.5847,50.9033],[-125.5801,50.9016],[-125.5721,50.9021],[-125.5644,50.9048],[-125.5682,50.9092],[-125.5666,50.9112],[-125.5688,50.915],[-125.554,50.923],[-125.5513,50.9295],[-125.5454,50.9361],[-125.5449,50.9393],[-125.5493,50.9491],[-125.5581,50.9532],[-125.5687,50.9529],[-125.5746,50.9546],[-125.5823,50.9592],[-125.5847,50.9629],[-125.5913,50.9658],[-125.5918,50.9678],[-125.5789,50.9857],[-125.5811,50.992],[-125.5895,51],[-125.5405,51],[-125.5327,50.9963],[-125.5273,50.9856],[-125.5298,50.98],[-125.5365,50.9773],[-125.5371,50.9745],[-125.5316,50.9708],[-125.5194,50.9682],[-125.5105,50.9614],[-125.5031,50.9508],[-125.5025,50.9429],[-125.5,50.9416],[-125.5,50.9377],[-125.5032,50.9377],[-125.5076,50.9285],[-125.5154,50.9255],[-125.518,50.9213],[-125.5232,50.9186],[-125.5247,50.914],[-125.5285,50.9117],[-125.5317,50.9013],[-125.5362,50.8964],[-125.5325,50.8902],[-125.5335,50.8872],[-125.5392,50.8777],[-125.5512,50.8683],[-125.5654,50.8656],[-125.5864,50.8702],[-125.5961,50.8685],[-125.6162,50.8743],[-125.6214,50.8723],[-125.6214,50.8676],[-125.6232,50.8649],[-125.6318,50.8643],[-125.6434,50.8583],[-125.6471,50.8545],[-125.6439,50.8456],[-125.6444,50.8384],[-125.64,50.8347],[-125.6354,50.8264],[-125.623,50.8209],[-125.6174,50.8202],[-125.6166,50.8174],[-125.6144,50.8178],[-125.6126,50.8154],[-125.6087,50.8148],[-125.6094,50.8135],[-125.6041,50.811],[-125.5994,50.8022],[-125.5929,50.7992],[-125.5913,50.7961],[-125.6026,50.783],[-125.6133,50.7746],[-125.6146,50.7696],[-125.6138,50.7659],[-125.6115,50.7639],[-125.6141,50.7621],[-125.6136,50.7593],[-125.6206,50.7566],[-125.629,50.7567],[-125.637,50.7504],[-125.6573,50.7527],[-125.6651,50.751],[-125.6743,50.7387],[-125.6846,50.7393],[-125.6851,50.7328],[-125.6788,50.7268],[-125.6806,50.7226],[-125.6795,50.7204],[-125.6829,50.7101],[-125.6932,50.7019],[-125.6923,50.6976],[-125.6938,50.6918],[-125.6983,50.691],[-125.6997,50.6885],[-125.706,50.686],[-125.7165,50.6859],[-125.7251,50.6828],[-125.7259,50.6754],[-125.7295,50.6725],[-125.7292,50.67],[-125.7321,50.6683],[-125.73,50.6648],[-125.7313,50.6628],[-125.7356,50.6621],[-125.7374,50.6652],[-125.7374,50.6723],[-125.7359,50.6735],[-125.7387,50.6765],[-125.7364,50.6801],[-125.7397,50.6823],[-125.738,50.6855],[-125.7386,50.6883],[-125.7573,50.688],[-125.7627,50.6861],[-125.7633,50.6839],[-125.7578,50.6797],[-125.7601,50.6768],[-125.7658,50.675],[-125.7894,50.678],[-125.7926,50.682],[-125.7949,50.6827],[-125.8066,50.6809],[-125.8364,50.6815],[-125.8507,50.6786],[-125.858,50.6714],[-125.866,50.6683],[-125.8867,50.6641],[-125.8966,50.6643],[-125.9069,50.6668],[-125.926,50.666],[-125.9323,50.6635],[-125.939,50.6661],[-125.9604,50.6662],[-125.9804,50.6641],[-126,50.6671],[-126,50.6338],[-125.9903,50.6371],[-125.9847,50.6365],[-125.9799,50.6398],[-125.9704,50.6426],[-125.9575,50.6385],[-125.9493,50.6397],[-125.9377,50.6368],[-125.9421,50.6324],[-125.9548,50.6263],[-125.9582,50.6228],[-125.9744,50.6197],[-125.9834,50.6205],[-126,50.6187],[-125.9985,50.6134],[-126,50.6125],[-126,50.5322],[-125.9911,50.538],[-125.9756,50.5401],[-125.9742,50.5439],[-125.9682,50.5483],[-125.9592,50.5503],[-125.9442,50.5575],[-125.9424,50.5554],[-125.9461,50.5522],[-125.9411,50.5489],[-125.9217,50.5451],[-125.9602,50.5425],[-125.9682,50.5402],[-125.978,50.5332],[-125.9946,50.5319],[-125.9982,50.5293],[-125.9906,50.5289],[-125.9889,50.5241],[-125.9835,50.5231],[-125.9849,50.5211],[-126,50.5187],[-126,50.5],[-125.8426,50.5],[-125.8404,50.5063],[-125.829,50.5141],[-125.8281,50.5183],[-125.8258,50.5199],[-125.8271,50.5211],[-125.8258,50.5222],[-125.8269,50.5283],[-125.8395,50.5342],[-125.8335,50.5391],[-125.8253,50.5339],[-125.8152,50.5235],[-125.8085,50.5213],[-125.8031,50.5215],[-125.7823,50.5283],[-125.7798,50.5331],[-125.7781,50.5336],[-125.7533,50.5261],[-125.7216,50.5258],[-125.7222,50.5233],[-125.7284,50.5199],[-125.7553,50.5175],[-125.7584,50.5163],[-125.7589,50.5146],[-125.7657,50.5162],[-125.7725,50.5154],[-125.7921,50.5078],[-125.8092,50.5042],[-125.8161,50.5],[-125.5821,50.5],[-125.5822,50.5058],[-125.5888,50.5066],[-125.6038,50.5047],[-125.6175,50.5],[-125.6255,50.5],[-125.6192,50.504],[-125.6101,50.5048],[-125.5896,50.5117],[-125.59,50.5138],[-125.606,50.5147],[-125.609,50.5162],[-125.5792,50.5257],[-125.5751,50.5285],[-125.563,50.5436],[-125.5495,50.5495],[-125.5612,50.5697],[-125.5601,50.5722],[-125.5615,50.578],[-125.5652,50.58],[-125.5705,50.5778],[-125.5736,50.5782],[-125.5616,50.5857],[-125.5531,50.5953],[-125.5567,50.6048],[-125.5569,50.6179],[-125.5548,50.6205],[-125.5586,50.629],[-125.5545,50.6347],[-125.5542,50.6373],[-125.5401,50.6482],[-125.5397,50.6532],[-125.5342,50.6563],[-125.5326,50.6612],[-125.5333,50.6659],[-125.5242,50.6765],[-125.5096,50.6791],[-125.5,50.6782],[-125.5,50.6685],[-125.5078,50.6682],[-125.5184,50.6644],[-125.5184,50.6626],[-125.5106,50.6634],[-125.5121,50.6607],[-125.5113,50.6589],[-125.5146,50.6544],[-125.5179,50.6533],[-125.52,50.6502],[-125.5185,50.6483],[-125.52,50.6453],[-125.5303,50.6337],[-125.529,50.6317],[-125.5295,50.6267],[-125.534,50.6178],[-125.5341,50.6084],[-125.5302,50.6051],[-125.5301,50.5987],[-125.5272,50.5891],[-125.5314,50.5848],[-125.5377,50.5823],[-125.5393,50.5642],[-125.5369,50.5597],[-125.5259,50.5562],[-125.5233,50.5509],[-125.5239,50.5473],[-125.5301,50.5409],[-125.5306,50.5343],[-125.5371,50.5311],[-125.5392,50.5269],[-125.5487,50.5212],[-125.5456,50.5192],[-125.5457,50.5141],[-125.5514,50.5065],[-125.5514,50.5],[-126,50.5]],[[-125.5367,50.5372],[-125.5394,50.5347],[-125.5356,50.5347],[-125.5344,50.5375],[-125.5367,50.5372]]],[[[-125.5,50.5],[-125.5,50.9416],[-125.4964,50.9376],[-125.5,50.9377],[-125.5,50.6782],[-125.4962,50.6779],[-125.4936,50.6803],[-125.4803,50.6831],[-125.4755,50.6865],[-125.4672,50.6893],[-125.4641,50.7],[-125.4733,50.712],[-125.4705,50.7134],[-125.471,50.7156],[-125.4677,50.7212],[-125.4624,50.7196],[-125.4575,50.7138],[-125.444,50.7154],[-125.4321,50.7195],[-125.4208,50.7195],[-125.4258,50.716],[-125.4313,50.7147],[-125.429,50.7132],[-125.4296,50.7104],[-125.4392,50.7045],[-125.4427,50.6985],[-125.4518,50.6926],[-125.4516,50.6854],[-125.4538,50.6803],[-125.4555,50.6795],[-125.4555,50.6763],[-125.4578,50.6742],[-125.4865,50.6672],[-125.5,50.6685],[-125.5,50.5],[-125.3763,50.5],[-125.3732,50.5044],[-125.3879,50.5222],[-125.4021,50.5303],[-125.3976,50.5311],[-125.3857,50.5265],[-125.3808,50.5265],[-125.3719,50.5372],[-125.3711,50.5448],[-125.3763,50.5511],[-125.3691,50.5547],[-125.3621,50.5541],[-125.3621,50.5497],[-125.3537,50.5386],[-125.3581,50.5352],[-125.3587,50.5328],[-125.3583,50.5292],[-125.3549,50.5255],[-125.3579,50.5194],[-125.3572,50.5155],[-125.3537,50.512],[-125.3523,50.5063],[-125.3551,50.5],[-125.2631,50.5],[-125.2569,50.505],[-125.2481,50.5],[-125.1081,50.5],[-125.1085,50.5025],[-125.0993,50.5013],[-125.0767,50.5095],[-125.067,50.51],[-125.0592,50.5137],[-125.0467,50.513],[-125.0447,50.5156],[-125.0376,50.5166],[-125.0324,50.52],[-125,50.5332],[-125,51],[-125,50.5],[-125.5,50.5]]],[[[-125,50.5],[-125,50.5332],[-124.9921,50.5366],[-124.9907,50.5394],[-124.9948,50.5482],[-124.9941,50.5542],[-124.9956,50.5582],[-124.9885,50.5688],[-124.9828,50.5707],[-124.9566,50.5868],[-124.9487,50.589],[-124.9302,50.5891],[-124.9113,50.6111],[-124.9067,50.6128],[-124.9069,50.6182],[-124.9096,50.621],[-124.8988,50.635],[-124.8992,50.6394],[-124.9018,50.6416],[-124.9164,50.6468],[-124.9231,50.6653],[-124.9274,50.668],[-124.9283,50.6723],[-124.9252,50.6753],[-124.9181,50.6783],[-124.9117,50.6852],[-124.912,50.6907],[-124.9176,50.6959],[-124.9151,50.7036],[-124.913,50.7045],[-124.909,50.7114],[-124.9023,50.7158],[-124.8975,50.7219],[-124.8878,50.7251],[-124.8862,50.7272],[-124.8899,50.7318],[-124.9038,50.7366],[-124.917,50.7472],[-124.9475,50.7548],[-124.9511,50.7611],[-124.9496,50.7676],[-124.9514,50.7739],[-124.9433,50.7823],[-124.9659,50.788],[-124.9815,50.7973],[-124.9822,50.8091],[-124.9725,50.821],[-124.9636,50.8239],[-124.954,50.8317],[-124.9418,50.8344],[-124.9161,50.8346],[-124.911,50.8369],[-124.908,50.8445],[-124.904,50.8455],[-124.896,50.856],[-124.8963,50.8591],[-124.9006,50.8598],[-124.8987,50.8618],[-124.8995,50.8645],[-124.8944,50.8694],[-124.8953,50.8701],[-124.8934,50.873],[-124.8877,50.8765],[-124.8816,50.8838],[-124.8815,50.8858],[-124.8698,50.8887],[-124.8643,50.8952],[-124.8591,50.8966],[-124.8525,50.9041],[-124.8512,50.9137],[-124.8554,50.9245],[-124.8614,50.9313],[-124.8632,50.9357],[-124.8599,50.9415],[-124.8608,50.9465],[-124.8693,50.9516],[-124.8911,50.9456],[-124.8987,50.9472],[-124.9022,50.9507],[-124.902,50.9608],[-124.9037,50.9633],[-124.9091,50.9645],[-124.9161,50.9703],[-124.9267,50.9741],[-124.9287,50.9761],[-124.9292,50.9789],[-124.9274,50.9814],[-124.9201,50.9864],[-124.9205,50.9973],[-124.9295,50.9946],[-124.9337,50.9949],[-124.9382,51],[-124.9348,51],[-124.9331,50.9971],[-124.9251,50.9994],[-124.9173,50.9971],[-124.9187,50.9868],[-124.9275,50.9794],[-124.9264,50.976],[-124.9151,50.9732],[-124.9105,50.9674],[-124.9015,50.9632],[-124.9013,50.9516],[-124.8966,50.9475],[-124.8906,50.9467],[-124.8785,50.9517],[-124.8671,50.9523],[-124.8619,50.9494],[-124.8578,50.9444],[-124.8578,50.9393],[-124.8606,50.9351],[-124.8606,50.9322],[-124.8589,50.9309],[-124.8433,50.9289],[-124.8212,50.9287],[-124.8116,50.9206],[-124.8006,50.9151],[-124.7991,50.91],[-124.7889,50.8942],[-124.7916,50.8901],[-124.791,50.8863],[-124.8032,50.8881],[-124.8278,50.8735],[-124.8364,50.8726],[-124.8396,50.8706],[-124.8444,50.8637],[-124.8428,50.8612],[-124.8454,50.8575],[-124.8428,50.8539],[-124.8446,50.8457],[-124.8605,50.8306],[-124.8618,50.8263],[-124.8661,50.8216],[-124.9119,50.804],[-124.9165,50.8009],[-124.9119,50.7946],[-124.9122,50.7857],[-124.9067,50.7811],[-124.9025,50.7749],[-124.894,50.769],[-124.8848,50.7691],[-124.8654,50.7639],[-124.8622,50.7601],[-124.8605,50.7516],[-124.844,50.744],[-124.8312,50.732],[-124.8341,50.7197],[-124.8331,50.7124],[-124.8406,50.7074],[-124.8396,50.7033],[-124.8447,50.701],[-124.8459,50.6982],[-124.851,50.6967],[-124.8635,50.6887],[-124.8619,50.6827],[-124.8559,50.6803],[-124.8597,50.6768],[-124.8527,50.6645],[-124.8647,50.6579],[-124.8593,50.6427],[-124.8652,50.6354],[-124.8725,50.6302],[-124.8746,50.6262],[-124.8743,50.6243],[-124.8677,50.6182],[-124.8669,50.6147],[-124.8679,50.607],[-124.8756,50.6005],[-124.8691,50.5973],[-124.8599,50.5973],[-124.8599,50.5913],[-124.8682,50.5908],[-124.8694,50.5843],[-124.8734,50.5814],[-124.8747,50.578],[-124.8758,50.5688],[-124.8851,50.5615],[-124.922,50.5508],[-124.9263,50.5508],[-124.9338,50.5541],[-124.9447,50.5527],[-124.9457,50.5504],[-124.9447,50.5453],[-124.9367,50.538],[-124.9358,50.5339],[-124.9496,50.5171],[-124.9646,50.5079],[-124.9693,50.5006],[-125,50.5]],[[-124.854,50.9283],[-124.8524,50.9287],[-124.8569,50.9296],[-124.854,50.9283]]],[[[-128.5,51],[-128.5,51.5],[-128,51.5],[-128,51],[-128.5,51]],[[-128.0937,51.5],[-128.0916,51.499],[-128.0937,51.4918],[-128.0925,51.4865],[-128.0892,51.4817],[-128.0905,51.4803],[-128.0884,51.4789],[-128.082,51.4787],[-128.0784,51.474],[-128.0743,51.4757],[-128.0686,51.4691],[-128.0667,51.4688],[-128.0646,51.4712],[-128.06,51.4709],[-128.0592,51.4683],[-128.0531,51.4717],[-128.0458,51.47],[-128.0473,51.4672],[-128.0429,51.4669],[-128.0387,51.4628],[-128.0317,51.4638],[-128.0276,51.4618],[-128.0175,51.4646],[-128.0156,51.4741],[-128.0105,51.4736],[-128.0056,51.4758],[-128,51.4707],[-128,51.5],[-128.0937,51.5]],[[-128.0028,51.3667],[-128.0067,51.3697],[-128.0094,51.3686],[-128.0067,51.3672],[-128.0078,51.3661],[-128.0028,51.3667]],[[-128.0163,51.4509],[-128.0178,51.4492],[-128.0157,51.4494],[-128.0163,51.4509]],[[-128.0161,51.3717],[-128.0211,51.3719],[-128.0183,51.37],[-128.0161,51.3717]],[[-128.1083,51.4981],[-128.1122,51.4939],[-128.1128,51.4897],[-128.1083,51.4886],[-128.1061,51.4894],[-128.1044,51.4936],[-128.1,51.4981],[-128.1015,51.5],[-128.1083,51.4981]]],[[[-128,51],[-128,51.5],[-127.5333,51.5],[-127.5388,51.4981],[-127.5416,51.4954],[-127.5404,51.4928],[-127.545,51.4905],[-127.5465,51.4921],[-127.5403,51.5],[-127.562,51.5],[-127.563,51.4984],[-127.5621,51.4945],[-127.564,51.4917],[-127.5621,51.4889],[-127.564,51.4867],[-127.5643,51.4792],[-127.5613,51.4735],[-127.5538,51.4725],[-127.5512,51.4754],[-127.5448,51.4782],[-127.5412,51.4847],[-127.5371,51.4858],[-127.5355,51.484],[-127.5415,51.4772],[-127.5369,51.4746],[-127.5375,51.4678],[-127.5347,51.4622],[-127.5361,51.4585],[-127.5236,51.4533],[-127.5,51.4495],[-127.5,51.4028],[-127.5074,51.4016],[-127.5565,51.4015],[-127.5267,51.4066],[-127.5123,51.4073],[-127.5,51.4104],[-127.5,51.4452],[-127.5291,51.4492],[-127.5414,51.4549],[-127.5458,51.4548],[-127.5524,51.4595],[-127.5533,51.4621],[-127.549,51.462],[-127.5505,51.4602],[-127.5491,51.4593],[-127.5417,51.4584],[-127.54,51.4597],[-127.542,51.4628],[-127.5404,51.4649],[-127.5476,51.4662],[-127.5527,51.4711],[-127.5659,51.4728],[-127.5882,51.4649],[-127.5888,51.4622],[-127.5961,51.4564],[-127.6007,51.4477],[-127.6217,51.4381],[-127.6326,51.4313],[-127.6352,51.4274],[-127.635,51.4225],[-127.639,51.4206],[-127.6385,51.4179],[-127.6421,51.4153],[-127.6423,51.4127],[-127.646,51.4106],[-127.6458,51.4045],[-127.6529,51.3993],[-127.6556,51.3947],[-127.6559,51.3865],[-127.6587,51.3812],[-127.6627,51.3791],[-127.6649,51.3751],[-127.6631,51.3726],[-127.6672,51.3686],[-127.6702,51.3684],[-127.6719,51.3713],[-127.6695,51.3721],[-127.6715,51.3737],[-127.6695,51.3758],[-127.6703,51.3792],[-127.6652,51.3822],[-127.6646,51.3899],[-127.6671,51.3988],[-127.6657,51.4029],[-127.6768,51.3993],[-127.6861,51.4013],[-127.6902,51.3985],[-127.6926,51.3996],[-127.6914,51.4016],[-127.6943,51.4036],[-127.7029,51.4014],[-127.7039,51.3964],[-127.7135,51.394],[-127.7105,51.396],[-127.7124,51.3991],[-127.7155,51.4002],[-127.7195,51.3991],[-127.7221,51.4017],[-127.7317,51.3976],[-127.7318,51.3957],[-127.7363,51.3936],[-127.7406,51.3885],[-127.7389,51.384],[-127.7447,51.3802],[-127.7558,51.3687],[-127.7619,51.3696],[-127.7725,51.3666],[-127.7764,51.3735],[-127.7838,51.3741],[-127.7851,51.3714],[-127.7832,51.3681],[-127.7764,51.3668],[-127.7852,51.3638],[-127.7918,51.3586],[-127.7926,51.3544],[-127.79,51.3498],[-127.7863,51.3501],[-127.7884,51.3464],[-127.7838,51.3425],[-127.7835,51.3405],[-127.7858,51.3341],[-127.7765,51.3328],[-127.782,51.3321],[-127.7827,51.3308],[-127.7805,51.329],[-127.7726,51.3305],[-127.7758,51.3285],[-127.7755,51.3261],[-127.7722,51.3254],[-127.7769,51.3237],[-127.7801,51.3249],[-127.7818,51.3207],[-127.7784,51.3195],[-127.7724,51.3205],[-127.7527,51.3274],[-127.7518,51.3264],[-127.7548,51.3232],[-127.7554,51.3192],[-127.738,51.3185],[-127.7365,51.3192],[-127.736,51.3233],[-127.7404,51.3246],[-127.7346,51.3265],[-127.7407,51.3263],[-127.7366,51.3295],[-127.733,51.3292],[-127.7336,51.3278],[-127.7281,51.324],[-127.7309,51.3234],[-127.7292,51.3219],[-127.7166,51.322],[-127.7126,51.3254],[-127.7043,51.3246],[-127.6991,51.3258],[-127.692,51.3318],[-127.6898,51.3369],[-127.6856,51.3364],[-127.6771,51.3402],[-127.669,51.3385],[-127.6684,51.341],[-127.662,51.3397],[-127.6619,51.3372],[-127.6542,51.3329],[-127.633,51.3337],[-127.6188,51.3393],[-127.6129,51.3392],[-127.6162,51.3373],[-127.6065,51.3374],[-127.5905,51.3385],[-127.5786,51.342],[-127.5767,51.3411],[-127.5778,51.3368],[-127.5597,51.3419],[-127.5482,51.3431],[-127.5214,51.3516],[-127.5169,51.3508],[-127.5,51.3606],[-127.5,51.347],[-127.5222,51.3433],[-127.5246,51.341],[-127.5361,51.3379],[-127.5349,51.3361],[-127.528,51.3352],[-127.5223,51.3388],[-127.5188,51.3374],[-127.5252,51.3332],[-127.5225,51.3322],[-127.5093,51.335],[-127.5,51.3348],[-127.5,51.3316],[-127.52,51.3296],[-127.5328,51.3229],[-127.5391,51.3226],[-127.5402,51.3196],[-127.5091,51.3205],[-127.5,51.3171],[-127.5,51.2651],[-127.533,51.2656],[-127.544,51.2639],[-127.5554,51.265],[-127.5796,51.263],[-127.5863,51.263],[-127.5884,51.2657],[-127.5936,51.2637],[-127.5977,51.2646],[-127.5909,51.2686],[-127.5899,51.2723],[-127.5813,51.2745],[-127.5721,51.2796],[-127.5761,51.282],[-127.5853,51.2827],[-127.5792,51.2859],[-127.5757,51.2849],[-127.5733,51.2821],[-127.568,51.2833],[-127.5659,51.285],[-127.5679,51.2867],[-127.5679,51.2892],[-127.5648,51.2927],[-127.559,51.2922],[-127.5589,51.2875],[-127.566,51.2806],[-127.5741,51.2771],[-127.5851,51.2679],[-127.5866,51.2663],[-127.5841,51.2644],[-127.5719,51.2666],[-127.5814,51.2682],[-127.5801,51.2693],[-127.5716,51.2706],[-127.5476,51.2698],[-127.5346,51.2725],[-127.5308,51.2756],[-127.5,51.2737],[-127.5,51.3057],[-127.5275,51.3105],[-127.5338,51.3062],[-127.5345,51.3047],[-127.5327,51.3028],[-127.5367,51.2996],[-127.5449,51.3027],[-127.5466,51.3062],[-127.5589,51.3068],[-127.5672,51.303],[-127.5682,51.2997],[-127.5661,51.2985],[-127.5709,51.2978],[-127.5688,51.3036],[-127.5719,51.3041],[-127.5771,51.302],[-127.5785,51.303],[-127.5748,51.3055],[-127.5864,51.3059],[-127.5967,51.3032],[-127.6123,51.2953],[-127.6086,51.2933],[-127.6082,51.2877],[-127.5964,51.2884],[-127.5979,51.2855],[-127.6035,51.2831],[-127.6085,51.2755],[-127.5972,51.2722],[-127.5978,51.2709],[-127.6047,51.2702],[-127.6102,51.2731],[-127.6232,51.2707],[-127.6097,51.2763],[-127.616,51.2804],[-127.6215,51.2812],[-127.6316,51.2815],[-127.6483,51.2781],[-127.6421,51.2809],[-127.6406,51.2848],[-127.6306,51.2865],[-127.6392,51.2912],[-127.6401,51.2897],[-127.6668,51.2788],[-127.665,51.2761],[-127.6584,51.2758],[-127.6767,51.272],[-127.6863,51.2671],[-127.6987,51.2642],[-127.7102,51.2564],[-127.721,51.26],[-127.7312,51.2597],[-127.7454,51.2538],[-127.7593,51.2501],[-127.7606,51.2482],[-127.7683,51.2491],[-127.7739,51.2407],[-127.7765,51.2409],[-127.7816,51.2368],[-127.7808,51.2351],[-127.7824,51.2324],[-127.7862,51.2307],[-127.7841,51.2271],[-127.7759,51.2228],[-127.7753,51.22],[-127.7718,51.2189],[-127.7742,51.2168],[-127.7717,51.2148],[-127.7838,51.2109],[-127.7859,51.208],[-127.7839,51.2059],[-127.7845,51.2035],[-127.7909,51.1983],[-127.7985,51.1965],[-127.7958,51.1944],[-127.7911,51.1955],[-127.7844,51.193],[-127.787,51.1897],[-127.7817,51.1844],[-127.7778,51.1863],[-127.7724,51.1837],[-127.7749,51.1813],[-127.7725,51.1778],[-127.7751,51.1767],[-127.7825,51.1789],[-127.7844,51.1765],[-127.7824,51.1721],[-127.7882,51.1717],[-127.7889,51.1651],[-127.786,51.1621],[-127.7715,51.1582],[-127.759,51.1612],[-127.7545,51.1601],[-127.7439,51.1505],[-127.7434,51.1472],[-127.7456,51.1452],[-127.7416,51.1415],[-127.7313,51.144],[-127.7298,51.1435],[-127.7301,51.1417],[-127.722,51.1409],[-127.7253,51.1371],[-127.722,51.1347],[-127.7002,51.1412],[-127.6928,51.1354],[-127.6811,51.1312],[-127.6749,51.1235],[-127.6682,51.1099],[-127.6705,51.1061],[-127.6743,51.1056],[-127.6769,51.1072],[-127.6796,51.105],[-127.6675,51.097],[-127.6723,51.0927],[-127.6582,51.0868],[-127.6353,51.0913],[-127.6332,51.0908],[-127.6369,51.0889],[-127.6353,51.0874],[-127.6209,51.0901],[-127.5931,51.0898],[-127.5826,51.0929],[-127.582,51.0948],[-127.5765,51.0947],[-127.5757,51.0921],[-127.5676,51.0912],[-127.5561,51.0946],[-127.5562,51.0969],[-127.559,51.0981],[-127.5475,51.1005],[-127.5436,51.103],[-127.5393,51.0999],[-127.5216,51.0929],[-127.5103,51.0963],[-127.5055,51.0958],[-127.5074,51.0997],[-127.5133,51.1014],[-127.5142,51.1034],[-127.53,51.1096],[-127.5403,51.1108],[-127.5431,51.1142],[-127.5622,51.1222],[-127.5736,51.1248],[-127.6072,51.1268],[-127.597,51.1331],[-127.61,51.1384],[-127.6147,51.1432],[-127.6141,51.1441],[-127.5908,51.1403],[-127.5712,51.1334],[-127.5597,51.132],[-127.552,51.1334],[-127.549,51.1316],[-127.5341,51.1347],[-127.5064,51.1368],[-127.5,51.1399],[-127.5,51.1271],[-127.5051,51.1278],[-127.516,51.1248],[-127.5465,51.1243],[-127.5536,51.1255],[-127.5551,51.1243],[-127.5274,51.1119],[-127.5214,51.1117],[-127.5097,51.1072],[-127.5,51.1058],[-127.5,51.0986],[-127.5014,51.0981],[-127.5,51.0941],[-127.5079,51.0926],[-127.5107,51.0882],[-127.5037,51.0852],[-127.5096,51.0856],[-127.5152,51.0783],[-127.5157,51.0738],[-127.5185,51.071],[-127.5176,51.0674],[-127.5218,51.0532],[-127.5208,51.051],[-127.524,51.0445],[-127.524,51.0417],[-127.5194,51.04],[-127.5118,51.0515],[-127.508,51.0609],[-127.5034,51.0616],[-127.5024,51.0588],[-127.5044,51.0578],[-127.5082,51.0501],[-127.5134,51.0462],[-127.5166,51.0382],[-127.5205,51.0345],[-127.5164,51.0331],[-127.5199,51.0311],[-127.5136,51.0305],[-127.5137,51.0294],[-127.5242,51.0255],[-127.5247,51.0134],[-127.5223,51.0116],[-127.5192,51.0021],[-127.5167,51],[-128,51]],[[-127.5157,51.088],[-127.5124,51.0888],[-127.5136,51.0915],[-127.5177,51.0903],[-127.5157,51.088]],[[-127.5913,51.0834],[-127.5952,51.0817],[-127.5951,51.0804],[-127.6108,51.0755],[-127.6063,51.0751],[-127.6062,51.0733],[-127.6103,51.0713],[-127.6075,51.0674],[-127.6116,51.0639],[-127.5911,51.0637],[-127.5981,51.0602],[-127.5981,51.0564],[-127.6016,51.056],[-127.5976,51.0526],[-127.5971,51.0503],[-127.5823,51.0458],[-127.5656,51.0466],[-127.5248,51.0553],[-127.5211,51.0626],[-127.5205,51.0721],[-127.5184,51.0753],[-127.5196,51.0767],[-127.5141,51.0841],[-127.5198,51.088],[-127.542,51.0904],[-127.5674,51.0885],[-127.5913,51.0834]],[[-127.5321,51.0001],[-127.5245,51],[-127.5248,51.0044],[-127.5333,51.0032],[-127.5341,51.0015],[-127.5321,51.0001]],[[-127.5333,51.0144],[-127.5344,51.0124],[-127.542,51.0108],[-127.5428,51.0085],[-127.5384,51.0054],[-127.536,51.0087],[-127.5355,51.0056],[-127.5277,51.0097],[-127.526,51.0172],[-127.5333,51.0144]],[[-127.5345,51.0433],[-127.5322,51.0418],[-127.5332,51.0406],[-127.5292,51.0397],[-127.5264,51.0459],[-127.527,51.0525],[-127.5283,51.0534],[-127.5348,51.0501],[-127.5442,51.0499],[-127.5507,51.0474],[-127.5463,51.045],[-127.5345,51.0433]],[[-127.5353,51.3083],[-127.5328,51.3104],[-127.5346,51.3114],[-127.5364,51.3101],[-127.5353,51.3083]],[[-127.5472,51.0997],[-127.5544,51.0978],[-127.5531,51.097],[-127.5488,51.0982],[-127.5422,51.0944],[-127.538,51.0975],[-127.5472,51.0997]],[[-127.5399,51.031],[-127.538,51.0338],[-127.5404,51.033],[-127.5412,51.0314],[-127.5399,51.031]],[[-127.5391,51.004],[-127.5419,51.0044],[-127.5412,51.0031],[-127.5391,51.004]],[[-127.5493,51.0353],[-127.544,51.0347],[-127.5398,51.0366],[-127.543,51.0385],[-127.5493,51.0353]],[[-127.5423,51.3358],[-127.5412,51.3383],[-127.5436,51.3391],[-127.5469,51.3368],[-127.5688,51.3325],[-127.5487,51.3326],[-127.5423,51.3358]],[[-127.5516,51.0426],[-127.549,51.0402],[-127.5418,51.0392],[-127.5476,51.0427],[-127.5516,51.0426]],[[-127.556,51.0461],[-127.5522,51.0451],[-127.5517,51.0462],[-127.556,51.0461]],[[-127.5598,51.0369],[-127.5607,51.0353],[-127.5591,51.0334],[-127.5539,51.0322],[-127.5543,51.0357],[-127.5598,51.0369]],[[-127.5756,51.3281],[-127.576,51.3271],[-127.5702,51.3262],[-127.5631,51.3281],[-127.564,51.3299],[-127.5692,51.3309],[-127.5756,51.3281]],[[-127.6818,51.5],[-127.6833,51.4981],[-127.6831,51.4933],[-127.6752,51.4914],[-127.6697,51.4934],[-127.6533,51.489],[-127.6577,51.4864],[-127.68,51.4907],[-127.6826,51.4895],[-127.685,51.4851],[-127.679,51.4832],[-127.6805,51.4812],[-127.6783,51.479],[-127.679,51.4764],[-127.6771,51.4754],[-127.6787,51.4697],[-127.6767,51.4662],[-127.679,51.4648],[-127.6782,51.4624],[-127.6701,51.4616],[-127.6716,51.4637],[-127.6703,51.4648],[-127.6635,51.4609],[-127.6558,51.4594],[-127.6514,51.4666],[-127.6468,51.4666],[-127.6441,51.4701],[-127.6427,51.4696],[-127.647,51.4623],[-127.6434,51.4585],[-127.6321,51.4602],[-127.6277,51.4645],[-127.6231,51.4657],[-127.6226,51.4684],[-127.6269,51.4697],[-127.6231,51.4703],[-127.6238,51.4741],[-127.6217,51.4767],[-127.6254,51.4814],[-127.6235,51.4871],[-127.6255,51.4887],[-127.6244,51.4907],[-127.6258,51.4942],[-127.6237,51.4959],[-127.6208,51.4944],[-127.623,51.4936],[-127.6218,51.4915],[-127.6227,51.4881],[-127.6172,51.4835],[-127.6088,51.4852],[-127.6077,51.4904],[-127.603,51.4927],[-127.6018,51.4908],[-127.5948,51.4913],[-127.599,51.5],[-127.6818,51.5]],[[-127.5759,51.0288],[-127.5777,51.0277],[-127.5744,51.0265],[-127.5642,51.0265],[-127.5652,51.0295],[-127.5703,51.0307],[-127.5713,51.0288],[-127.5759,51.0288]],[[-127.5805,51.0194],[-127.5852,51.0188],[-127.5805,51.0177],[-127.5805,51.0194]],[[-127.6004,51.0432],[-127.593,51.0408],[-127.5915,51.0424],[-127.5985,51.0441],[-127.6004,51.0432]],[[-127.6294,51.0814],[-127.6189,51.0808],[-127.62,51.0794],[-127.6172,51.0789],[-127.6133,51.08],[-127.6094,51.0775],[-127.6078,51.0783],[-127.6092,51.0824],[-127.6044,51.0831],[-127.605,51.0808],[-127.6017,51.0803],[-127.5919,51.0844],[-127.592,51.0856],[-127.5994,51.0864],[-127.6061,51.0858],[-127.6067,51.0844],[-127.6117,51.0857],[-127.6211,51.0847],[-127.6229,51.087],[-127.635,51.0861],[-127.6406,51.0844],[-127.6456,51.0797],[-127.6383,51.0775],[-127.6294,51.0814]],[[-127.6089,51.3161],[-127.6075,51.3148],[-127.5957,51.3147],[-127.5942,51.317],[-127.5961,51.3182],[-127.6142,51.318],[-127.6162,51.3171],[-127.6089,51.3161]],[[-127.6117,51.0683],[-127.6122,51.0672],[-127.6096,51.0673],[-127.6095,51.0684],[-127.6117,51.0683]],[[-127.6303,51.317],[-127.6348,51.3157],[-127.6352,51.3139],[-127.6286,51.3139],[-127.6234,51.3159],[-127.6303,51.317]],[[-127.6343,51.059],[-127.6307,51.057],[-127.6281,51.0579],[-127.6321,51.0597],[-127.6343,51.059]],[[-127.6483,51.4125],[-127.6491,51.4151],[-127.6518,51.4158],[-127.655,51.4127],[-127.6513,51.4089],[-127.6483,51.4125]],[[-127.6899,51.3024],[-127.6898,51.2989],[-127.6867,51.2986],[-127.6714,51.301],[-127.6682,51.3033],[-127.6624,51.3013],[-127.657,51.3026],[-127.655,51.3048],[-127.6637,51.3083],[-127.6819,51.3053],[-127.6899,51.3024]],[[-127.6658,51.4227],[-127.6599,51.4224],[-127.6574,51.4257],[-127.6643,51.4264],[-127.6663,51.4243],[-127.6658,51.4227]],[[-127.6641,51.4114],[-127.6628,51.4085],[-127.6599,51.4108],[-127.6605,51.4123],[-127.6641,51.4114]],[[-127.6653,51.4478],[-127.6603,51.4518],[-127.6627,51.4535],[-127.6725,51.4485],[-127.672,51.4474],[-127.6653,51.4478]],[[-127.6639,51.3997],[-127.665,51.4006],[-127.6662,51.3986],[-127.6639,51.3997]],[[-127.6704,51.461],[-127.6742,51.4603],[-127.6755,51.4571],[-127.6824,51.4581],[-127.6854,51.457],[-127.6836,51.4502],[-127.6867,51.4477],[-127.6854,51.446],[-127.6822,51.4455],[-127.6714,51.4524],[-127.6671,51.4526],[-127.665,51.4552],[-127.6655,51.4572],[-127.6677,51.4605],[-127.6704,51.461]],[[-127.6783,51.4162],[-127.6771,51.4137],[-127.6822,51.4078],[-127.6772,51.4089],[-127.6755,51.4107],[-127.6731,51.4075],[-127.6765,51.405],[-127.6684,51.4048],[-127.6655,51.4079],[-127.6681,51.4088],[-127.6702,51.4066],[-127.6687,51.4097],[-127.6668,51.4101],[-127.6697,51.4137],[-127.6693,51.4171],[-127.6768,51.4174],[-127.6783,51.4162]],[[-127.6926,51.294],[-127.6928,51.2902],[-127.6908,51.2893],[-127.6924,51.2876],[-127.6886,51.2876],[-127.6757,51.2939],[-127.6747,51.2962],[-127.6832,51.2981],[-127.6926,51.294]],[[-127.68,51.3369],[-127.6772,51.3361],[-127.6761,51.3383],[-127.6783,51.3386],[-127.68,51.3369]],[[-127.6764,51.4594],[-127.6766,51.4607],[-127.6799,51.4606],[-127.6764,51.4594]],[[-127.6868,51.4143],[-127.6836,51.4133],[-127.6802,51.4154],[-127.6832,51.4173],[-127.6868,51.4159],[-127.6868,51.4143]],[[-127.6845,51.4712],[-127.6808,51.4732],[-127.6847,51.4735],[-127.6874,51.4714],[-127.6845,51.4712]],[[-127.6831,51.4103],[-127.6878,51.4103],[-127.6862,51.4078],[-127.689,51.4047],[-127.6838,51.4036],[-127.6831,51.4103]],[[-127.6848,51.4688],[-127.6867,51.47],[-127.6881,51.4684],[-127.6848,51.4688]],[[-127.6899,51.3097],[-127.6867,51.3111],[-127.6902,51.312],[-127.6922,51.311],[-127.6899,51.3097]],[[-127.6922,51.0253],[-127.687,51.0242],[-127.6892,51.0267],[-127.6922,51.0253]],[[-127.6899,51.0969],[-127.6872,51.0975],[-127.6911,51.0989],[-127.6924,51.0978],[-127.6899,51.0969]],[[-127.6888,51.4575],[-127.6889,51.4559],[-127.6931,51.4561],[-127.7004,51.4505],[-127.7013,51.4475],[-127.6975,51.4478],[-127.688,51.4544],[-127.6873,51.4577],[-127.6888,51.4575]],[[-127.702,51.2693],[-127.689,51.2724],[-127.6923,51.2735],[-127.6967,51.2727],[-127.702,51.2693]],[[-127.6914,51.0172],[-127.6896,51.018],[-127.6905,51.0188],[-127.6951,51.0201],[-127.6967,51.0192],[-127.6914,51.0172]],[[-127.6981,51.4942],[-127.6933,51.4959],[-127.6951,51.5],[-127.6992,51.4965],[-127.6998,51.4943],[-127.6981,51.4942]],[[-127.6983,51.4831],[-127.6944,51.485],[-127.6978,51.4861],[-127.7006,51.4842],[-127.6983,51.4831]],[[-127.6961,51.2956],[-127.6961,51.2979],[-127.6979,51.2983],[-127.7026,51.2958],[-127.6961,51.2956]],[[-127.7303,51.4633],[-127.7307,51.4673],[-127.7238,51.4652],[-127.7085,51.4743],[-127.7023,51.4761],[-127.7018,51.4804],[-127.7052,51.4818],[-127.7061,51.4846],[-127.717,51.4828],[-127.7167,51.4867],[-127.7142,51.4902],[-127.7121,51.4904],[-127.7098,51.4847],[-127.7037,51.4867],[-127.7013,51.4921],[-127.7149,51.4979],[-127.711,51.5],[-127.707,51.4955],[-127.7025,51.4963],[-127.6989,51.5],[-127.7524,51.5],[-127.7631,51.494],[-127.7629,51.4915],[-127.7681,51.4903],[-127.769,51.4891],[-127.7638,51.4836],[-127.7713,51.4786],[-127.7633,51.4801],[-127.7571,51.4788],[-127.7541,51.4809],[-127.7586,51.4817],[-127.7558,51.4848],[-127.7624,51.4876],[-127.758,51.489],[-127.7533,51.4855],[-127.7501,51.4887],[-127.7476,51.4878],[-127.745,51.4841],[-127.746,51.4822],[-127.7363,51.4794],[-127.744,51.4786],[-127.7465,51.4802],[-127.7511,51.4772],[-127.7553,51.478],[-127.7553,51.4759],[-127.7515,51.476],[-127.7513,51.4742],[-127.7608,51.4717],[-127.7565,51.4695],[-127.7577,51.4677],[-127.7532,51.4684],[-127.7513,51.4666],[-127.7447,51.4665],[-127.7406,51.4712],[-127.7423,51.473],[-127.7484,51.4715],[-127.7465,51.4757],[-127.7406,51.4751],[-127.7377,51.4722],[-127.7287,51.473],[-127.7263,51.469],[-127.7385,51.4686],[-127.7415,51.4673],[-127.7435,51.4626],[-127.7542,51.4595],[-127.7531,51.4579],[-127.7485,51.4569],[-127.7433,51.458],[-127.7463,51.454],[-127.7445,51.453],[-127.7358,51.4563],[-127.7303,51.4633]],[[-127.7017,51.4238],[-127.6984,51.4228],[-127.6976,51.4242],[-127.7017,51.4238]],[[-127.7003,51.4578],[-127.6986,51.4612],[-127.7001,51.4631],[-127.7065,51.4605],[-127.7033,51.4569],[-127.7003,51.4578]],[[-127.7446,51.034],[-127.7484,51.0323],[-127.7362,51.0295],[-127.7336,51.0266],[-127.7275,51.0243],[-127.7153,51.0216],[-127.7093,51.0226],[-127.7082,51.0197],[-127.7058,51.0191],[-127.7037,51.021],[-127.7082,51.0252],[-127.7125,51.0247],[-127.7193,51.0277],[-127.7221,51.0263],[-127.7234,51.0284],[-127.7446,51.034]],[[-127.7093,51.4112],[-127.7062,51.4125],[-127.7077,51.4149],[-127.7119,51.4125],[-127.7093,51.4112]],[[-127.7117,51.4568],[-127.7167,51.4511],[-127.7115,51.4529],[-127.7102,51.452],[-127.7119,51.4505],[-127.7094,51.4499],[-127.7066,51.4526],[-127.7086,51.4561],[-127.7117,51.4568]],[[-127.7219,51.4636],[-127.7235,51.4575],[-127.7185,51.4581],[-127.7187,51.4552],[-127.7103,51.4603],[-127.7119,51.4624],[-127.7107,51.4639],[-127.7135,51.4654],[-127.7188,51.4654],[-127.7219,51.4636]],[[-127.7195,51.2712],[-127.715,51.2715],[-127.7174,51.2724],[-127.7195,51.2712]],[[-127.7312,51.2614],[-127.7305,51.2624],[-127.7325,51.2632],[-127.7349,51.2609],[-127.7312,51.2614]],[[-127.7356,51.325],[-127.7328,51.3244],[-127.7321,51.3258],[-127.7356,51.325]],[[-127.747,51.3176],[-127.7513,51.3166],[-127.7516,51.3138],[-127.7421,51.3127],[-127.7398,51.3149],[-127.7408,51.3164],[-127.747,51.3176]],[[-127.7553,51.2534],[-127.7545,51.2547],[-127.7572,51.2556],[-127.7607,51.2534],[-127.7553,51.2534]],[[-127.7597,51.3134],[-127.757,51.311],[-127.7544,51.3116],[-127.7561,51.3153],[-127.7597,51.3134]],[[-127.765,51.3158],[-127.762,51.3159],[-127.7637,51.3177],[-127.765,51.3158]],[[-127.7687,51.3109],[-127.7732,51.3125],[-127.7757,51.311],[-127.7764,51.3075],[-127.7748,51.3059],[-127.7707,51.306],[-127.7687,51.3109]],[[-127.7788,51.2228],[-127.782,51.2241],[-127.7823,51.2228],[-127.7788,51.2228]],[[-127.7839,51.2117],[-127.782,51.2136],[-127.7845,51.2139],[-127.7853,51.2125],[-127.7839,51.2117]],[[-127.7929,51.321],[-127.786,51.3188],[-127.7832,51.3213],[-127.7883,51.3237],[-127.7929,51.321]],[[-127.7906,51.2139],[-127.7889,51.215],[-127.7895,51.2166],[-127.7955,51.2182],[-127.7949,51.2158],[-127.7906,51.2139]],[[-127.8002,51.2579],[-127.7989,51.2617],[-127.8013,51.2697],[-127.8084,51.273],[-127.8051,51.2747],[-127.8084,51.2774],[-127.8152,51.2734],[-127.8137,51.2713],[-127.8212,51.2689],[-127.8145,51.2644],[-127.8144,51.2619],[-127.8115,51.2593],[-127.8002,51.2579]],[[-127.8054,51.3227],[-127.8029,51.3254],[-127.806,51.3265],[-127.8098,51.324],[-127.8054,51.3227]],[[-127.8069,51.3657],[-127.8061,51.367],[-127.8084,51.3682],[-127.8102,51.367],[-127.8069,51.3657]],[[-127.8247,51.3067],[-127.8199,51.3049],[-127.8175,51.3072],[-127.8208,51.3091],[-127.8247,51.3067]],[[-127.8332,51.2466],[-127.83,51.25],[-127.8353,51.2528],[-127.8384,51.248],[-127.8332,51.2466]],[[-128,51.5],[-128,51.4707],[-127.9864,51.4667],[-127.9882,51.465],[-127.982,51.4612],[-127.9823,51.458],[-127.9799,51.456],[-127.9752,51.4561],[-127.9747,51.4597],[-127.965,51.4594],[-127.9593,51.457],[-127.9662,51.4555],[-127.9621,51.4543],[-127.9641,51.4519],[-127.9625,51.4496],[-127.9632,51.4469],[-127.9601,51.4465],[-127.961,51.4491],[-127.9569,51.4515],[-127.9504,51.4471],[-127.9581,51.4399],[-127.9537,51.4379],[-127.9461,51.4394],[-127.9497,51.4344],[-127.9488,51.4318],[-127.9458,51.4312],[-127.9413,51.4337],[-127.9379,51.4317],[-127.9412,51.4301],[-127.9411,51.4278],[-127.9341,51.4241],[-127.9251,51.4248],[-127.9183,51.4214],[-127.9113,51.4242],[-127.9094,51.4236],[-127.9111,51.4218],[-127.9096,51.4196],[-127.9043,51.4172],[-127.8953,51.4217],[-127.8952,51.4241],[-127.8858,51.4282],[-127.8867,51.431],[-127.8927,51.4327],[-127.8777,51.4458],[-127.8757,51.4524],[-127.8755,51.4654],[-127.8886,51.5],[-128,51.5]],[[-127.9128,51.4155],[-127.9138,51.4144],[-127.91,51.4128],[-127.9089,51.4139],[-127.9128,51.4155]],[[-127.9139,51.4167],[-127.9289,51.4194],[-127.9326,51.4179],[-127.9275,51.4168],[-127.9248,51.4139],[-127.9263,51.4128],[-127.9224,51.4122],[-127.9167,51.4136],[-127.9139,51.4167]],[[-127.9244,51.4106],[-127.9267,51.4089],[-127.9244,51.4078],[-127.9194,51.4094],[-127.9217,51.4111],[-127.9244,51.4106]],[[-127.9311,51.4236],[-127.9335,51.4222],[-127.9314,51.4212],[-127.9288,51.4232],[-127.9311,51.4236]],[[-127.955,51.4367],[-127.9572,51.4353],[-127.9567,51.4333],[-127.9514,51.4331],[-127.953,51.4342],[-127.9522,51.4367],[-127.955,51.4367]],[[-127.9732,51.4437],[-127.9732,51.4422],[-127.9688,51.4397],[-127.9653,51.443],[-127.9688,51.445],[-127.9732,51.4437]]],[[[-127.5,51],[-127.5,51.5],[-127.5,51.4495],[-127.4783,51.4445],[-127.4476,51.4469],[-127.4341,51.4459],[-127.4317,51.4432],[-127.4246,51.442],[-127.3943,51.4443],[-127.379,51.4398],[-127.3581,51.4393],[-127.3464,51.441],[-127.3252,51.4395],[-127.3186,51.4414],[-127.3049,51.431],[-127.3107,51.4262],[-127.3032,51.4218],[-127.304,51.4163],[-127.3019,51.4145],[-127.3042,51.4126],[-127.2999,51.4111],[-127.3108,51.4079],[-127.3024,51.4046],[-127.2859,51.4082],[-127.275,51.4077],[-127.2624,51.4098],[-127.2518,51.4084],[-127.2566,51.4083],[-127.254,51.4056],[-127.2662,51.4071],[-127.2727,51.4058],[-127.2766,51.4032],[-127.295,51.4028],[-127.2983,51.4007],[-127.3039,51.4008],[-127.3136,51.4061],[-127.3153,51.4269],[-127.3274,51.4302],[-127.3632,51.4314],[-127.3804,51.4353],[-127.4043,51.4377],[-127.4107,51.4373],[-127.4119,51.4351],[-127.4318,51.438],[-127.4475,51.4369],[-127.4466,51.4312],[-127.4545,51.4265],[-127.4553,51.4241],[-127.4654,51.4193],[-127.4696,51.4097],[-127.4738,51.4056],[-127.4798,51.4029],[-127.4859,51.4032],[-127.4913,51.4064],[-127.5,51.4028],[-127.5,51.4104],[-127.4858,51.4117],[-127.4708,51.4256],[-127.4668,51.4309],[-127.4658,51.4359],[-127.47,51.4382],[-127.5,51.4452],[-127.5,51.3606],[-127.4739,51.3674],[-127.4709,51.3691],[-127.4707,51.3708],[-127.4598,51.3713],[-127.4702,51.3667],[-127.468,51.3659],[-127.4389,51.3672],[-127.4333,51.3695],[-127.4328,51.3718],[-127.4283,51.3753],[-127.433,51.3764],[-127.43,51.3801],[-127.3942,51.387],[-127.3857,51.3939],[-127.3718,51.3987],[-127.3609,51.4066],[-127.3587,51.4061],[-127.3587,51.4042],[-127.3554,51.4011],[-127.3578,51.3983],[-127.3678,51.395],[-127.3783,51.3881],[-127.4017,51.3814],[-127.4182,51.3795],[-127.419,51.3745],[-127.4304,51.3696],[-127.4315,51.3661],[-127.426,51.365],[-127.4282,51.3636],[-127.4526,51.3602],[-127.4537,51.3575],[-127.4603,51.3567],[-127.4627,51.3548],[-127.4842,51.3516],[-127.5,51.347],[-127.5,51.3348],[-127.4943,51.3327],[-127.5,51.3316],[-127.5,51.3171],[-127.4963,51.3157],[-127.4737,51.3134],[-127.4403,51.3167],[-127.4258,51.3121],[-127.4149,51.3134],[-127.3947,51.3123],[-127.371,51.3064],[-127.357,51.3084],[-127.3517,51.3116],[-127.3532,51.3276],[-127.3493,51.335],[-127.3458,51.3379],[-127.3381,51.3378],[-127.3338,51.3398],[-127.3302,51.3389],[-127.3256,51.34],[-127.3218,51.3379],[-127.2902,51.3412],[-127.2826,51.3399],[-127.2718,51.3421],[-127.2517,51.3393],[-127.247,51.3407],[-127.2387,51.3393],[-127.2351,51.3419],[-127.1974,51.3505],[-127.1818,51.3508],[-127.1752,51.3475],[-127.1801,51.3446],[-127.2008,51.3467],[-127.2086,51.3461],[-127.2205,51.3432],[-127.2237,51.3399],[-127.2314,51.3398],[-127.2368,51.3374],[-127.2642,51.34],[-127.2742,51.339],[-127.2809,51.3358],[-127.3162,51.3373],[-127.3454,51.3322],[-127.3478,51.3285],[-127.3483,51.3218],[-127.346,51.3187],[-127.3423,51.3175],[-127.3414,51.3151],[-127.346,51.3093],[-127.3404,51.3074],[-127.3666,51.3051],[-127.3666,51.3034],[-127.3592,51.3011],[-127.3532,51.3008],[-127.3411,51.3038],[-127.3286,51.3003],[-127.3174,51.3],[-127.3133,51.3008],[-127.3125,51.3029],[-127.2921,51.3042],[-127.2751,51.309],[-127.2638,51.3107],[-127.2567,51.31],[-127.2108,51.3181],[-127.1929,51.3243],[-127.1888,51.3281],[-127.1875,51.3371],[-127.1639,51.3439],[-127.1572,51.3506],[-127.1579,51.3606],[-127.1287,51.3694],[-127.1243,51.3721],[-127.1244,51.3751],[-127.1214,51.3786],[-127.1211,51.3761],[-127.1171,51.3765],[-127.1176,51.3821],[-127.1144,51.3842],[-127.1193,51.3878],[-127.1178,51.391],[-127.1154,51.3875],[-127.1087,51.3847],[-127.1087,51.3751],[-127.1071,51.3731],[-127.1101,51.3694],[-127.1109,51.3648],[-127.1165,51.3613],[-127.1163,51.3587],[-127.0742,51.3533],[-127.0649,51.3544],[-127.0599,51.352],[-127.0715,51.3485],[-127.08,51.3491],[-127.0855,51.351],[-127.117,51.3534],[-127.1213,51.3551],[-127.1227,51.3596],[-127.1252,51.3608],[-127.1354,51.3603],[-127.1472,51.3548],[-127.1474,51.3477],[-127.149,51.3448],[-127.1472,51.3418],[-127.165,51.333],[-127.1688,51.3303],[-127.1702,51.3263],[-127.1548,51.329],[-127.1515,51.3327],[-127.1437,51.3318],[-127.1309,51.3398],[-127.1281,51.34],[-127.1254,51.3379],[-127.1287,51.3329],[-127.149,51.3249],[-127.1577,51.3177],[-127.1649,51.3195],[-127.1782,51.3184],[-127.1935,51.315],[-127.2053,51.3085],[-127.2345,51.3055],[-127.2436,51.3023],[-127.2546,51.3016],[-127.2826,51.2956],[-127.3018,51.2941],[-127.3039,51.2932],[-127.3013,51.2918],[-127.3478,51.29],[-127.3615,51.291],[-127.3775,51.2857],[-127.3791,51.2862],[-127.3784,51.288],[-127.3801,51.2897],[-127.3882,51.2899],[-127.3935,51.2874],[-127.4072,51.2855],[-127.4102,51.2867],[-127.4203,51.2846],[-127.4351,51.2856],[-127.4609,51.282],[-127.4651,51.2778],[-127.463,51.2766],[-127.4508,51.277],[-127.4453,51.2755],[-127.438,51.277],[-127.4216,51.275],[-127.4209,51.2738],[-127.4278,51.2699],[-127.442,51.272],[-127.4466,51.2702],[-127.4626,51.2695],[-127.4696,51.2657],[-127.4947,51.267],[-127.4995,51.2651],[-127.5,51.2737],[-127.4869,51.2747],[-127.4623,51.2831],[-127.441,51.2872],[-127.4094,51.2889],[-127.3972,51.2914],[-127.3901,51.2905],[-127.3876,51.2927],[-127.3771,51.2956],[-127.3837,51.2979],[-127.399,51.2988],[-127.4136,51.3021],[-127.4433,51.3038],[-127.4535,51.3014],[-127.4741,51.3008],[-127.4888,51.3047],[-127.5,51.3057],[-127.5,51.1399],[-127.486,51.1403],[-127.4809,51.1379],[-127.4707,51.1383],[-127.4674,51.1399],[-127.4651,51.1475],[-127.4551,51.1512],[-127.4578,51.1438],[-127.4607,51.142],[-127.4623,51.1385],[-127.4675,51.1359],[-127.4572,51.1334],[-127.4436,51.1361],[-127.4334,51.134],[-127.4288,51.136],[-127.4236,51.1414],[-127.4181,51.1431],[-127.4193,51.147],[-127.423,51.1495],[-127.4186,51.1543],[-127.4202,51.1582],[-127.4264,51.1625],[-127.4544,51.164],[-127.4608,51.1618],[-127.4707,51.1611],[-127.4753,51.1639],[-127.4714,51.1685],[-127.4623,51.1692],[-127.4577,51.1724],[-127.4531,51.1711],[-127.4429,51.1717],[-127.4391,51.1683],[-127.4209,51.1706],[-127.4207,51.1751],[-127.4245,51.1838],[-127.4223,51.1885],[-127.4172,51.1898],[-127.4219,51.1921],[-127.4162,51.1955],[-127.4099,51.2041],[-127.4098,51.2071],[-127.4132,51.2084],[-127.4123,51.2095],[-127.3891,51.2113],[-127.3878,51.2083],[-127.3803,51.2087],[-127.3757,51.2054],[-127.3268,51.1982],[-127.3237,51.1944],[-127.3194,51.1928],[-127.3055,51.192],[-127.2973,51.1926],[-127.2916,51.1947],[-127.2815,51.1935],[-127.2744,51.1972],[-127.2565,51.2024],[-127.2575,51.205],[-127.256,51.2098],[-127.2481,51.2102],[-127.2468,51.2069],[-127.2496,51.2041],[-127.2513,51.1979],[-127.2553,51.1942],[-127.2835,51.1864],[-127.3196,51.1862],[-127.3266,51.1877],[-127.3333,51.1864],[-127.341,51.1883],[-127.3448,51.1876],[-127.3533,51.19],[-127.351,51.1936],[-127.3607,51.1964],[-127.3896,51.203],[-127.4018,51.2015],[-127.4031,51.2001],[-127.402,51.1977],[-127.4074,51.1961],[-127.4009,51.1935],[-127.4163,51.1854],[-127.4098,51.1828],[-127.4149,51.1759],[-127.4073,51.1741],[-127.4055,51.1715],[-127.4135,51.1696],[-127.4109,51.1641],[-127.414,51.162],[-127.4144,51.1568],[-127.4086,51.1528],[-127.4043,51.1544],[-127.4018,51.153],[-127.4045,51.1456],[-127.4109,51.1388],[-127.4086,51.134],[-127.3993,51.1323],[-127.3948,51.1341],[-127.3848,51.1332],[-127.3833,51.1349],[-127.3275,51.1359],[-127.3226,51.1387],[-127.304,51.1389],[-127.2938,51.1354],[-127.2735,51.1381],[-127.2632,51.1368],[-127.2559,51.134],[-127.2442,51.1345],[-127.2433,51.133],[-127.2335,51.1323],[-127.2078,51.1334],[-127.1988,51.1318],[-127.1897,51.1325],[-127.1859,51.1308],[-127.1792,51.1333],[-127.1725,51.1292],[-127.1628,51.1271],[-127.1616,51.1246],[-127.1515,51.1233],[-127.1299,51.1297],[-127.1253,51.1375],[-127.1169,51.141],[-127.1158,51.1452],[-127.1128,51.1483],[-127.1184,51.1521],[-127.1176,51.1581],[-127.1101,51.1657],[-127.1112,51.1697],[-127.1084,51.1725],[-127.1021,51.1748],[-127.1005,51.1805],[-127.0959,51.1843],[-127.092,51.1852],[-127.0883,51.1838],[-127.0885,51.1761],[-127.0838,51.1726],[-127.062,51.1714],[-127.0447,51.1735],[-127.029,51.1714],[-127.0235,51.1698],[-127.0249,51.1673],[-127.0292,51.1654],[-127.0334,51.1663],[-127.0318,51.1645],[-127.0273,51.1638],[-127.0236,51.1653],[-127.0175,51.1631],[-127,51.1623],[-127,51.1589],[-127.0029,51.1568],[-127.0073,51.1568],[-127.0283,51.1603],[-127.0513,51.1663],[-127.0646,51.1655],[-127.0726,51.1674],[-127.0753,51.1656],[-127.0711,51.1632],[-127.0724,51.1627],[-127.106,51.1637],[-127.1089,51.1615],[-127.1098,51.1583],[-127.1066,51.1575],[-127.1025,51.1527],[-127.1068,51.1523],[-127.111,51.1548],[-127.1134,51.1545],[-127.111,51.151],[-127.1083,51.1499],[-127.1066,51.1447],[-127.1079,51.1432],[-127.1141,51.1422],[-127.1146,51.1369],[-127.1246,51.1321],[-127.1258,51.1304],[-127.1239,51.1275],[-127.1257,51.1248],[-127.1345,51.1218],[-127.1323,51.119],[-127.1017,51.1155],[-127.0811,51.1155],[-127.0754,51.1171],[-127.0612,51.1141],[-127.0397,51.1156],[-127.0142,51.1119],[-127.0095,51.112],[-127,51.1154],[-127,51.1053],[-127.012,51.1033],[-127.0681,51.1063],[-127.0763,51.1039],[-127.0904,51.107],[-127.099,51.1066],[-127.1097,51.1104],[-127.173,51.116],[-127.1842,51.1198],[-127.1949,51.1207],[-127.1989,51.1233],[-127.2038,51.123],[-127.2066,51.1212],[-127.2259,51.1244],[-127.2294,51.1222],[-127.2385,51.1221],[-127.2439,51.1257],[-127.268,51.1272],[-127.2702,51.1261],[-127.2687,51.1243],[-127.2712,51.122],[-127.2804,51.1211],[-127.292,51.1247],[-127.3007,51.1247],[-127.3151,51.1283],[-127.3252,51.1272],[-127.3375,51.1281],[-127.3472,51.1245],[-127.3714,51.1276],[-127.391,51.1277],[-127.3931,51.1251],[-127.3987,51.1237],[-127.4355,51.1258],[-127.4476,51.1231],[-127.4663,51.1244],[-127.4725,51.1279],[-127.5,51.1271],[-127.5,51.1058],[-127.4914,51.1026],[-127.4841,51.1037],[-127.4827,51.1011],[-127.4726,51.0976],[-127.4711,51.0946],[-127.4678,51.0937],[-127.4603,51.0948],[-127.4513,51.0927],[-127.4027,51.0923],[-127.3945,51.0876],[-127.3868,51.0937],[-127.3762,51.0923],[-127.3695,51.0896],[-127.3585,51.0905],[-127.355,51.0937],[-127.3503,51.0921],[-127.3296,51.0923],[-127.3187,51.0899],[-127.2961,51.0932],[-127.2862,51.0907],[-127.26,51.0914],[-127.2408,51.0882],[-127.2154,51.0926],[-127.2133,51.0918],[-127.2132,51.0902],[-127.2099,51.09],[-127.1983,51.0949],[-127.1954,51.0931],[-127.1973,51.0882],[-127.1957,51.0835],[-127.1971,51.0826],[-127.2128,51.0844],[-127.2219,51.0827],[-127.2445,51.0861],[-127.2575,51.0847],[-127.2598,51.0831],[-127.2706,51.0827],[-127.2818,51.0861],[-127.2993,51.0871],[-127.307,51.086],[-127.3097,51.0879],[-127.3122,51.0868],[-127.3261,51.0892],[-127.3333,51.0891],[-127.3335,51.0863],[-127.3377,51.084],[-127.3628,51.0878],[-127.3856,51.0865],[-127.3872,51.0833],[-127.3922,51.0834],[-127.3966,51.0849],[-127.4163,51.0859],[-127.4276,51.0892],[-127.4323,51.0873],[-127.4448,51.0906],[-127.4481,51.0885],[-127.4589,51.0912],[-127.4652,51.0904],[-127.4667,51.0888],[-127.4612,51.0848],[-127.4086,51.0666],[-127.3954,51.0644],[-127.3884,51.0612],[-127.3854,51.0619],[-127.3824,51.0605],[-127.3795,51.0624],[-127.3722,51.0607],[-127.3712,51.0594],[-127.3733,51.0579],[-127.3841,51.0584],[-127.3766,51.0536],[-127.3628,51.0498],[-127.3564,51.0457],[-127.3508,51.0445],[-127.348,51.0409],[-127.3399,51.0381],[-127.3365,51.0387],[-127.3318,51.044],[-127.3358,51.0472],[-127.3345,51.0487],[-127.3357,51.0498],[-127.3405,51.0502],[-127.3361,51.0522],[-127.3449,51.0538],[-127.3422,51.0557],[-127.3312,51.0539],[-127.3234,51.0547],[-127.3182,51.0531],[-127.3138,51.0548],[-127.3084,51.0541],[-127.3104,51.0581],[-127.3018,51.0597],[-127.2983,51.0571],[-127.2867,51.0576],[-127.2783,51.0543],[-127.2698,51.0544],[-127.2671,51.053],[-127.2535,51.0539],[-127.246,51.0566],[-127.2428,51.0563],[-127.2388,51.0527],[-127.2344,51.0525],[-127.2153,51.0531],[-127.2047,51.0552],[-127.1937,51.0539],[-127.1762,51.0563],[-127.171,51.0541],[-127.1537,51.0525],[-127.1417,51.0594],[-127.1343,51.0601],[-127.1254,51.0633],[-127.1013,51.0601],[-127.0811,51.0671],[-127.0777,51.0656],[-127.0733,51.0665],[-127.0656,51.0706],[-127.0283,51.0746],[-127.0272,51.0793],[-127.024,51.0818],[-127.0178,51.0834],[-127.0115,51.0834],[-127,51.0805],[-127,51.0559],[-127.0272,51.0592],[-127.0398,51.0573],[-127.0461,51.0536],[-127.0608,51.0521],[-127.0681,51.0479],[-127.078,51.0496],[-127.0882,51.0465],[-127.0899,51.0453],[-127.0912,51.0398],[-127.0943,51.0373],[-127.0959,51.0377],[-127.0961,51.0412],[-127.0946,51.0462],[-127.0969,51.0477],[-127.1363,51.0441],[-127.1416,51.0381],[-127.1562,51.0393],[-127.17,51.0378],[-127.19,51.0412],[-127.2103,51.0389],[-127.2211,51.0402],[-127.2251,51.0344],[-127.2298,51.0327],[-127.2434,51.0354],[-127.2457,51.037],[-127.2435,51.0388],[-127.2443,51.0397],[-127.2584,51.0428],[-127.2658,51.0421],[-127.275,51.044],[-127.2795,51.0422],[-127.2971,51.044],[-127.3028,51.0437],[-127.3071,51.0405],[-127.3206,51.0421],[-127.3249,51.04],[-127.3208,51.0372],[-127.3061,51.0372],[-127.296,51.0352],[-127.2915,51.0377],[-127.2876,51.0376],[-127.2801,51.0357],[-127.2792,51.0345],[-127.2813,51.0333],[-127.2986,51.0324],[-127.3117,51.0343],[-127.3146,51.0327],[-127.3082,51.0297],[-127.3029,51.0244],[-127.2915,51.019],[-127.2898,51.0146],[-127.2656,51.0073],[-127.2623,51.0035],[-127.2466,51],[-127.2161,51.0021],[-127.2078,51.0077],[-127.2007,51.01],[-127.1993,51.0128],[-127.2012,51.0152],[-127.2004,51.0191],[-127.2026,51.0208],[-127.1909,51.0203],[-127.1905,51.0156],[-127.185,51.0119],[-127.1929,51.0076],[-127.1936,51.0047],[-127.2145,51.0019],[-127.2177,51],[-127.2552,51],[-127.294,51.0148],[-127.2949,51.0188],[-127.3066,51.0235],[-127.316,51.0309],[-127.3238,51.034],[-127.3308,51.033],[-127.3444,51.0355],[-127.3474,51.0374],[-127.3525,51.0364],[-127.3607,51.0411],[-127.3688,51.0432],[-127.384,51.0423],[-127.3944,51.0471],[-127.4099,51.0458],[-127.4073,51.0482],[-127.4101,51.0497],[-127.4064,51.0533],[-127.3956,51.0525],[-127.3972,51.0547],[-127.4059,51.0556],[-127.4116,51.0612],[-127.4223,51.0658],[-127.4405,51.0701],[-127.444,51.0735],[-127.4582,51.0791],[-127.464,51.0836],[-127.4994,51.0988],[-127.5,51],[-127.0692,51],[-127.073,51.0029],[-127.074,51.0072],[-127.0672,51.0082],[-127.0606,51.0042],[-127.0586,51.0007],[-127.0529,51],[-127.5,51]],[[-127.0695,51.0053],[-127.0659,51.0049],[-127.0677,51.0063],[-127.0695,51.0053]],[[-127.1711,51.3342],[-127.1703,51.3322],[-127.1666,51.3342],[-127.1711,51.3342]],[[-127.2717,51.0847],[-127.2739,51.0872],[-127.277,51.0866],[-127.2717,51.0847]],[[-127.3211,51.0456],[-127.323,51.0494],[-127.3264,51.048],[-127.3272,51.0433],[-127.3211,51.0456]],[[-127.3334,51.1913],[-127.3242,51.1911],[-127.3406,51.1944],[-127.3447,51.1941],[-127.3461,51.1911],[-127.3334,51.1913]],[[-127.3322,51.0472],[-127.3293,51.0453],[-127.3289,51.0472],[-127.3322,51.0472]],[[-127.3794,51.0889],[-127.385,51.0903],[-127.3861,51.0881],[-127.3794,51.0889]],[[-127.4028,51.0492],[-127.4039,51.0508],[-127.4061,51.0492],[-127.4033,51.0478],[-127.4028,51.0492]],[[-127.4179,51.1744],[-127.4117,51.1719],[-127.4122,51.1742],[-127.4179,51.1744]],[[-127.4433,51.1664],[-127.4428,51.1642],[-127.4394,51.1647],[-127.4433,51.1664]],[[-127.4754,51.2725],[-127.4606,51.2728],[-127.4645,51.2739],[-127.4634,51.2756],[-127.4686,51.2765],[-127.4754,51.2725]],[[-127.4849,51.2741],[-127.4897,51.2713],[-127.4881,51.2702],[-127.4788,51.2717],[-127.4849,51.2741]]],[[[-127,51],[-127,51.5],[-127,51.1623],[-126.9886,51.1659],[-126.9788,51.166],[-126.9766,51.1674],[-126.9632,51.1663],[-126.9402,51.1728],[-126.9335,51.1728],[-126.9303,51.1758],[-126.9297,51.1801],[-126.9237,51.187],[-126.9175,51.1852],[-126.9173,51.1819],[-126.923,51.173],[-126.9351,51.1655],[-126.9458,51.1622],[-126.9933,51.1615],[-127,51.1589],[-127,51.1154],[-126.9908,51.1164],[-126.9788,51.1135],[-126.9752,51.1109],[-126.9557,51.1127],[-126.9411,51.1116],[-126.9361,51.1097],[-126.92,51.111],[-126.9141,51.1091],[-126.9111,51.1062],[-126.908,51.0986],[-126.91,51.0977],[-126.9275,51.1004],[-126.9406,51.0992],[-126.9481,51.1025],[-126.973,51.1043],[-126.9786,51.1019],[-126.983,51.1018],[-126.9897,51.105],[-127,51.1053],[-127,51.0805],[-126.9862,51.0813],[-126.9456,51.0755],[-126.9263,51.0808],[-126.9159,51.0857],[-126.9068,51.0813],[-126.8966,51.0828],[-126.878,51.0826],[-126.8739,51.0836],[-126.8721,51.0876],[-126.8695,51.0888],[-126.8697,51.0909],[-126.8723,51.0923],[-126.8562,51.0961],[-126.8493,51.0956],[-126.8347,51.0986],[-126.8315,51.0977],[-126.8181,51.1029],[-126.8076,51.1012],[-126.8037,51.0976],[-126.8075,51.095],[-126.8246,51.0947],[-126.8419,51.0866],[-126.8532,51.0841],[-126.8528,51.0813],[-126.8451,51.0783],[-126.8275,51.0754],[-126.7915,51.0818],[-126.7804,51.0908],[-126.7705,51.0942],[-126.7724,51.0972],[-126.7699,51.102],[-126.766,51.1051],[-126.7668,51.106],[-126.7634,51.108],[-126.7588,51.1081],[-126.7536,51.1152],[-126.744,51.1191],[-126.7412,51.117],[-126.7437,51.1129],[-126.7333,51.1125],[-126.7317,51.1251],[-126.723,51.1329],[-126.7156,51.1314],[-126.7126,51.1292],[-126.7086,51.1294],[-126.7062,51.131],[-126.7022,51.1389],[-126.6909,51.1448],[-126.6854,51.1504],[-126.6741,51.154],[-126.6713,51.1576],[-126.6701,51.1659],[-126.6682,51.1683],[-126.668,51.1858],[-126.6714,51.1891],[-126.6705,51.1916],[-126.6749,51.1943],[-126.6704,51.1927],[-126.6578,51.1965],[-126.6527,51.1908],[-126.6528,51.1851],[-126.647,51.181],[-126.6462,51.1748],[-126.6471,51.1715],[-126.6514,51.167],[-126.6504,51.1614],[-126.6515,51.1539],[-126.6595,51.1464],[-126.6582,51.1425],[-126.6681,51.1353],[-126.679,51.1336],[-126.6998,51.1215],[-126.7107,51.1192],[-126.7167,51.1201],[-126.7191,51.1087],[-126.7299,51.1031],[-126.7334,51.0978],[-126.7396,51.0946],[-126.7477,51.0937],[-126.755,51.0877],[-126.7688,51.082],[-126.7733,51.0789],[-126.7754,51.0713],[-126.7743,51.0683],[-126.7438,51.0683],[-126.7354,51.0661],[-126.7323,51.0617],[-126.7288,51.0604],[-126.7241,51.0553],[-126.7203,51.0467],[-126.7002,51.0501],[-126.6817,51.05],[-126.6456,51.0565],[-126.6466,51.0545],[-126.6451,51.0518],[-126.6477,51.0493],[-126.6736,51.041],[-126.6802,51.0418],[-126.6887,51.0397],[-126.7065,51.0395],[-126.7067,51.0342],[-126.71,51.029],[-126.7066,51.0271],[-126.7022,51.0188],[-126.6985,51.0155],[-126.6977,51.0091],[-126.6961,51.0079],[-126.6975,51.0021],[-126.6961,51],[-126.7312,51],[-126.7241,51.0015],[-126.7087,51],[-126.7126,51.0061],[-126.7163,51.0083],[-126.7151,51.0161],[-126.7222,51.0247],[-126.7253,51.0255],[-126.7283,51.0311],[-126.7284,51.0356],[-126.7321,51.0376],[-126.7351,51.044],[-126.7454,51.0563],[-126.7578,51.0648],[-126.7741,51.0677],[-126.7863,51.065],[-126.8128,51.0645],[-126.8335,51.063],[-126.8348,51.0617],[-126.8605,51.0641],[-126.8687,51.0625],[-126.8802,51.0635],[-126.8959,51.0609],[-126.8984,51.0615],[-126.8951,51.0635],[-126.8973,51.065],[-126.9277,51.058],[-126.9479,51.0591],[-126.9595,51.0556],[-126.9702,51.0548],[-127,51.0559],[-127,51],[-126.7964,51],[-126.7868,51.0185],[-126.7834,51.0205],[-126.779,51.0185],[-126.7805,51.011],[-126.7771,51.0072],[-126.7838,51],[-126.5458,51],[-126.5496,51.0027],[-126.5489,51.0057],[-126.5474,51.0063],[-126.5476,51.012],[-126.541,51.0207],[-126.5409,51.0257],[-126.5263,51.0307],[-126.5159,51.0293],[-126.5163,51.0328],[-126.5213,51.0394],[-126.516,51.0358],[-126.5132,51.0294],[-126.5095,51.0276],[-126.5058,51.0222],[-126.5054,51.0179],[-126.5079,51.0144],[-126.5092,51.0072],[-126.5047,51.0024],[-126.5054,51],[-127,51]]],[[[-128.5,51.5],[-128.5,52],[-128,52],[-128,51.5],[-128.5,51.5]],[[-128.1275,51.6549],[-128.1169,51.6593],[-128.1134,51.656],[-128.1088,51.6549],[-128.0981,51.6567],[-128.0961,51.6603],[-128.097,51.6642],[-128.0917,51.6755],[-128.0918,51.686],[-128.0949,51.6886],[-128.1019,51.6878],[-128.104,51.6851],[-128.109,51.6849],[-128.1146,51.6797],[-128.1186,51.6679],[-128.1233,51.6689],[-128.1284,51.6664],[-128.1336,51.6676],[-128.1371,51.6629],[-128.1491,51.6643],[-128.145,51.666],[-128.1449,51.6695],[-128.1465,51.6701],[-128.1504,51.6675],[-128.1576,51.6673],[-128.1555,51.6631],[-128.1578,51.6614],[-128.1553,51.655],[-128.1505,51.6567],[-128.1473,51.6561],[-128.1453,51.6582],[-128.1415,51.6564],[-128.1392,51.6529],[-128.1456,51.6507],[-128.1498,51.6455],[-128.1531,51.6471],[-128.1537,51.6447],[-128.1518,51.6431],[-128.1541,51.6414],[-128.1562,51.641],[-128.1625,51.6446],[-128.166,51.6413],[-128.1557,51.6376],[-128.1492,51.6394],[-128.1458,51.6354],[-128.1515,51.633],[-128.153,51.6297],[-128.1493,51.6278],[-128.1522,51.6254],[-128.1477,51.6213],[-128.1489,51.6196],[-128.1467,51.6162],[-128.1473,51.6144],[-128.1427,51.6113],[-128.1457,51.6105],[-128.1492,51.6122],[-128.1507,51.6091],[-128.1462,51.6059],[-128.1517,51.6035],[-128.1521,51.6001],[-128.1453,51.5942],[-128.1445,51.59],[-128.1411,51.5874],[-128.1311,51.5848],[-128.1273,51.5799],[-128.1244,51.5787],[-128.1159,51.5559],[-128.1166,51.5464],[-128.1126,51.5385],[-128.1136,51.5368],[-128.1086,51.533],[-128.1116,51.5314],[-128.1084,51.5298],[-128.1135,51.5275],[-128.1077,51.5206],[-128.1085,51.5188],[-128.1061,51.516],[-128.1008,51.5136],[-128.1001,51.5109],[-128.095,51.5067],[-128.0973,51.5016],[-128.0937,51.5],[-128,51.5],[-128,51.6489],[-128.0035,51.6498],[-128.0108,51.6482],[-128.0189,51.65],[-128.04,51.6502],[-128.0538,51.6523],[-128.0671,51.6516],[-128.0689,51.6502],[-128.0745,51.6517],[-128.0772,51.6501],[-128.0761,51.6479],[-128.0836,51.6499],[-128.0857,51.6453],[-128.085,51.6416],[-128.0878,51.6412],[-128.0871,51.6438],[-128.0906,51.6456],[-128.0996,51.6431],[-128.0939,51.6481],[-128.0941,51.6509],[-128.11,51.6523],[-128.1115,51.6501],[-128.1181,51.6477],[-128.1193,51.6427],[-128.121,51.642],[-128.1214,51.6475],[-128.1172,51.6513],[-128.1275,51.6549]],[[-128,52],[-128.167,52],[-128.1662,51.9969],[-128.1774,51.9938],[-128.1827,51.9898],[-128.1816,51.9871],[-128.1969,51.9791],[-128.1883,51.9769],[-128.197,51.9736],[-128.1961,51.9696],[-128.1996,51.9698],[-128.2063,51.9622],[-128.2013,51.9586],[-128.1993,51.9532],[-128.205,51.9494],[-128.1969,51.9352],[-128.1942,51.9349],[-128.191,51.9377],[-128.19,51.9329],[-128.1755,51.9333],[-128.1741,51.9315],[-128.1791,51.9292],[-128.1861,51.9302],[-128.1931,51.9273],[-128.1927,51.9253],[-128.1888,51.9236],[-128.1923,51.9212],[-128.1928,51.9136],[-128.1907,51.9113],[-128.1935,51.9062],[-128.1959,51.9072],[-128.1954,51.9115],[-128.198,51.9118],[-128.2003,51.91],[-128.2002,51.9077],[-128.2041,51.9066],[-128.2077,51.9002],[-128.2119,51.8975],[-128.2162,51.8973],[-128.2145,51.8999],[-128.2175,51.9011],[-128.2201,51.8989],[-128.2276,51.9013],[-128.231,51.8971],[-128.2339,51.8972],[-128.235,51.8994],[-128.2381,51.9001],[-128.2396,51.8978],[-128.2453,51.8976],[-128.248,51.8946],[-128.2385,51.8932],[-128.2351,51.8947],[-128.2387,51.8905],[-128.2468,51.8928],[-128.2564,51.8895],[-128.2494,51.8876],[-128.2508,51.8843],[-128.2447,51.8861],[-128.2456,51.8841],[-128.2444,51.883],[-128.247,51.8801],[-128.2422,51.8779],[-128.2389,51.878],[-128.2362,51.8813],[-128.2338,51.8811],[-128.236,51.8787],[-128.2332,51.8769],[-128.2378,51.8767],[-128.2387,51.8742],[-128.2322,51.869],[-128.2335,51.8631],[-128.2273,51.8603],[-128.2308,51.8568],[-128.2282,51.8537],[-128.2289,51.8483],[-128.2312,51.8501],[-128.2324,51.8484],[-128.2225,51.8414],[-128.2232,51.8374],[-128.2208,51.8377],[-128.2189,51.8401],[-128.2199,51.8427],[-128.2231,51.8444],[-128.2221,51.8456],[-128.2234,51.8469],[-128.2164,51.8537],[-128.2175,51.8491],[-128.2146,51.8466],[-128.216,51.8414],[-128.2106,51.8397],[-128.2138,51.8386],[-128.2101,51.8364],[-128.2129,51.8355],[-128.2146,51.8381],[-128.2175,51.8366],[-128.2102,51.8293],[-128.2067,51.8333],[-128.203,51.8457],[-128.1997,51.8416],[-128.2027,51.8397],[-128.2025,51.838],[-128.1972,51.8346],[-128.1941,51.8371],[-128.1922,51.8417],[-128.1875,51.8453],[-128.1842,51.8428],[-128.1851,51.8407],[-128.1762,51.8422],[-128.1809,51.8474],[-128.1803,51.8583],[-128.1855,51.8614],[-128.1846,51.8632],[-128.1787,51.8613],[-128.1768,51.8641],[-128.1748,51.8624],[-128.1717,51.8628],[-128.173,51.8582],[-128.1763,51.8555],[-128.1766,51.8511],[-128.1713,51.8468],[-128.1658,51.8465],[-128.162,51.8521],[-128.1634,51.8621],[-128.1618,51.8687],[-128.1567,51.8704],[-128.1572,51.8763],[-128.1612,51.8778],[-128.1614,51.8793],[-128.1584,51.8802],[-128.1527,51.8785],[-128.1542,51.8759],[-128.1513,51.8726],[-128.1484,51.874],[-128.1432,51.8717],[-128.1405,51.8727],[-128.1394,51.8753],[-128.1343,51.8747],[-128.1298,51.8793],[-128.128,51.8857],[-128.1292,51.8878],[-128.126,51.89],[-128.1275,51.8911],[-128.1248,51.8925],[-128.1234,51.8908],[-128.1269,51.8866],[-128.1249,51.8782],[-128.1271,51.8746],[-128.1163,51.8745],[-128.1169,51.8777],[-128.1154,51.8813],[-128.1133,51.8814],[-128.1111,51.8763],[-128.1135,51.8725],[-128.1111,51.8692],[-128.1181,51.8585],[-128.1227,51.8593],[-128.1277,51.8579],[-128.1299,51.8555],[-128.1249,51.8536],[-128.1246,51.8511],[-128.1216,51.8484],[-128.1163,51.8516],[-128.1145,51.8509],[-128.1133,51.8464],[-128.1193,51.8475],[-128.1176,51.8442],[-128.1193,51.8414],[-128.1182,51.8391],[-128.1204,51.8366],[-128.1164,51.836],[-128.1137,51.8382],[-128.1108,51.8363],[-128.1126,51.8347],[-128.1128,51.8308],[-128.119,51.8306],[-128.1205,51.8236],[-128.1256,51.8195],[-128.1205,51.8317],[-128.1275,51.8304],[-128.1275,51.8325],[-128.1321,51.8351],[-128.1402,51.8358],[-128.1429,51.8316],[-128.1417,51.8296],[-128.1436,51.8199],[-128.1474,51.8163],[-128.1453,51.8142],[-128.1402,51.814],[-128.1349,51.8193],[-128.1371,51.8201],[-128.1309,51.8222],[-128.1292,51.8204],[-128.1333,51.8187],[-128.1345,51.8132],[-128.1335,51.8073],[-128.1302,51.8059],[-128.1204,51.8066],[-128.1141,51.8107],[-128.1139,51.8146],[-128.1086,51.8133],[-128.1094,51.811],[-128.107,51.8101],[-128.1043,51.813],[-128.101,51.8106],[-128.101,51.8131],[-128.0999,51.813],[-128.098,51.8113],[-128.1008,51.8065],[-128.1069,51.8032],[-128.1035,51.8004],[-128.1091,51.797],[-128.111,51.794],[-128.1163,51.7917],[-128.1161,51.7899],[-128.1042,51.7858],[-128.0868,51.7872],[-128.0799,51.7909],[-128.0811,51.7878],[-128.0776,51.7862],[-128.0671,51.79],[-128.06,51.7976],[-128.0517,51.8012],[-128.0527,51.8029],[-128.0488,51.8054],[-128.0515,51.8074],[-128.0509,51.8121],[-128.0556,51.8139],[-128.056,51.8173],[-128.0516,51.819],[-128.0489,51.8226],[-128.0498,51.8235],[-128.0446,51.8263],[-128.0418,51.8254],[-128.0436,51.8235],[-128.0419,51.8224],[-128.0431,51.8186],[-128.0414,51.8174],[-128.0345,51.8189],[-128.0286,51.816],[-128.0186,51.8173],[-128.0179,51.8201],[-128.0214,51.8232],[-128.0222,51.8266],[-128.0199,51.8312],[-128.023,51.8343],[-128.0342,51.8369],[-128.0609,51.8394],[-128.0318,51.8391],[-128.0247,51.8471],[-128.0228,51.8462],[-128.0229,51.8413],[-128.017,51.8414],[-128.0133,51.8439],[-128.0146,51.8452],[-128.0134,51.8464],[-128.0169,51.8492],[-128.0161,51.864],[-128.0135,51.8685],[-128.0102,51.8704],[-128.012,51.873],[-128.009,51.8768],[-128.0103,51.8822],[-128.0072,51.8842],[-128.0044,51.8894],[-128.0041,51.895],[-128.0201,51.898],[-128.0183,51.8992],[-128.0021,51.8982],[-128,51.9004],[-128,52]],[[-128.0096,51.7318],[-128.0122,51.7316],[-128.0163,51.7271],[-128.0236,51.7253],[-128.0221,51.7236],[-128.0252,51.7217],[-128.043,51.7161],[-128.0461,51.7116],[-128.0432,51.7089],[-128.0437,51.7072],[-128.0529,51.7049],[-128.0512,51.7028],[-128.0567,51.7023],[-128.0551,51.708],[-128.0591,51.7109],[-128.0618,51.7106],[-128.0664,51.7058],[-128.0629,51.7027],[-128.0648,51.7011],[-128.0656,51.6965],[-128.0689,51.6953],[-128.0689,51.6914],[-128.0789,51.6889],[-128.0808,51.6868],[-128.0821,51.6812],[-128.0787,51.6768],[-128.08,51.6732],[-128.0849,51.6693],[-128.0796,51.6647],[-128.0858,51.6622],[-128.086,51.6581],[-128.082,51.6572],[-128.0703,51.6591],[-128.0642,51.6573],[-128.0537,51.6587],[-128.0463,51.6563],[-128.0164,51.6555],[-128.0038,51.6574],[-128,51.6558],[-128,51.7256],[-128.0074,51.7259],[-128.0045,51.7282],[-128.0019,51.727],[-128,51.7279],[-128,51.7333],[-128.0045,51.7324],[-128.0066,51.7293],[-128.0096,51.7318]],[[-128.0163,51.7883],[-128.0338,51.7859],[-128.0495,51.7781],[-128.0547,51.7683],[-128.0525,51.765],[-128.0582,51.7599],[-128.055,51.7572],[-128.0478,51.7597],[-128.0512,51.7568],[-128.0537,51.7514],[-128.0491,51.746],[-128.0497,51.7423],[-128.0469,51.7432],[-128.0454,51.7458],[-128.0435,51.7447],[-128.0391,51.7465],[-128.0411,51.7431],[-128.0352,51.7426],[-128.0088,51.7547],[-128.009,51.7577],[-128.012,51.7593],[-128.006,51.7612],[-128.0081,51.768],[-128.0047,51.7673],[-128.0025,51.7688],[-128.0017,51.7731],[-128.0047,51.7789],[-128.0007,51.7817],[-128,51.7886],[-128.0027,51.7884],[-128.0047,51.7947],[-128.0039,51.7975],[-128.0077,51.7991],[-128.0163,51.7883]],[[-128.0151,51.8407],[-128.0172,51.8397],[-128.0156,51.8381],[-128.0151,51.8407]],[[-128.0189,51.8069],[-128.0172,51.8078],[-128.0183,51.8097],[-128.0217,51.8075],[-128.0189,51.8069]],[[-128.0239,51.7936],[-128.0187,51.796],[-128.0183,51.8011],[-128.02,51.8025],[-128.0239,51.8014],[-128.0294,51.7933],[-128.0239,51.7936]],[[-128.0211,51.7892],[-128.0204,51.7926],[-128.0233,51.7922],[-128.0244,51.7897],[-128.0211,51.7892]],[[-128.0217,51.8133],[-128.0244,51.8144],[-128.025,51.8128],[-128.0217,51.8133]],[[-128.0253,51.7921],[-128.0306,51.7889],[-128.0289,51.7878],[-128.0261,51.7886],[-128.0253,51.7921]],[[-128.0467,51.8144],[-128.0433,51.8119],[-128.0417,51.8125],[-128.0422,51.8156],[-128.0444,51.8161],[-128.0467,51.8144]],[[-128.0596,51.7803],[-128.0611,51.7836],[-128.0644,51.7842],[-128.0689,51.7833],[-128.0743,51.7793],[-128.0742,51.7781],[-128.0694,51.7773],[-128.0728,51.7764],[-128.0711,51.7747],[-128.0738,51.7701],[-128.0705,51.7705],[-128.0706,51.7664],[-128.0667,51.7658],[-128.0717,51.7614],[-128.0724,51.7556],[-128.0705,51.7541],[-128.0667,51.755],[-128.0589,51.7619],[-128.0578,51.7644],[-128.0606,51.7686],[-128.055,51.7708],[-128.0489,51.7822],[-128.0506,51.7851],[-128.0489,51.7865],[-128.0517,51.7873],[-128.0583,51.7828],[-128.0596,51.7803]],[[-128.0628,51.7461],[-128.0622,51.7472],[-128.0644,51.7492],[-128.0672,51.7483],[-128.0644,51.7453],[-128.0628,51.7461]],[[-128.0711,51.7461],[-128.0717,51.745],[-128.0683,51.7447],[-128.0689,51.7467],[-128.0711,51.7461]],[[-128.0732,51.6911],[-128.0701,51.6923],[-128.0706,51.6947],[-128.0744,51.6933],[-128.075,51.6911],[-128.0732,51.6911]],[[-128.0856,51.6919],[-128.0822,51.69],[-128.0712,51.6957],[-128.0702,51.7004],[-128.0756,51.7031],[-128.0861,51.6994],[-128.0906,51.6967],[-128.0922,51.6933],[-128.0856,51.6919]],[[-128.0794,51.7544],[-128.0756,51.7508],[-128.0756,51.7547],[-128.0794,51.7544]],[[-128.105,51.7497],[-128.1,51.7425],[-128.09,51.7453],[-128.0839,51.7494],[-128.0856,51.7514],[-128.0806,51.7531],[-128.0828,51.7539],[-128.0811,51.7556],[-128.085,51.7564],[-128.0794,51.7631],[-128.0767,51.7828],[-128.0867,51.7858],[-128.105,51.7833],[-128.1139,51.7842],[-128.1206,51.7811],[-128.1167,51.7742],[-128.1228,51.7697],[-128.1151,51.7674],[-128.1216,51.7675],[-128.1228,51.7639],[-128.1283,51.7628],[-128.13,51.7603],[-128.1244,51.7572],[-128.1299,51.7545],[-128.1322,51.7544],[-128.1322,51.7567],[-128.135,51.7581],[-128.1391,51.7569],[-128.1372,51.7558],[-128.1395,51.7556],[-128.1393,51.7524],[-128.1356,51.7511],[-128.1361,51.7494],[-128.1333,51.7494],[-128.1339,51.7511],[-128.132,51.7522],[-128.1289,51.7494],[-128.1363,51.7474],[-128.1356,51.7447],[-128.1278,51.7428],[-128.1272,51.7411],[-128.1289,51.7397],[-128.1167,51.7356],[-128.1139,51.7364],[-128.1122,51.7383],[-128.1133,51.7389],[-128.1083,51.7408],[-128.1072,51.7486],[-128.105,51.7497]],[[-128.0872,51.7292],[-128.0872,51.7278],[-128.0828,51.7286],[-128.0817,51.7314],[-128.0872,51.7292]],[[-128.0944,51.7314],[-128.0911,51.7308],[-128.0956,51.7297],[-128.0961,51.7283],[-128.0939,51.7269],[-128.0839,51.7344],[-128.0894,51.735],[-128.095,51.7325],[-128.0944,51.7314]],[[-128.0978,51.7269],[-128.0994,51.7244],[-128.0944,51.7242],[-128.0956,51.7267],[-128.0978,51.7269]],[[-128.1083,51.6856],[-128.1044,51.6864],[-128.1059,51.6881],[-128.1083,51.6856]],[[-128.1111,51.6892],[-128.11,51.6881],[-128.1044,51.6911],[-128.1093,51.6922],[-128.1111,51.6892]],[[-128.125,51.6811],[-128.1217,51.6806],[-128.1189,51.6819],[-128.1222,51.6833],[-128.1233,51.6858],[-128.1172,51.6908],[-128.1161,51.6939],[-128.1178,51.6947],[-128.1256,51.6914],[-128.1311,51.6872],[-128.1317,51.6836],[-128.1339,51.6822],[-128.1283,51.6817],[-128.1322,51.6794],[-128.1322,51.6775],[-128.1289,51.6767],[-128.1256,51.6783],[-128.1267,51.6803],[-128.125,51.6811]],[[-128.1257,51.8703],[-128.125,51.8686],[-128.1278,51.8652],[-128.1269,51.8647],[-128.1211,51.8675],[-128.1189,51.8703],[-128.1194,51.8714],[-128.1257,51.8703]],[[-128.1217,51.8403],[-128.1206,51.8421],[-128.1228,51.8433],[-128.1217,51.8403]],[[-128.1217,51.8028],[-128.125,51.8044],[-128.1306,51.8042],[-128.1333,51.7992],[-128.1217,51.8028]],[[-128.1322,51.7381],[-128.1317,51.7356],[-128.1283,51.7344],[-128.125,51.7356],[-128.1306,51.7386],[-128.1322,51.7381]],[[-128.1283,51.7675],[-128.1311,51.7658],[-128.125,51.7656],[-128.125,51.7669],[-128.1283,51.7675]],[[-128.1317,51.8517],[-128.1321,51.8559],[-128.1272,51.8589],[-128.1317,51.8614],[-128.1372,51.8594],[-128.1344,51.8569],[-128.1361,51.8533],[-128.1317,51.8517]],[[-128.1361,51.8511],[-128.135,51.8481],[-128.1327,51.8477],[-128.1339,51.8506],[-128.1361,51.8511]],[[-128.1372,51.7372],[-128.1444,51.7358],[-128.1356,51.7331],[-128.1339,51.735],[-128.1372,51.7372]],[[-128.1401,51.7561],[-128.1435,51.7571],[-128.1478,51.7542],[-128.1444,51.75],[-128.1461,51.7475],[-128.1439,51.7464],[-128.1406,51.7481],[-128.1417,51.7504],[-128.1401,51.7561]],[[-128.1548,51.649],[-128.1521,51.6477],[-128.1526,51.6502],[-128.1594,51.6508],[-128.1596,51.6495],[-128.1573,51.6485],[-128.1548,51.649]],[[-128.1583,51.8553],[-128.1594,51.8528],[-128.1572,51.8517],[-128.1561,51.8536],[-128.1583,51.8553]],[[-128.1628,51.79],[-128.1583,51.7922],[-128.1594,51.7939],[-128.165,51.7936],[-128.1706,51.7906],[-128.1711,51.7881],[-128.1667,51.7856],[-128.1628,51.79]],[[-128.162,51.6484],[-128.1633,51.65],[-128.1654,51.6485],[-128.1639,51.6467],[-128.162,51.6484]],[[-128.1711,51.7983],[-128.18,51.7958],[-128.1772,51.7917],[-128.1744,51.7939],[-128.1711,51.7933],[-128.1639,51.7961],[-128.1678,51.8006],[-128.1711,51.7983]],[[-128.1733,51.8064],[-128.1722,51.8078],[-128.1744,51.8092],[-128.1789,51.8072],[-128.1733,51.8064]],[[-128.1789,51.8394],[-128.1811,51.8375],[-128.1772,51.8375],[-128.1761,51.8394],[-128.1789,51.8394]],[[-128.179,51.8221],[-128.1806,51.8244],[-128.1783,51.8306],[-128.185,51.8331],[-128.1867,51.8367],[-128.1911,51.8344],[-128.1832,51.8269],[-128.1861,51.8225],[-128.179,51.8221]],[[-128.2178,51.8053],[-128.2039,51.8044],[-128.2006,51.8003],[-128.1989,51.8011],[-128.2,51.8028],[-128.1983,51.8042],[-128.1939,51.8042],[-128.1867,51.8097],[-128.1844,51.8133],[-128.185,51.8183],[-128.1933,51.8219],[-128.1922,51.8253],[-128.19,51.825],[-128.1906,51.8236],[-128.1889,51.8225],[-128.1861,51.8247],[-128.1906,51.8292],[-128.1894,51.8306],[-128.2011,51.8344],[-128.2033,51.8339],[-128.2039,51.8325],[-128.2011,51.8297],[-128.1956,51.8264],[-128.2044,51.8231],[-128.2061,51.8197],[-128.21,51.8197],[-128.2078,51.8172],[-128.2106,51.8169],[-128.2117,51.8203],[-128.2161,51.8208],[-128.2183,51.8228],[-128.2239,51.8194],[-128.2211,51.8158],[-128.2156,51.8181],[-128.2133,51.8172],[-128.2178,51.8114],[-128.2139,51.8078],[-128.2178,51.8053]],[[-128.2261,51.9775],[-128.2322,51.9772],[-128.2382,51.9725],[-128.2388,51.9693],[-128.2361,51.9664],[-128.2406,51.9644],[-128.2411,51.9611],[-128.2389,51.9572],[-128.2351,51.9553],[-128.2317,51.9556],[-128.2372,51.9539],[-128.2391,51.9499],[-128.2306,51.9458],[-128.2356,51.9439],[-128.2389,51.9464],[-128.2384,51.9482],[-128.245,51.9497],[-128.2456,51.9467],[-128.2489,51.9436],[-128.2486,51.9401],[-128.2517,51.9392],[-128.2517,51.9367],[-128.2539,51.9347],[-128.2517,51.9294],[-128.255,51.9278],[-128.255,51.9256],[-128.25,51.9236],[-128.2533,51.9222],[-128.2556,51.9192],[-128.255,51.9175],[-128.2467,51.9108],[-128.2422,51.9047],[-128.239,51.9036],[-128.2331,51.905],[-128.2322,51.9075],[-128.2283,51.9094],[-128.2289,51.9156],[-128.2272,51.9203],[-128.2233,51.9183],[-128.2233,51.9111],[-128.2144,51.9136],[-128.2094,51.9194],[-128.2072,51.9186],[-128.21,51.9131],[-128.2056,51.9117],[-128.2023,51.9141],[-128.2024,51.9168],[-128.1994,51.9186],[-128.2022,51.9233],[-128.2072,51.9239],[-128.2089,51.9219],[-128.2106,51.9253],[-128.21,51.9414],[-128.2067,51.9397],[-128.2072,51.9356],[-128.2022,51.9369],[-128.2089,51.9558],[-128.2133,51.955],[-128.2113,51.9543],[-128.2117,51.9508],[-128.2144,51.9486],[-128.2089,51.9469],[-128.215,51.9461],[-128.2161,51.9442],[-128.2133,51.9428],[-128.2178,51.9408],[-128.2172,51.9386],[-128.2206,51.9358],[-128.2206,51.9342],[-128.2156,51.9314],[-128.2161,51.9253],[-128.2226,51.921],[-128.2276,51.9244],[-128.2294,51.9325],[-128.2228,51.9311],[-128.2228,51.9386],[-128.2167,51.9461],[-128.2194,51.9489],[-128.2156,51.9503],[-128.2189,51.9525],[-128.2156,51.9619],[-128.2094,51.9653],[-128.2106,51.9697],[-128.2128,51.9714],[-128.2178,51.9733],[-128.2217,51.9769],[-128.2261,51.9775]],[[-128.2028,51.8272],[-128.2017,51.8281],[-128.204,51.8302],[-128.2056,51.8297],[-128.2028,51.8272]],[[-128.2017,51.7947],[-128.2028,51.7994],[-128.2056,51.7972],[-128.2078,51.8],[-128.2139,51.7964],[-128.2133,51.7925],[-128.2089,51.7908],[-128.2017,51.7947]],[[-128.2161,51.9828],[-128.2106,51.9803],[-128.2072,51.9806],[-128.2056,51.9814],[-128.2067,51.9831],[-128.2039,51.9867],[-128.2094,51.9897],[-128.2194,51.9878],[-128.2199,51.9837],[-128.2161,51.9828]],[[-128.2094,51.9725],[-128.2068,51.9771],[-128.2089,51.9792],[-128.2115,51.9784],[-128.2113,51.9739],[-128.2094,51.9725]],[[-128.2312,52],[-128.2317,51.9984],[-128.2225,51.9942],[-128.2135,51.995],[-128.2144,51.9972],[-128.2118,52],[-128.2312,52]],[[-128.2172,51.9749],[-128.2144,51.9742],[-128.2128,51.9767],[-128.2167,51.9794],[-128.2172,51.9749]],[[-128.2206,51.8475],[-128.2178,51.8458],[-128.2194,51.8483],[-128.2206,51.8475]],[[-128.2244,51.8114],[-128.2217,51.8122],[-128.2233,51.8139],[-128.2267,51.8125],[-128.2244,51.8114]],[[-128.2283,51.8394],[-128.2244,51.8406],[-128.2272,51.8425],[-128.2283,51.8394]],[[-128.2283,51.81],[-128.2306,51.8086],[-128.2272,51.8075],[-128.225,51.8089],[-128.2283,51.81]],[[-128.2283,51.8175],[-128.23,51.8192],[-128.2339,51.8172],[-128.2328,51.8131],[-128.2294,51.8139],[-128.2283,51.8175]],[[-128.2339,51.8289],[-128.2361,51.8275],[-128.2333,51.8253],[-128.2361,51.8233],[-128.2344,51.8206],[-128.2311,51.82],[-128.2289,51.8228],[-128.2306,51.8281],[-128.2339,51.8289]],[[-128.2294,51.8444],[-128.2322,51.8442],[-128.2322,51.8428],[-128.2306,51.8419],[-128.2294,51.8444]],[[-128.245,51.7969],[-128.2428,51.8],[-128.2372,51.7994],[-128.2328,51.8078],[-128.2344,51.8089],[-128.2378,51.8078],[-128.2361,51.8097],[-128.2372,51.8108],[-128.2478,51.8078],[-128.2489,51.8086],[-128.2467,51.8103],[-128.2478,51.8111],[-128.2511,51.8097],[-128.2556,51.8103],[-128.2561,51.8089],[-128.2539,51.8069],[-128.255,51.8053],[-128.2528,51.8042],[-128.255,51.8028],[-128.2578,51.8042],[-128.2622,51.8036],[-128.2617,51.8019],[-128.2656,51.7997],[-128.2661,51.7969],[-128.2606,51.7978],[-128.2583,51.8011],[-128.25,51.7961],[-128.2522,51.7944],[-128.2467,51.7939],[-128.2444,51.795],[-128.245,51.7969]],[[-128.24,51.835],[-128.2361,51.8378],[-128.2378,51.8453],[-128.2367,51.85],[-128.2417,51.8561],[-128.2406,51.8575],[-128.2439,51.86],[-128.2456,51.8592],[-128.2489,51.8617],[-128.2589,51.8636],[-128.2617,51.8622],[-128.2606,51.8608],[-128.2667,51.8578],[-128.2689,51.8542],[-128.2683,51.8489],[-128.27,51.8464],[-128.2762,51.8475],[-128.2756,51.8411],[-128.2772,51.8397],[-128.2744,51.8383],[-128.2611,51.8425],[-128.2683,51.8383],[-128.2656,51.8361],[-128.2587,51.838],[-128.2596,51.8398],[-128.2578,51.8412],[-128.2569,51.8388],[-128.2532,51.841],[-128.2499,51.8466],[-128.2475,51.8462],[-128.2487,51.8417],[-128.2583,51.8361],[-128.2517,51.8339],[-128.2489,51.835],[-128.2472,51.8328],[-128.2444,51.835],[-128.24,51.835]],[[-128.2478,51.8164],[-128.2494,51.8144],[-128.2478,51.8136],[-128.2433,51.8153],[-128.2417,51.8142],[-128.2439,51.8122],[-128.2422,51.8114],[-128.2367,51.8144],[-128.2394,51.8181],[-128.2478,51.8164]],[[-128.2456,51.8197],[-128.2411,51.8219],[-128.2456,51.8258],[-128.2389,51.8294],[-128.2378,51.8319],[-128.24,51.8328],[-128.2478,51.8289],[-128.2561,51.8294],[-128.2494,51.8269],[-128.26,51.8211],[-128.2578,51.8185],[-128.2561,51.8211],[-128.2528,51.8206],[-128.2558,51.8184],[-128.2547,51.817],[-128.2519,51.8171],[-128.2483,51.8206],[-128.2456,51.8197]],[[-128.2394,51.7953],[-128.2417,51.7983],[-128.2428,51.7956],[-128.2394,51.7953]],[[-128.2444,51.9506],[-128.2417,51.9503],[-128.2411,51.9533],[-128.2439,51.9544],[-128.2444,51.9506]],[[-128.2429,51.997],[-128.2437,52],[-128.2492,51.9998],[-128.2466,51.997],[-128.2429,51.997]],[[-128.2511,51.8678],[-128.2456,51.8642],[-128.2433,51.8653],[-128.2433,51.8686],[-128.2467,51.8711],[-128.2511,51.8678]],[[-128.2439,51.9664],[-128.2472,51.9675],[-128.2511,51.9653],[-128.2439,51.9664]],[[-128.2556,51.9969],[-128.2567,51.9958],[-128.255,51.9944],[-128.2572,51.9922],[-128.2517,51.9894],[-128.2572,51.9858],[-128.2517,51.9836],[-128.2456,51.9864],[-128.25,51.9933],[-128.2483,51.9947],[-128.25,51.9969],[-128.2556,51.9969]],[[-128.2494,51.9575],[-128.2478,51.9592],[-128.2483,51.9617],[-128.2511,51.9625],[-128.2522,51.9578],[-128.2494,51.9575]],[[-128.2556,51.7817],[-128.2572,51.7803],[-128.2544,51.7792],[-128.2478,51.78],[-128.2489,51.7814],[-128.2556,51.7817]],[[-128.262,52],[-128.2567,51.9989],[-128.2559,52],[-128.262,52]],[[-128.2611,51.8303],[-128.2667,51.8289],[-128.2683,51.8264],[-128.2611,51.8228],[-128.2578,51.8253],[-128.2611,51.8303]],[[-128.2656,51.9739],[-128.2661,51.9717],[-128.2639,51.9692],[-128.2606,51.9714],[-128.2656,51.9739]],[[-128.27,51.9581],[-128.2678,51.9572],[-128.265,51.9592],[-128.2644,51.9617],[-128.2667,51.9628],[-128.27,51.9581]],[[-128.2737,51.9385],[-128.2678,51.9403],[-128.2683,51.9464],[-128.2772,51.9403],[-128.2761,51.9379],[-128.2737,51.9385]],[[-128.2733,51.9236],[-128.2744,51.9219],[-128.2728,51.9211],[-128.2678,51.9233],[-128.2733,51.9236]],[[-128.2722,51.9906],[-128.2744,51.9889],[-128.2689,51.9892],[-128.2722,51.9906]],[[-128.2711,51.9539],[-128.2728,51.955],[-128.2756,51.9533],[-128.2733,51.9519],[-128.2711,51.9539]],[[-128.2728,51.9608],[-128.2733,51.9644],[-128.2772,51.9644],[-128.2761,51.9614],[-128.2728,51.9608]],[[-128.29,51.9286],[-128.2867,51.9319],[-128.2856,51.9308],[-128.2872,51.9289],[-128.2854,51.9287],[-128.2789,51.9336],[-128.2837,51.9342],[-128.2867,51.9325],[-128.2861,51.9336],[-128.2883,51.935],[-128.295,51.935],[-128.2967,51.9342],[-128.295,51.9325],[-128.2967,51.9314],[-128.295,51.9306],[-128.2978,51.9289],[-128.2917,51.9269],[-128.29,51.9286]],[[-128.2839,51.9394],[-128.2817,51.9406],[-128.285,51.9428],[-128.2839,51.9439],[-128.285,51.9461],[-128.2822,51.9486],[-128.2822,51.9531],[-128.2794,51.9553],[-128.2817,51.9578],[-128.28,51.9611],[-128.2817,51.9647],[-128.2883,51.9636],[-128.2889,51.9603],[-128.2911,51.9592],[-128.2894,51.9544],[-128.2869,51.9526],[-128.2889,51.95],[-128.2856,51.9486],[-128.2898,51.9468],[-128.2881,51.9441],[-128.2928,51.9472],[-128.2944,51.9464],[-128.2939,51.9442],[-128.2961,51.9436],[-128.2983,51.945],[-128.2956,51.9467],[-128.2967,51.9475],[-128.3006,51.9456],[-128.3044,51.9403],[-128.3017,51.9381],[-128.2967,51.9386],[-128.2922,51.9367],[-128.2879,51.9373],[-128.2874,51.9396],[-128.2839,51.9394]],[[-128.2805,51.9357],[-128.2817,51.9392],[-128.2839,51.9378],[-128.2832,51.9351],[-128.2805,51.9357]],[[-128.2967,51.9631],[-128.2928,51.96],[-128.29,51.9633],[-128.2939,51.9644],[-128.2967,51.9631]],[[-128.2967,51.9531],[-128.2978,51.9508],[-128.2967,51.9489],[-128.2944,51.9514],[-128.2967,51.9531]],[[-128.4382,51.904],[-128.4378,51.8996],[-128.4346,51.8988],[-128.4321,51.9002],[-128.431,51.9059],[-128.4375,51.9148],[-128.4353,51.9177],[-128.429,51.9145],[-128.4271,51.9159],[-128.429,51.9204],[-128.4352,51.9225],[-128.4361,51.9276],[-128.4421,51.9296],[-128.4464,51.9343],[-128.4442,51.936],[-128.4397,51.9351],[-128.4211,51.9437],[-128.4231,51.9471],[-128.4217,51.9502],[-128.4158,51.9551],[-128.4182,51.9603],[-128.4182,51.9702],[-128.4199,51.9722],[-128.4157,51.9744],[-128.4135,51.9773],[-128.4148,51.9791],[-128.4094,51.9838],[-128.4093,51.9887],[-128.4146,51.9921],[-128.408,51.992],[-128.4084,51.9951],[-128.4127,52],[-128.4428,52],[-128.4417,51.9977],[-128.4362,51.9976],[-128.4382,51.9976],[-128.4391,51.9955],[-128.4363,51.992],[-128.4302,51.9921],[-128.4311,51.9884],[-128.4398,51.9851],[-128.444,51.9854],[-128.4433,51.9818],[-128.4504,51.9722],[-128.4494,51.9676],[-128.4544,51.9661],[-128.4574,51.9674],[-128.4683,51.9672],[-128.4721,51.9646],[-128.4672,51.9626],[-128.4672,51.9605],[-128.4729,51.9624],[-128.4753,51.961],[-128.4767,51.9528],[-128.4818,51.9482],[-128.4762,51.9448],[-128.4793,51.9424],[-128.4769,51.9407],[-128.4788,51.9357],[-128.4774,51.9327],[-128.4792,51.9301],[-128.4781,51.9263],[-128.4796,51.9243],[-128.4771,51.9225],[-128.4861,51.9211],[-128.486,51.9156],[-128.4844,51.9132],[-128.4857,51.9103],[-128.4799,51.9057],[-128.4721,51.9078],[-128.4731,51.9086],[-128.4713,51.9097],[-128.4695,51.9176],[-128.4673,51.9192],[-128.4674,51.921],[-128.473,51.9223],[-128.4699,51.9238],[-128.4707,51.9261],[-128.4672,51.926],[-128.4688,51.9281],[-128.4685,51.9352],[-128.4671,51.9355],[-128.4645,51.9264],[-128.4587,51.9236],[-128.4558,51.9278],[-128.4475,51.931],[-128.4465,51.9263],[-128.4504,51.9197],[-128.4497,51.9159],[-128.4513,51.9145],[-128.4511,51.9032],[-128.4471,51.9016],[-128.4458,51.8986],[-128.4417,51.8974],[-128.4395,51.904],[-128.4382,51.904]],[[-128.425,51.9272],[-128.4278,51.93],[-128.4339,51.9281],[-128.4317,51.9261],[-128.4328,51.9242],[-128.4317,51.9236],[-128.425,51.9272]],[[-128.4311,51.9094],[-128.4294,51.9067],[-128.4256,51.9067],[-128.4293,51.9104],[-128.4311,51.9094]],[[-128.4489,51.8683],[-128.4483,51.8697],[-128.4506,51.8711],[-128.4522,51.87],[-128.4489,51.8683]],[[-128.4511,51.8733],[-128.4506,51.8781],[-128.4528,51.8789],[-128.4572,51.8769],[-128.4567,51.8733],[-128.4544,51.8722],[-128.4511,51.8733]],[[-128.4589,51.9739],[-128.4567,51.9728],[-128.4528,51.9761],[-128.4556,51.9769],[-128.4589,51.9739]],[[-128.4556,51.8703],[-128.4611,51.8722],[-128.4644,51.8681],[-128.4628,51.8669],[-128.4654,51.8659],[-128.4628,51.8644],[-128.4583,51.8661],[-128.4589,51.8694],[-128.4556,51.8703]],[[-128.4778,51.9531],[-128.4794,51.9556],[-128.4822,51.9547],[-128.4811,51.9526],[-128.4856,51.9503],[-128.4778,51.9531]],[[-128.4811,51.9431],[-128.4789,51.9444],[-128.4817,51.9461],[-128.4844,51.9456],[-128.4811,51.9431]]],[[[-128,51.5],[-128,52],[-127.6522,52],[-127.6542,51.9845],[-127.6633,51.9728],[-127.6671,51.9717],[-127.6745,51.9658],[-127.6696,51.9647],[-127.667,51.9602],[-127.6686,51.958],[-127.6684,51.9514],[-127.6726,51.9486],[-127.6752,51.9484],[-127.6767,51.9502],[-127.6757,51.9513],[-127.6843,51.953],[-127.7019,51.9426],[-127.7073,51.9415],[-127.7105,51.9426],[-127.7109,51.9453],[-127.7136,51.9465],[-127.7472,51.9525],[-127.7564,51.9478],[-127.7602,51.944],[-127.771,51.9411],[-127.7776,51.936],[-127.791,51.9386],[-127.7987,51.936],[-127.8071,51.9355],[-127.8116,51.9317],[-127.8217,51.9277],[-127.8408,51.9148],[-127.843,51.9116],[-127.8419,51.908],[-127.8469,51.9123],[-127.8493,51.9117],[-127.8471,51.9088],[-127.8502,51.9063],[-127.8486,51.9035],[-127.8446,51.9047],[-127.8451,51.9015],[-127.8559,51.9036],[-127.8607,51.9065],[-127.8682,51.9029],[-127.8692,51.9049],[-127.8717,51.9049],[-127.8824,51.8972],[-127.8878,51.8853],[-127.8876,51.8782],[-127.8795,51.8811],[-127.8779,51.8777],[-127.8742,51.8766],[-127.8661,51.8814],[-127.8616,51.8872],[-127.8582,51.8835],[-127.8665,51.8802],[-127.8706,51.8749],[-127.8693,51.8724],[-127.873,51.8672],[-127.8678,51.8649],[-127.8557,51.8727],[-127.8502,51.8729],[-127.8523,51.871],[-127.8516,51.8685],[-127.8586,51.8689],[-127.8625,51.8654],[-127.8634,51.8624],[-127.8692,51.8612],[-127.8667,51.8587],[-127.876,51.857],[-127.8867,51.8486],[-127.8841,51.8478],[-127.8749,51.8496],[-127.8702,51.8455],[-127.871,51.8443],[-127.888,51.8431],[-127.894,51.8383],[-127.8877,51.8391],[-127.881,51.8373],[-127.8783,51.8383],[-127.8771,51.8415],[-127.8735,51.8411],[-127.8806,51.833],[-127.8912,51.8286],[-127.8969,51.8173],[-127.897,51.8145],[-127.8931,51.8087],[-127.8948,51.8013],[-127.8897,51.7924],[-127.8895,51.7893],[-127.8831,51.7814],[-127.8833,51.7761],[-127.8791,51.7755],[-127.8727,51.7777],[-127.8759,51.7754],[-127.8752,51.7729],[-127.8804,51.7733],[-127.882,51.7704],[-127.8818,51.7677],[-127.8769,51.7626],[-127.8736,51.7616],[-127.875,51.7592],[-127.8737,51.7572],[-127.8757,51.7505],[-127.8845,51.7399],[-127.8892,51.731],[-127.8891,51.7279],[-127.8851,51.7244],[-127.8912,51.7147],[-127.8877,51.7108],[-127.8878,51.7073],[-127.8803,51.7059],[-127.8695,51.7133],[-127.8658,51.7112],[-127.8605,51.7148],[-127.8578,51.7135],[-127.8731,51.7064],[-127.8792,51.7014],[-127.8838,51.7039],[-127.8879,51.7025],[-127.8891,51.6923],[-127.8827,51.6928],[-127.88,51.6904],[-127.8826,51.6871],[-127.8806,51.6829],[-127.8831,51.6806],[-127.8779,51.6808],[-127.878,51.6698],[-127.8696,51.6691],[-127.869,51.6673],[-127.8719,51.6637],[-127.8684,51.6596],[-127.8596,51.6572],[-127.8593,51.6538],[-127.8567,51.6522],[-127.8579,51.6511],[-127.8527,51.6478],[-127.8519,51.6463],[-127.8536,51.6452],[-127.8515,51.6424],[-127.845,51.6438],[-127.844,51.6408],[-127.8388,51.6381],[-127.8395,51.637],[-127.8336,51.6354],[-127.8298,51.6326],[-127.8263,51.6344],[-127.8321,51.636],[-127.8349,51.6408],[-127.8385,51.6404],[-127.8404,51.6419],[-127.8376,51.643],[-127.831,51.6416],[-127.8314,51.6472],[-127.8344,51.6509],[-127.8247,51.6617],[-127.8225,51.6664],[-127.8171,51.6668],[-127.8166,51.6656],[-127.8225,51.6625],[-127.8247,51.6427],[-127.8234,51.6352],[-127.8198,51.6331],[-127.8222,51.6298],[-127.8151,51.6262],[-127.8165,51.6237],[-127.791,51.6228],[-127.7928,51.6363],[-127.7909,51.6403],[-127.785,51.6416],[-127.7863,51.6392],[-127.7841,51.6362],[-127.7736,51.6309],[-127.7686,51.6324],[-127.7693,51.6367],[-127.759,51.6456],[-127.7572,51.6451],[-127.7514,51.637],[-127.7518,51.6318],[-127.758,51.6289],[-127.7563,51.6248],[-127.7527,51.6245],[-127.7492,51.6287],[-127.7403,51.6298],[-127.7376,51.6348],[-127.7341,51.6367],[-127.7305,51.6318],[-127.7302,51.6285],[-127.7276,51.6276],[-127.7244,51.6347],[-127.7236,51.643],[-127.7208,51.6455],[-127.7206,51.6494],[-127.7184,51.6513],[-127.7164,51.6497],[-127.7169,51.6343],[-127.7207,51.6291],[-127.7152,51.6242],[-127.7179,51.6229],[-127.7199,51.6258],[-127.7239,51.6237],[-127.7226,51.6189],[-127.7257,51.6173],[-127.7236,51.6152],[-127.7156,51.6155],[-127.71,51.6131],[-127.7117,51.6162],[-127.709,51.6168],[-127.7066,51.6143],[-127.704,51.6145],[-127.7002,51.6174],[-127.6978,51.6219],[-127.692,51.6219],[-127.691,51.6287],[-127.6887,51.6324],[-127.6872,51.6322],[-127.6889,51.6279],[-127.687,51.6248],[-127.6928,51.6199],[-127.6875,51.612],[-127.6789,51.6068],[-127.6787,51.6039],[-127.6675,51.6022],[-127.679,51.602],[-127.6825,51.6039],[-127.703,51.6071],[-127.71,51.6057],[-127.7172,51.6077],[-127.7214,51.6035],[-127.7228,51.6055],[-127.7265,51.6056],[-127.7277,51.6081],[-127.7331,51.6088],[-127.7359,51.6059],[-127.7318,51.6061],[-127.7316,51.6039],[-127.7348,51.6028],[-127.7362,51.605],[-127.7448,51.6067],[-127.7503,51.6031],[-127.7525,51.5961],[-127.7559,51.5938],[-127.7598,51.5972],[-127.7605,51.6017],[-127.7703,51.5991],[-127.7744,51.6001],[-127.7725,51.6076],[-127.7737,51.6099],[-127.7811,51.6105],[-127.7849,51.6088],[-127.7838,51.6056],[-127.7875,51.604],[-127.7877,51.6014],[-127.7956,51.5955],[-127.7882,51.5873],[-127.7952,51.5853],[-127.7959,51.5829],[-127.8001,51.5811],[-127.8001,51.5771],[-127.7948,51.5749],[-127.7969,51.5741],[-127.7939,51.572],[-127.7959,51.5691],[-127.7953,51.5615],[-127.7874,51.5556],[-127.7841,51.5557],[-127.7924,51.5504],[-127.7934,51.5467],[-127.7979,51.5421],[-127.7927,51.5418],[-127.8001,51.5358],[-127.7943,51.5351],[-127.8005,51.5317],[-127.7964,51.5289],[-127.7818,51.5303],[-127.7801,51.5292],[-127.7821,51.5267],[-127.7759,51.5263],[-127.7856,51.5233],[-127.7895,51.5198],[-127.7893,51.5183],[-127.7846,51.518],[-127.7862,51.5161],[-127.7797,51.5172],[-127.7788,51.5198],[-127.77,51.5226],[-127.769,51.524],[-127.7719,51.5323],[-127.7702,51.5339],[-127.7701,51.5379],[-127.7636,51.5385],[-127.7629,51.5423],[-127.7577,51.5438],[-127.7557,51.5394],[-127.7517,51.5369],[-127.7535,51.5323],[-127.7497,51.5305],[-127.7501,51.5272],[-127.7538,51.5247],[-127.751,51.5239],[-127.7439,51.5259],[-127.7384,51.5242],[-127.7371,51.5221],[-127.729,51.5222],[-127.725,51.5243],[-127.7237,51.5275],[-127.698,51.5361],[-127.6847,51.5357],[-127.6814,51.5332],[-127.6837,51.5311],[-127.684,51.527],[-127.6759,51.5244],[-127.67,51.5256],[-127.6704,51.524],[-127.6748,51.5224],[-127.6729,51.5181],[-127.6771,51.5139],[-127.6718,51.5133],[-127.6681,51.5156],[-127.6591,51.5173],[-127.6381,51.5291],[-127.6271,51.5425],[-127.6247,51.549],[-127.6135,51.5541],[-127.6088,51.5591],[-127.6017,51.5618],[-127.5943,51.5674],[-127.5918,51.575],[-127.5827,51.5767],[-127.5777,51.5838],[-127.5742,51.5852],[-127.5718,51.5947],[-127.5679,51.5972],[-127.5661,51.602],[-127.5587,51.6089],[-127.5564,51.6171],[-127.5574,51.6184],[-127.5543,51.6236],[-127.5552,51.6285],[-127.5527,51.6309],[-127.5527,51.6332],[-127.5495,51.6344],[-127.5477,51.6378],[-127.5474,51.6572],[-127.55,51.6617],[-127.5471,51.661],[-127.5422,51.6491],[-127.5352,51.6411],[-127.5318,51.641],[-127.5278,51.6443],[-127.5174,51.6426],[-127.5071,51.6459],[-127.5066,51.6443],[-127.5018,51.6429],[-127.5,51.6437],[-127.5,51.6888],[-127.5112,51.692],[-127.5244,51.6925],[-127.5329,51.6908],[-127.5368,51.6867],[-127.5511,51.6842],[-127.5642,51.6895],[-127.5768,51.6971],[-127.595,51.6994],[-127.6036,51.6983],[-127.6215,51.7021],[-127.6551,51.705],[-127.6595,51.7069],[-127.6359,51.7086],[-127.6265,51.7074],[-127.6142,51.7106],[-127.5738,51.7058],[-127.5612,51.7083],[-127.5457,51.702],[-127.5255,51.7047],[-127.5191,51.7029],[-127.5094,51.7032],[-127.5,51.7001],[-127.5,51.6253],[-127.5046,51.6232],[-127.5111,51.6134],[-127.5101,51.61],[-127.513,51.6047],[-127.511,51.5952],[-127.5119,51.5908],[-127.5212,51.5783],[-127.5243,51.5712],[-127.5238,51.5694],[-127.5206,51.5681],[-127.5187,51.5721],[-127.5153,51.5728],[-127.517,51.5661],[-127.5128,51.5539],[-127.5162,51.549],[-127.5146,51.5409],[-127.5176,51.5378],[-127.5181,51.5208],[-127.5232,51.5161],[-127.5225,51.5128],[-127.5333,51.5],[-127.5403,51.5],[-127.5365,51.5039],[-127.5368,51.5067],[-127.5474,51.5069],[-127.5567,51.5041],[-127.562,51.5],[-128,51.5]],[[-127.8991,52],[-127.8967,51.9938],[-127.8982,51.9914],[-127.8943,51.9879],[-127.8991,51.9774],[-127.8947,51.9742],[-127.8944,51.9715],[-127.8808,51.9697],[-127.879,51.9672],[-127.8834,51.9626],[-127.8903,51.9609],[-127.8875,51.9574],[-127.8946,51.945],[-127.8934,51.9426],[-127.8995,51.9377],[-127.8958,51.9314],[-127.9034,51.9347],[-127.9081,51.932],[-127.903,51.9307],[-127.9037,51.9285],[-127.9019,51.9262],[-127.9059,51.9242],[-127.9024,51.9226],[-127.8967,51.9238],[-127.8948,51.9271],[-127.8888,51.9293],[-127.8908,51.9319],[-127.8845,51.939],[-127.8757,51.9331],[-127.8707,51.9343],[-127.8673,51.9404],[-127.8633,51.9381],[-127.8579,51.9399],[-127.8418,51.938],[-127.8331,51.9419],[-127.8176,51.9523],[-127.8176,51.958],[-127.8085,51.9542],[-127.7897,51.9576],[-127.7858,51.9569],[-127.7791,51.958],[-127.7726,51.966],[-127.7517,51.9667],[-127.7446,51.9689],[-127.7133,51.964],[-127.7085,51.9658],[-127.7054,51.9784],[-127.7008,51.9848],[-127.6957,51.9869],[-127.6944,51.9959],[-127.692,52],[-127.8991,52]],[[-127.5249,51.5652],[-127.5246,51.5689],[-127.5265,51.5663],[-127.5249,51.5652]],[[-127.5294,51.5502],[-127.5267,51.5549],[-127.528,51.557],[-127.5313,51.5522],[-127.5309,51.55],[-127.5294,51.5502]],[[-127.5316,51.527],[-127.5327,51.5289],[-127.5316,51.5309],[-127.5335,51.5324],[-127.5364,51.5282],[-127.5349,51.5267],[-127.5316,51.527]],[[-127.5591,51.6037],[-127.5629,51.6021],[-127.5613,51.5984],[-127.5661,51.5967],[-127.5638,51.5947],[-127.5655,51.5921],[-127.5635,51.5878],[-127.568,51.585],[-127.5672,51.5821],[-127.5632,51.5824],[-127.5558,51.5939],[-127.5547,51.6046],[-127.5577,51.6063],[-127.5591,51.6037]],[[-127.56,51.5403],[-127.5629,51.5393],[-127.5606,51.5383],[-127.56,51.5403]],[[-127.6561,51.5083],[-127.6666,51.5078],[-127.6675,51.5029],[-127.6697,51.5039],[-127.6695,51.5069],[-127.6711,51.5079],[-127.6775,51.5062],[-127.683,51.507],[-127.6851,51.5052],[-127.6865,51.5063],[-127.6842,51.5085],[-127.6913,51.5096],[-127.6946,51.5082],[-127.6941,51.5059],[-127.6894,51.5048],[-127.6905,51.5035],[-127.6829,51.5031],[-127.6805,51.5018],[-127.6818,51.5],[-127.599,51.5],[-127.6031,51.506],[-127.6015,51.5084],[-127.605,51.5113],[-127.6012,51.5123],[-127.5981,51.5053],[-127.5906,51.5106],[-127.5904,51.5151],[-127.5931,51.5166],[-127.593,51.5191],[-127.5894,51.5213],[-127.5894,51.5238],[-127.5827,51.5341],[-127.5809,51.5395],[-127.5815,51.5465],[-127.5797,51.5445],[-127.5799,51.5364],[-127.5845,51.5246],[-127.5816,51.5191],[-127.5781,51.5197],[-127.577,51.5231],[-127.5703,51.5238],[-127.5685,51.5279],[-127.5645,51.5314],[-127.5655,51.5365],[-127.5639,51.5378],[-127.5639,51.5525],[-127.5688,51.5593],[-127.5684,51.5654],[-127.5711,51.5735],[-127.5733,51.5738],[-127.5738,51.5699],[-127.5753,51.5695],[-127.5772,51.5704],[-127.5779,51.5736],[-127.5835,51.5741],[-127.5849,51.5683],[-127.5916,51.5634],[-127.5902,51.5598],[-127.5988,51.5529],[-127.5989,51.5494],[-127.6001,51.5494],[-127.6004,51.5541],[-127.6026,51.5571],[-127.6068,51.556],[-127.6108,51.5529],[-127.6132,51.5485],[-127.6266,51.5387],[-127.627,51.5358],[-127.6382,51.5223],[-127.639,51.5181],[-127.6418,51.5175],[-127.6412,51.5235],[-127.6557,51.5182],[-127.658,51.5148],[-127.6526,51.5138],[-127.6561,51.5114],[-127.6503,51.5099],[-127.6561,51.5083]],[[-127.5694,51.5789],[-127.5692,51.5777],[-127.5666,51.578],[-127.5648,51.5808],[-127.5694,51.5789]],[[-127.5957,51.5039],[-127.5961,51.5029],[-127.592,51.5026],[-127.5886,51.508],[-127.5923,51.509],[-127.5914,51.5069],[-127.5957,51.5039]],[[-127.6825,51.6047],[-127.682,51.6059],[-127.6838,51.6072],[-127.6846,51.6056],[-127.6825,51.6047]],[[-127.7078,51.5157],[-127.6996,51.5169],[-127.6936,51.5157],[-127.6895,51.5202],[-127.7018,51.5282],[-127.7069,51.5293],[-127.714,51.5266],[-127.7172,51.5219],[-127.7221,51.5191],[-127.7177,51.5153],[-127.7078,51.5157]],[[-127.6908,51.6153],[-127.6918,51.6181],[-127.6949,51.6198],[-127.694,51.6159],[-127.6908,51.6153]],[[-127.6948,51.6098],[-127.6981,51.6189],[-127.7015,51.6152],[-127.7001,51.6123],[-127.6948,51.6098]],[[-127.7115,51.5],[-127.6989,51.5],[-127.6979,51.5049],[-127.6958,51.5069],[-127.6965,51.5087],[-127.7214,51.5062],[-127.7254,51.5028],[-127.7359,51.5004],[-127.7357,51.5022],[-127.7245,51.5064],[-127.7332,51.5106],[-127.7524,51.5],[-127.7115,51.5]],[[-127.7372,51.615],[-127.7406,51.6128],[-127.7261,51.6094],[-127.7278,51.6178],[-127.7256,51.6186],[-127.7267,51.6233],[-127.7239,51.6247],[-127.7273,51.627],[-127.7286,51.6243],[-127.7356,51.6219],[-127.7361,51.6197],[-127.7311,51.6181],[-127.7306,51.615],[-127.7372,51.615]],[[-127.7347,51.629],[-127.7353,51.6258],[-127.7328,51.625],[-127.7317,51.6274],[-127.7347,51.629]],[[-127.7483,51.5084],[-127.7426,51.5089],[-127.7459,51.5098],[-127.7483,51.5084]],[[-127.7533,51.5974],[-127.7535,51.6008],[-127.7554,51.6025],[-127.7584,51.5988],[-127.7533,51.5974]],[[-127.7629,51.6175],[-127.7584,51.6201],[-127.7598,51.6331],[-127.7647,51.6348],[-127.7671,51.6282],[-127.7631,51.6226],[-127.7651,51.6187],[-127.7629,51.6175]],[[-127.7677,51.535],[-127.764,51.5331],[-127.7687,51.5305],[-127.7663,51.5262],[-127.7644,51.5262],[-127.7596,51.5316],[-127.7599,51.5353],[-127.7677,51.535]],[[-127.7614,51.6042],[-127.7606,51.6087],[-127.766,51.6071],[-127.7649,51.6041],[-127.7614,51.6042]],[[-127.7663,51.5237],[-127.7651,51.5224],[-127.7634,51.5237],[-127.7663,51.5237]],[[-127.775,51.5194],[-127.7717,51.5183],[-127.7683,51.5203],[-127.775,51.5194]],[[-127.7865,51.6276],[-127.7843,51.6276],[-127.784,51.6292],[-127.7865,51.6276]],[[-127.801,51.6144],[-127.7971,51.6154],[-127.7935,51.6216],[-127.8103,51.6198],[-127.8108,51.6156],[-127.809,51.612],[-127.8058,51.6113],[-127.801,51.6144]],[[-127.8319,51.6118],[-127.851,51.6105],[-127.8587,51.6125],[-127.8629,51.6099],[-127.8651,51.6037],[-127.8601,51.5995],[-127.8538,51.6008],[-127.8452,51.5985],[-127.8326,51.6035],[-127.8316,51.6027],[-127.8346,51.6],[-127.8332,51.5989],[-127.8307,51.5985],[-127.8268,51.6006],[-127.8199,51.5984],[-127.8199,51.595],[-127.8299,51.5909],[-127.8277,51.5862],[-127.8235,51.5862],[-127.8228,51.5818],[-127.8154,51.5828],[-127.8044,51.5933],[-127.8072,51.5968],[-127.8015,51.6067],[-127.8106,51.6063],[-127.8205,51.6081],[-127.8244,51.6045],[-127.8272,51.6045],[-127.8287,51.6053],[-127.8287,51.611],[-127.8319,51.6118]],[[-127.826,51.6292],[-127.8247,51.6313],[-127.8289,51.6313],[-127.826,51.6292]],[[-127.8496,51.6195],[-127.8513,51.6182],[-127.847,51.6161],[-127.8299,51.6156],[-127.8299,51.6222],[-127.8369,51.6259],[-127.8418,51.6226],[-127.841,51.6184],[-127.8496,51.6195]],[[-127.8522,51.9131],[-127.849,51.9136],[-127.8522,51.915],[-127.8522,51.9131]],[[-127.8567,51.9128],[-127.8563,51.9093],[-127.8526,51.9101],[-127.8555,51.9136],[-127.8567,51.9128]],[[-127.8552,51.6468],[-127.8549,51.6488],[-127.858,51.6484],[-127.8578,51.6471],[-127.8552,51.6468]],[[-127.862,51.9069],[-127.8627,51.9089],[-127.8632,51.9071],[-127.862,51.9069]],[[-128,51.5],[-127.8886,51.5],[-127.8991,51.5118],[-127.9038,51.5207],[-127.9098,51.5248],[-127.9175,51.5275],[-127.9341,51.5282],[-127.9373,51.53],[-127.9344,51.5321],[-127.9117,51.5322],[-127.9075,51.5337],[-127.9058,51.5437],[-127.8977,51.5505],[-127.8935,51.5647],[-127.8964,51.5727],[-127.901,51.5757],[-127.9045,51.583],[-127.9069,51.5944],[-127.9135,51.6064],[-127.9217,51.6148],[-127.9279,51.6168],[-127.9365,51.6271],[-127.9494,51.6354],[-127.9511,51.6408],[-127.9557,51.6464],[-127.9626,51.6457],[-128,51.6489],[-128,51.5]],[[-127.8829,51.8538],[-127.8789,51.857],[-127.8836,51.8549],[-127.8829,51.8538]],[[-127.8807,51.8682],[-127.8794,51.8687],[-127.8832,51.8708],[-127.8859,51.8694],[-127.8807,51.8682]],[[-127.8908,51.9643],[-127.8923,51.9667],[-127.8913,51.9675],[-127.8877,51.9662],[-127.8816,51.9672],[-127.8948,51.9699],[-127.8976,51.9641],[-127.8954,51.9624],[-127.8908,51.9643]],[[-127.8885,51.8947],[-127.8863,51.8937],[-127.8843,51.8955],[-127.8877,51.8965],[-127.8885,51.8947]],[[-127.8871,51.8349],[-127.8859,51.8369],[-127.8888,51.8376],[-127.8913,51.8347],[-127.8871,51.8349]],[[-127.8886,51.9254],[-127.8875,51.9261],[-127.8889,51.9273],[-127.8911,51.9267],[-127.8886,51.9254]],[[-127.8921,51.8607],[-127.8876,51.8646],[-127.8919,51.8664],[-127.8957,51.8631],[-127.8921,51.8607]],[[-127.8969,51.9417],[-127.8952,51.9426],[-127.8971,51.9446],[-127.8988,51.9434],[-127.8969,51.9417]],[[-127.9036,51.9484],[-127.9002,51.9544],[-127.9001,51.9575],[-127.9044,51.9591],[-127.9099,51.9569],[-127.908,51.9501],[-127.9036,51.9484]],[[-127.9154,51.9721],[-127.9164,51.9736],[-127.919,51.9722],[-127.9181,51.9708],[-127.9154,51.9721]],[[-127.9652,51.9367],[-127.9643,51.9436],[-127.9605,51.9477],[-127.9613,51.9516],[-127.956,51.9614],[-127.954,51.9695],[-127.9542,51.9784],[-127.9493,51.9909],[-127.95,51.9959],[-127.9463,52],[-128,52],[-128,51.9004],[-127.9979,51.8991],[-127.9866,51.9047],[-127.9888,51.9073],[-127.9856,51.9087],[-127.9867,51.9121],[-127.9845,51.9131],[-127.9843,51.9159],[-127.981,51.9132],[-127.9822,51.9102],[-127.9804,51.9098],[-127.9729,51.9167],[-127.9739,51.9206],[-127.9685,51.9268],[-127.9688,51.9342],[-127.9652,51.9367]],[[-128,51.6558],[-127.9896,51.654],[-127.9758,51.6548],[-127.9688,51.6532],[-127.9652,51.6569],[-127.9599,51.6564],[-127.962,51.6587],[-127.9639,51.6701],[-127.9688,51.673],[-127.9801,51.6868],[-127.9831,51.6958],[-127.9832,51.7027],[-127.9885,51.7103],[-127.9886,51.718],[-127.9941,51.7279],[-128,51.7256],[-128,51.7279],[-127.9965,51.7295],[-127.9963,51.7328],[-128,51.7333],[-128,51.6558]]],[[[-127.5,51.5],[-127.5,52],[-127.5,51.6437],[-127.4851,51.6464],[-127.4777,51.6497],[-127.4718,51.658],[-127.4677,51.6606],[-127.4683,51.6675],[-127.4579,51.6845],[-127.4617,51.6864],[-127.4868,51.686],[-127.4928,51.6889],[-127.5,51.6888],[-127.5,51.7001],[-127.4945,51.6995],[-127.4883,51.6962],[-127.4684,51.6964],[-127.4621,51.6943],[-127.4566,51.6943],[-127.4537,51.6986],[-127.456,51.7092],[-127.4552,51.718],[-127.4582,51.724],[-127.4581,51.7276],[-127.4627,51.7349],[-127.4613,51.7446],[-127.4626,51.7526],[-127.4567,51.764],[-127.4507,51.7708],[-127.4523,51.7781],[-127.4485,51.7809],[-127.4386,51.7817],[-127.4373,51.78],[-127.4393,51.7786],[-127.4393,51.7748],[-127.4304,51.7721],[-127.4326,51.7708],[-127.4295,51.7687],[-127.4215,51.7726],[-127.412,51.7707],[-127.4123,51.7727],[-127.4073,51.7777],[-127.4006,51.7817],[-127.3993,51.7878],[-127.4006,51.7921],[-127.3942,51.8063],[-127.3853,51.8112],[-127.3793,51.8252],[-127.372,51.8312],[-127.3687,51.8441],[-127.3652,51.8506],[-127.3629,51.8676],[-127.3584,51.8695],[-127.356,51.8687],[-127.3517,51.8632],[-127.3564,51.8474],[-127.3535,51.8366],[-127.358,51.8263],[-127.3573,51.8243],[-127.3642,51.823],[-127.371,51.8105],[-127.3791,51.8038],[-127.3833,51.8021],[-127.3871,51.7965],[-127.3795,51.7917],[-127.381,51.7834],[-127.3792,51.7803],[-127.3801,51.779],[-127.3869,51.7749],[-127.3951,51.7659],[-127.4053,51.763],[-127.4384,51.7661],[-127.444,51.7619],[-127.4487,51.7543],[-127.4491,51.749],[-127.4458,51.7411],[-127.4485,51.7373],[-127.4453,51.7298],[-127.4457,51.7248],[-127.441,51.7194],[-127.4408,51.7156],[-127.437,51.7127],[-127.4359,51.7041],[-127.4392,51.6895],[-127.4442,51.6837],[-127.4455,51.679],[-127.4521,51.6724],[-127.4515,51.6643],[-127.4426,51.6626],[-127.4349,51.6573],[-127.4279,51.657],[-127.4219,51.6635],[-127.4226,51.665],[-127.4265,51.6659],[-127.4228,51.6678],[-127.4229,51.6709],[-127.4045,51.6756],[-127.3951,51.6821],[-127.3852,51.6826],[-127.3764,51.6792],[-127.3639,51.6811],[-127.3566,51.6923],[-127.3593,51.6962],[-127.36,51.7013],[-127.3554,51.7068],[-127.3398,51.7058],[-127.3414,51.7012],[-127.3377,51.6971],[-127.3384,51.696],[-127.3354,51.6928],[-127.3269,51.69],[-127.3137,51.689],[-127.303,51.6859],[-127.2927,51.6871],[-127.2752,51.684],[-127.2641,51.6842],[-127.2589,51.6818],[-127.2624,51.6798],[-127.2598,51.6797],[-127.2599,51.6783],[-127.2526,51.678],[-127.2629,51.6725],[-127.2665,51.667],[-127.2685,51.6665],[-127.2742,51.6679],[-127.2933,51.6672],[-127.3031,51.6684],[-127.324,51.6658],[-127.3345,51.6629],[-127.3455,51.6545],[-127.3518,51.6524],[-127.3579,51.6531],[-127.3613,51.6567],[-127.3847,51.6562],[-127.3908,51.654],[-127.3872,51.6511],[-127.3901,51.6456],[-127.4084,51.6365],[-127.4307,51.6368],[-127.4415,51.6397],[-127.449,51.6368],[-127.4504,51.6318],[-127.4592,51.6319],[-127.4739,51.6248],[-127.4918,51.6272],[-127.5,51.6253],[-127.5,51.5]]],[[[-132.5,54],[-132.5,53.5],[-133,53.5],[-133,54],[-132.5,54]],[[-132.5,53.5],[-132.5,53.6422],[-132.5057,53.6416],[-132.5116,53.6446],[-132.5081,53.6475],[-132.5075,53.6532],[-132.5017,53.6564],[-132.5161,53.6571],[-132.5209,53.6538],[-132.5257,53.6546],[-132.5285,53.6513],[-132.5343,53.6488],[-132.538,53.6492],[-132.5444,53.6605],[-132.5412,53.6653],[-132.529,53.6724],[-132.5373,53.6744],[-132.5472,53.6732],[-132.5511,53.6718],[-132.5531,53.6673],[-132.5581,53.6694],[-132.556,53.6711],[-132.56,53.6717],[-132.563,53.6705],[-132.5622,53.6684],[-132.5754,53.6641],[-132.579,53.6613],[-132.5801,53.6575],[-132.5916,53.6507],[-132.5944,53.6469],[-132.59,53.6455],[-132.5897,53.6441],[-132.5969,53.6452],[-132.5981,53.6436],[-132.5949,53.6442],[-132.5923,53.6427],[-132.5981,53.6359],[-132.6081,53.6358],[-132.6092,53.637],[-132.6021,53.6398],[-132.6018,53.6442],[-132.599,53.6485],[-132.6008,53.6505],[-132.5981,53.6551],[-132.5825,53.6716],[-132.5875,53.6721],[-132.5866,53.6742],[-132.59,53.6773],[-132.6045,53.6852],[-132.6217,53.6879],[-132.642,53.6859],[-132.6567,53.6819],[-132.6628,53.6777],[-132.6624,53.6735],[-132.6647,53.6725],[-132.6693,53.6645],[-132.6746,53.6602],[-132.676,53.6536],[-132.6812,53.655],[-132.6834,53.6584],[-132.6798,53.6643],[-132.6724,53.6695],[-132.6727,53.677],[-132.6604,53.689],[-132.6397,53.6928],[-132.6305,53.692],[-132.6233,53.6947],[-132.6061,53.6942],[-132.6028,53.6919],[-132.6008,53.6941],[-132.5967,53.6949],[-132.5866,53.6935],[-132.5739,53.6886],[-132.5647,53.6886],[-132.5463,53.6907],[-132.5448,53.6927],[-132.5462,53.6943],[-132.5391,53.6967],[-132.5285,53.6962],[-132.5088,53.6995],[-132.5,53.7025],[-132.5,54],[-132.5601,54],[-132.5904,53.9837],[-132.5876,53.9754],[-132.5924,53.9775],[-132.6006,53.9721],[-132.6003,53.9779],[-132.6017,53.9783],[-132.6208,53.9712],[-132.6291,53.9667],[-132.6283,53.9648],[-132.6429,53.9624],[-132.6448,53.9608],[-132.6424,53.9582],[-132.6446,53.9557],[-132.6639,53.947],[-132.6695,53.9468],[-132.6724,53.9437],[-132.6774,53.9419],[-132.6793,53.9358],[-132.6795,53.9404],[-132.6773,53.9432],[-132.6735,53.9444],[-132.6722,53.9498],[-132.6695,53.9509],[-132.6726,53.9543],[-132.679,53.9566],[-132.683,53.9543],[-132.6858,53.9565],[-132.664,53.9633],[-132.661,53.966],[-132.6652,53.9685],[-132.6652,53.9725],[-132.6726,53.9729],[-132.6701,53.9753],[-132.6704,53.9789],[-132.6854,53.973],[-132.6907,53.9745],[-132.6906,53.977],[-132.6811,53.9829],[-132.6624,53.989],[-132.6625,53.9927],[-132.6573,53.9951],[-132.6537,54],[-133,54],[-133,53.7714],[-132.9942,53.7713],[-132.9898,53.7661],[-132.9946,53.7649],[-132.9964,53.7624],[-133,53.7631],[-133,53.7495],[-132.9933,53.7421],[-132.9975,53.7399],[-132.9948,53.7356],[-132.9944,53.7326],[-132.9973,53.729],[-132.9943,53.7186],[-133,53.7219],[-133,53.7163],[-132.996,53.7133],[-132.9898,53.7124],[-132.9907,53.7139],[-132.9895,53.7137],[-132.9883,53.7122],[-132.9899,53.7109],[-132.988,53.7101],[-132.9798,53.7122],[-132.9693,53.7075],[-132.9657,53.7073],[-132.9626,53.7105],[-132.9592,53.7105],[-132.9515,53.7076],[-132.9377,53.7065],[-132.9308,53.7044],[-132.9296,53.7036],[-132.931,53.7016],[-132.9236,53.6979],[-132.9295,53.7001],[-132.9338,53.6977],[-132.9357,53.6948],[-132.9349,53.6934],[-132.9373,53.6921],[-132.9317,53.687],[-132.9351,53.688],[-132.9377,53.691],[-132.9378,53.6966],[-132.9402,53.6963],[-132.9419,53.6924],[-132.9395,53.689],[-132.9416,53.6892],[-132.9439,53.6952],[-132.9492,53.6933],[-132.9472,53.6896],[-132.9496,53.6854],[-132.9398,53.6818],[-132.9415,53.6814],[-132.9483,53.6825],[-132.9483,53.6843],[-132.9531,53.6838],[-132.9592,53.6858],[-132.9672,53.6834],[-132.968,53.6861],[-132.9731,53.6874],[-132.9585,53.6893],[-132.9578,53.6939],[-132.9662,53.6994],[-132.9746,53.6984],[-132.9824,53.6941],[-132.9811,53.6928],[-132.9822,53.6911],[-132.9793,53.6891],[-132.9766,53.6839],[-132.9909,53.6857],[-132.9882,53.6813],[-132.9888,53.6775],[-132.9981,53.6826],[-133,53.6864],[-133,53.6657],[-132.9902,53.667],[-132.9867,53.6653],[-132.9889,53.663],[-132.9867,53.6613],[-132.9826,53.6617],[-132.9795,53.6643],[-132.9727,53.665],[-132.9622,53.664],[-132.9586,53.6618],[-132.9545,53.6632],[-132.9528,53.6613],[-132.9545,53.6595],[-132.9524,53.6574],[-132.9531,53.6545],[-132.9483,53.6528],[-132.9491,53.6512],[-132.9514,53.6525],[-132.9541,53.6517],[-132.9499,53.6483],[-132.9531,53.6477],[-132.9585,53.6512],[-132.9616,53.6496],[-132.9615,53.6465],[-132.9638,53.6489],[-132.9663,53.649],[-132.973,53.6448],[-132.9703,53.6427],[-132.9725,53.6406],[-132.9642,53.6375],[-132.9638,53.6449],[-132.962,53.6448],[-132.9592,53.6409],[-132.9524,53.6419],[-132.9506,53.6456],[-132.9438,53.6466],[-132.9433,53.6433],[-132.946,53.6414],[-132.9451,53.6369],[-132.9429,53.6364],[-132.9388,53.6399],[-132.9343,53.6374],[-132.9359,53.6329],[-132.9336,53.6272],[-132.9339,53.6224],[-132.9288,53.6158],[-132.9255,53.616],[-132.9263,53.6193],[-132.9221,53.6189],[-132.9231,53.6167],[-132.9215,53.6149],[-132.9231,53.6133],[-132.9125,53.604],[-132.8988,53.6013],[-132.8782,53.6015],[-132.8572,53.5965],[-132.8532,53.5976],[-132.8341,53.5964],[-132.8242,53.6024],[-132.8202,53.603],[-132.8181,53.6017],[-132.8181,53.5997],[-132.8241,53.5989],[-132.826,53.5946],[-132.8333,53.5903],[-132.8386,53.5902],[-132.8447,53.5871],[-132.864,53.5879],[-132.8715,53.5919],[-132.8923,53.5943],[-132.9009,53.59],[-132.9002,53.5871],[-132.9043,53.5851],[-132.911,53.5868],[-132.9127,53.5916],[-132.9186,53.5896],[-132.9277,53.5907],[-132.9531,53.6019],[-132.9571,53.6054],[-132.9669,53.6063],[-132.9751,53.6023],[-132.98,53.5963],[-133,53.5965],[-133,53.5866],[-132.9928,53.5842],[-132.9912,53.5814],[-132.9797,53.5761],[-132.9698,53.5687],[-132.9729,53.5658],[-132.9758,53.5668],[-132.9797,53.5636],[-132.9847,53.567],[-132.9853,53.5626],[-132.9934,53.5632],[-132.9936,53.5619],[-132.9863,53.5578],[-132.9807,53.559],[-132.955,53.5531],[-132.9484,53.5562],[-132.9456,53.5594],[-132.94,53.5593],[-132.9297,53.5631],[-132.9069,53.5649],[-132.9017,53.563],[-132.9029,53.561],[-132.9143,53.5577],[-132.9285,53.5569],[-132.9348,53.5541],[-132.9343,53.5515],[-132.9291,53.5468],[-132.9312,53.5463],[-132.9299,53.5442],[-132.9249,53.5454],[-132.9237,53.5437],[-132.9272,53.5385],[-132.9338,53.5382],[-132.9347,53.5353],[-132.9403,53.533],[-132.9422,53.5261],[-132.9464,53.5223],[-132.9467,53.5194],[-132.9376,53.5159],[-132.9337,53.5175],[-132.927,53.516],[-132.8817,53.5195],[-132.8639,53.519],[-132.8498,53.5217],[-132.844,53.5209],[-132.8411,53.5188],[-132.8422,53.5171],[-132.8379,53.515],[-132.8459,53.513],[-132.847,53.511],[-132.843,53.5074],[-132.8496,53.5],[-132.7628,53.5],[-132.7592,53.5091],[-132.7618,53.5135],[-132.7585,53.5216],[-132.7534,53.5249],[-132.7463,53.524],[-132.7427,53.5253],[-132.7355,53.536],[-132.7327,53.5348],[-132.7327,53.5313],[-132.7389,53.5272],[-132.7362,53.5235],[-132.7328,53.5224],[-132.7357,53.5209],[-132.7473,53.5215],[-132.7488,53.5177],[-132.7534,53.5152],[-132.7483,53.5109],[-132.7485,53.5096],[-132.7429,53.5095],[-132.74,53.5057],[-132.7445,53.5028],[-132.7447,53.5],[-132.5,53.5]],[[-132.5054,53.6659],[-132.5055,53.6614],[-132.5,53.6629],[-132.5,53.6671],[-132.5054,53.6659]],[[-132.5922,53.69],[-132.5973,53.6872],[-132.5949,53.6864],[-132.5944,53.6845],[-132.5895,53.6837],[-132.586,53.6871],[-132.5878,53.6894],[-132.5922,53.69]],[[-132.5939,53.9827],[-132.5948,53.9848],[-132.5968,53.9825],[-132.5939,53.9827]],[[-132.5996,53.6918],[-132.5966,53.6905],[-132.5975,53.692],[-132.5996,53.6918]],[[-132.7426,53.5235],[-132.7399,53.5231],[-132.7405,53.5255],[-132.7426,53.5235]],[[-132.902,53.5022],[-132.9045,53.5],[-132.899,53.5],[-132.902,53.5022]],[[-132.9365,53.6036],[-132.9381,53.5981],[-132.9369,53.5966],[-132.9235,53.5941],[-132.9212,53.5947],[-132.9193,53.5975],[-132.9246,53.6024],[-132.9298,53.6036],[-132.9319,53.6064],[-132.9406,53.6085],[-132.9396,53.6112],[-132.9463,53.6133],[-132.9481,53.6105],[-132.9465,53.6078],[-132.9489,53.6055],[-132.9365,53.6036]],[[-132.9331,53.542],[-132.9319,53.5444],[-132.9333,53.5453],[-132.9345,53.5422],[-132.9331,53.542]],[[-132.945,53.6272],[-132.9467,53.6236],[-132.9378,53.6189],[-132.9417,53.6272],[-132.945,53.6272]],[[-132.9626,53.522],[-132.9541,53.5243],[-132.9527,53.5269],[-132.956,53.5318],[-132.9549,53.5342],[-132.9573,53.536],[-133,53.5467],[-133,53.5397],[-132.9957,53.541],[-132.9947,53.5402],[-132.997,53.538],[-132.9914,53.537],[-132.9942,53.5355],[-132.9863,53.5346],[-132.9919,53.5325],[-132.9921,53.5291],[-132.9863,53.5255],[-132.9873,53.5246],[-132.9794,53.5207],[-132.9626,53.522]],[[-132.9602,53.6997],[-132.9579,53.7004],[-132.9613,53.7041],[-132.9635,53.7002],[-132.9602,53.6997]],[[-132.974,53.708],[-132.9761,53.7093],[-132.9771,53.7079],[-132.974,53.708]],[[-132.9911,53.6897],[-132.9822,53.6886],[-132.9861,53.691],[-132.9929,53.6923],[-132.9942,53.6912],[-132.9911,53.6897]],[[-132.9952,53.7053],[-132.9972,53.7045],[-132.9918,53.7],[-132.9873,53.7008],[-132.9952,53.7053]],[[-132.9978,53.6025],[-132.9989,53.5992],[-132.9961,53.5975],[-132.99,53.6],[-132.9946,53.6007],[-132.9933,53.6019],[-132.9944,53.6028],[-132.9978,53.6025]],[[-132.9947,53.6639],[-132.9953,53.6625],[-132.9926,53.6602],[-132.9929,53.6631],[-132.9947,53.6639]],[[-132.9978,53.6877],[-132.9953,53.6847],[-132.9922,53.6842],[-132.9928,53.6871],[-132.9964,53.6887],[-132.9978,53.6877]],[[-132.9979,53.6913],[-132.9961,53.6914],[-132.9996,53.6928],[-132.9979,53.6913]],[[-133,53.7408],[-132.997,53.743],[-133,53.7456],[-133,53.7408]]],[[[-132,54],[-132,53.5],[-132.5,53.5],[-132.5,54],[-132,54]],[[-132,53.5],[-132,54],[-132.1441,54],[-132.1368,53.9932],[-132.1355,53.9834],[-132.1264,53.9745],[-132.1266,53.9709],[-132.1235,53.9674],[-132.1288,53.9553],[-132.1261,53.9435],[-132.1274,53.9328],[-132.1245,53.9282],[-132.1105,53.9212],[-132.1092,53.9184],[-132.0978,53.9088],[-132.0948,53.9036],[-132.0916,53.9017],[-132.0902,53.8938],[-132.0912,53.881],[-132.1054,53.8562],[-132.1091,53.8459],[-132.1248,53.8358],[-132.1349,53.823],[-132.13,53.815],[-132.129,53.8102],[-132.1327,53.8028],[-132.1339,53.7907],[-132.1371,53.7876],[-132.1357,53.7688],[-132.1371,53.7643],[-132.144,53.7557],[-132.1405,53.7529],[-132.14,53.7489],[-132.1567,53.7404],[-132.1586,53.7337],[-132.1619,53.732],[-132.161,53.7291],[-132.1583,53.729],[-132.1608,53.7125],[-132.1473,53.7029],[-132.1389,53.7019],[-132.1425,53.7014],[-132.1412,53.6979],[-132.1365,53.6982],[-132.1404,53.6954],[-132.1456,53.6967],[-132.1493,53.6947],[-132.1525,53.6986],[-132.1495,53.7039],[-132.1594,53.7073],[-132.1623,53.71],[-132.1737,53.7],[-132.1734,53.6944],[-132.1756,53.6914],[-132.1738,53.6862],[-132.1773,53.6856],[-132.1829,53.6905],[-132.1875,53.6881],[-132.1894,53.6809],[-132.1937,53.6739],[-132.2026,53.667],[-132.2007,53.6587],[-132.2056,53.6576],[-132.2098,53.6544],[-132.2119,53.655],[-132.2115,53.657],[-132.2158,53.6557],[-132.2183,53.6566],[-132.2185,53.6602],[-132.2231,53.6686],[-132.2205,53.6709],[-132.2222,53.6716],[-132.2335,53.6678],[-132.2479,53.667],[-132.266,53.6704],[-132.2953,53.6703],[-132.2988,53.6715],[-132.2927,53.6759],[-132.2974,53.677],[-132.3002,53.6755],[-132.32,53.676],[-132.3321,53.6704],[-132.3442,53.6709],[-132.3433,53.6693],[-132.3457,53.6672],[-132.3464,53.6637],[-132.3425,53.6568],[-132.345,53.6529],[-132.3387,53.6502],[-132.3387,53.6483],[-132.3323,53.641],[-132.3185,53.6409],[-132.3169,53.64],[-132.3198,53.6376],[-132.3168,53.6368],[-132.3004,53.6383],[-132.2824,53.6328],[-132.2813,53.6292],[-132.3016,53.6311],[-132.3057,53.6298],[-132.3122,53.623],[-132.3136,53.6197],[-132.312,53.6174],[-132.3139,53.6147],[-132.3179,53.6137],[-132.329,53.6176],[-132.3355,53.6176],[-132.3371,53.6224],[-132.3444,53.6241],[-132.3449,53.622],[-132.3503,53.6211],[-132.3539,53.6244],[-132.3628,53.623],[-132.3795,53.6168],[-132.3898,53.6165],[-132.3892,53.6182],[-132.3834,53.6206],[-132.3927,53.6228],[-132.3987,53.618],[-132.4084,53.6142],[-132.4088,53.6129],[-132.4026,53.6104],[-132.4058,53.6072],[-132.4102,53.6083],[-132.4138,53.6115],[-132.4225,53.6092],[-132.4271,53.6104],[-132.4212,53.6128],[-132.4201,53.6158],[-132.4217,53.6171],[-132.4252,53.614],[-132.44,53.6118],[-132.4463,53.605],[-132.4513,53.5955],[-132.4543,53.5942],[-132.4543,53.5914],[-132.4608,53.5848],[-132.4614,53.5794],[-132.4743,53.573],[-132.478,53.5654],[-132.4818,53.5644],[-132.4839,53.5655],[-132.4847,53.5689],[-132.483,53.5704],[-132.4851,53.5727],[-132.4837,53.5769],[-132.4865,53.5791],[-132.4744,53.5842],[-132.4739,53.5934],[-132.4716,53.6009],[-132.4683,53.6064],[-132.4598,53.6129],[-132.4611,53.616],[-132.4401,53.6259],[-132.4329,53.6267],[-132.4275,53.6323],[-132.4085,53.641],[-132.4098,53.6428],[-132.4058,53.646],[-132.3892,53.6553],[-132.3622,53.6623],[-132.3595,53.6691],[-132.3509,53.6717],[-132.3521,53.6743],[-132.3615,53.6755],[-132.3731,53.6721],[-132.3754,53.6744],[-132.3916,53.6702],[-132.4027,53.6699],[-132.4085,53.668],[-132.4188,53.6724],[-132.4312,53.6674],[-132.4389,53.6703],[-132.4355,53.6731],[-132.4442,53.6738],[-132.4505,53.6664],[-132.4494,53.6633],[-132.4664,53.6581],[-132.4776,53.6584],[-132.4791,53.6546],[-132.5,53.6422],[-132.5,53.7025],[-132.4927,53.7047],[-132.4814,53.7025],[-132.4523,53.7167],[-132.4471,53.7178],[-132.4413,53.7169],[-132.4299,53.7231],[-132.4229,53.7315],[-132.4147,53.7363],[-132.4089,53.7455],[-132.3927,53.7492],[-132.387,53.7533],[-132.3789,53.7533],[-132.3606,53.7583],[-132.3507,53.7536],[-132.3393,53.7531],[-132.3232,53.7553],[-132.2999,53.7625],[-132.2942,53.7618],[-132.2941,53.7589],[-132.2882,53.7587],[-132.2823,53.7606],[-132.2797,53.7636],[-132.258,53.7654],[-132.2519,53.7738],[-132.2455,53.7782],[-132.2232,53.7834],[-132.2169,53.796],[-132.2064,53.8068],[-132.2063,53.8113],[-132.2016,53.8156],[-132.1678,53.8254],[-132.1519,53.8315],[-132.1403,53.84],[-132.1283,53.843],[-132.107,53.8739],[-132.1054,53.8806],[-132.1065,53.8879],[-132.1217,53.9064],[-132.1351,53.9178],[-132.1427,53.9205],[-132.1525,53.9302],[-132.1541,53.9378],[-132.1456,53.9518],[-132.1467,53.9607],[-132.1443,53.9648],[-132.1444,53.9689],[-132.1521,53.9808],[-132.1529,53.9855],[-132.1597,53.9892],[-132.1692,53.9987],[-132.1728,54],[-132.5,54],[-132.5,53.5],[-132,53.5]],[[-132.1849,53.797],[-132.1917,53.7922],[-132.204,53.791],[-132.204,53.7891],[-132.2106,53.7813],[-132.2106,53.7773],[-132.2157,53.7704],[-132.2116,53.7579],[-132.2062,53.7494],[-132.2016,53.7496],[-132.1986,53.7449],[-132.1941,53.744],[-132.1903,53.7349],[-132.1862,53.7311],[-132.1883,53.7263],[-132.1844,53.7139],[-132.1809,53.7119],[-132.1726,53.7196],[-132.1635,53.7248],[-132.1644,53.732],[-132.1597,53.7403],[-132.1472,53.7454],[-132.1408,53.7498],[-132.1407,53.7513],[-132.1445,53.7533],[-132.146,53.7574],[-132.1378,53.7678],[-132.1394,53.7869],[-132.1347,53.7977],[-132.1369,53.7989],[-132.1369,53.8026],[-132.1327,53.8091],[-132.1327,53.812],[-132.1391,53.8231],[-132.1412,53.8234],[-132.1727,53.8056],[-132.1859,53.8001],[-132.1849,53.797]],[[-132.1656,54],[-132.1614,53.9984],[-132.1616,54],[-132.1656,54]],[[-132.1958,53.796],[-132.1998,53.7948],[-132.2003,53.7927],[-132.1894,53.7956],[-132.1958,53.796]],[[-132.2646,53.7574],[-132.266,53.7525],[-132.2642,53.7511],[-132.2592,53.7523],[-132.253,53.7582],[-132.2547,53.7599],[-132.2646,53.7574]],[[-132.2717,53.756],[-132.2724,53.7542],[-132.2675,53.7554],[-132.2699,53.7571],[-132.2717,53.756]],[[-132.2856,53.6726],[-132.29,53.6752],[-132.2905,53.673],[-132.2856,53.6726]],[[-132.3493,53.6777],[-132.35,53.674],[-132.3486,53.673],[-132.3327,53.6725],[-132.3306,53.6751],[-132.3388,53.6781],[-132.3457,53.6761],[-132.3493,53.6777]],[[-132.3471,53.625],[-132.3443,53.6264],[-132.3479,53.6267],[-132.3489,53.6258],[-132.3471,53.625]],[[-132.3516,53.719],[-132.3467,53.7177],[-132.3452,53.719],[-132.3463,53.7202],[-132.3516,53.719]],[[-132.3498,53.6218],[-132.3468,53.6243],[-132.3489,53.6244],[-132.3506,53.6231],[-132.3498,53.6218]],[[-132.3471,53.6542],[-132.3486,53.6552],[-132.3515,53.6541],[-132.3471,53.6542]],[[-132.3492,53.6675],[-132.348,53.6707],[-132.3527,53.6683],[-132.3492,53.6675]],[[-132.3499,53.6446],[-132.3485,53.6462],[-132.3505,53.6465],[-132.3499,53.6446]],[[-132.3501,53.7159],[-132.3518,53.7173],[-132.3554,53.7166],[-132.3501,53.7159]],[[-132.3637,53.6443],[-132.3575,53.644],[-132.3586,53.6422],[-132.3563,53.6415],[-132.3565,53.6426],[-132.3526,53.6438],[-132.3537,53.6452],[-132.3637,53.6443]],[[-132.3573,53.7194],[-132.3591,53.7181],[-132.3573,53.7177],[-132.3555,53.719],[-132.3573,53.7194]],[[-132.3751,53.6422],[-132.3767,53.6449],[-132.3796,53.6444],[-132.379,53.6399],[-132.3827,53.6383],[-132.3892,53.6288],[-132.3878,53.627],[-132.3839,53.6264],[-132.3698,53.6296],[-132.3633,53.6328],[-132.3581,53.6387],[-132.3642,53.6423],[-132.3751,53.6422]],[[-132.3675,53.6918],[-132.3659,53.693],[-132.3674,53.6937],[-132.3719,53.6921],[-132.3675,53.6918]],[[-132.3967,53.6363],[-132.3985,53.634],[-132.392,53.6351],[-132.3928,53.6365],[-132.3967,53.6363]],[[-132.4057,53.721],[-132.4123,53.7223],[-132.4165,53.7215],[-132.4154,53.72],[-132.4181,53.7173],[-132.418,53.7149],[-132.4089,53.7096],[-132.4051,53.7096],[-132.403,53.7116],[-132.4062,53.7133],[-132.4006,53.7149],[-132.3975,53.7178],[-132.4057,53.721]],[[-132.4102,53.6165],[-132.4082,53.6172],[-132.4094,53.618],[-132.4126,53.6176],[-132.4102,53.6165]],[[-132.4148,53.6241],[-132.419,53.6213],[-132.4153,53.622],[-132.4166,53.6205],[-132.4146,53.6208],[-132.4152,53.6226],[-132.4131,53.6241],[-132.4148,53.6241]],[[-132.4472,53.7124],[-132.4415,53.7111],[-132.436,53.7129],[-132.4352,53.7145],[-132.4374,53.716],[-132.4472,53.7124]],[[-132.4576,53.7015],[-132.4509,53.7025],[-132.4504,53.7039],[-132.4541,53.7057],[-132.4594,53.7041],[-132.4576,53.7015]],[[-132.4569,53.6748],[-132.4536,53.6739],[-132.4521,53.6757],[-132.4549,53.6778],[-132.4569,53.6748]],[[-132.4593,53.6671],[-132.4552,53.6664],[-132.4527,53.6677],[-132.4561,53.6697],[-132.4593,53.6671]],[[-132.456,53.6053],[-132.4539,53.6071],[-132.4555,53.6074],[-132.456,53.6053]],[[-132.4564,53.6006],[-132.4564,53.6024],[-132.4606,53.6015],[-132.4605,53.5994],[-132.4564,53.6006]],[[-132.4616,53.6687],[-132.4566,53.6716],[-132.4643,53.6712],[-132.4648,53.6689],[-132.4616,53.6687]],[[-132.4774,53.6692],[-132.4801,53.6661],[-132.4729,53.6659],[-132.4708,53.6667],[-132.471,53.6701],[-132.4683,53.672],[-132.474,53.6726],[-132.4746,53.6689],[-132.4774,53.6692]],[[-132.4852,53.6881],[-132.4992,53.678],[-132.4993,53.6739],[-132.4952,53.6707],[-132.4911,53.67],[-132.4919,53.668],[-132.4684,53.6798],[-132.4689,53.6845],[-132.4723,53.6874],[-132.4797,53.6903],[-132.4822,53.6881],[-132.4852,53.6881]],[[-132.5,53.6629],[-132.4957,53.6641],[-132.4956,53.6659],[-132.5,53.6671],[-132.5,53.6629]]],[[[-131.5,54],[-131.5,53.5],[-132,53.5],[-132,54],[-131.5,54]],[[-132,54],[-132,53.5],[-131.9459,53.5],[-131.9454,53.5015],[-131.9512,53.5096],[-131.9557,53.5129],[-131.9571,53.5186],[-131.9557,53.5255],[-131.947,53.5403],[-131.9315,53.5533],[-131.9243,53.5628],[-131.9267,53.5671],[-131.9249,53.569],[-131.9245,53.5751],[-131.929,53.5792],[-131.9327,53.5928],[-131.9332,53.605],[-131.9315,53.6133],[-131.927,53.6204],[-131.9229,53.6352],[-131.9179,53.6425],[-131.9191,53.645],[-131.9168,53.6517],[-131.9076,53.6651],[-131.8868,53.6852],[-131.8867,53.6907],[-131.8784,53.6993],[-131.8733,53.7105],[-131.8769,53.7287],[-131.8774,53.7454],[-131.8839,53.7602],[-131.8834,53.7724],[-131.8745,53.7891],[-131.8623,53.8069],[-131.8401,53.8296],[-131.8331,53.8342],[-131.8148,53.8587],[-131.7628,53.9071],[-131.7358,53.9404],[-131.7272,53.9488],[-131.7154,53.9648],[-131.6959,54],[-132,54]]],[[[-132.5,54],[-133,54],[-133,54.4839],[-132.9477,54.4769],[-132.8623,54.4601],[-132.7462,54.4356],[-132.6413,54.4104],[-132.5,54.4117],[-132.5,54]],[[-132.5,54],[-132.5,54.0637],[-132.5251,54.0608],[-132.5275,54.0592],[-132.5264,54.0547],[-132.5278,54.0531],[-132.5452,54.0499],[-132.5526,54.0456],[-132.5675,54.0405],[-132.5633,54.0374],[-132.5661,54.0302],[-132.5648,54.0239],[-132.5817,54.0095],[-132.5791,54.0081],[-132.5688,54.0168],[-132.5666,54.0153],[-132.5705,54.0128],[-132.5714,54.0102],[-132.5614,54.0065],[-132.5612,54.0046],[-132.5561,54.0053],[-132.5567,54.0026],[-132.5601,54],[-132.6537,54],[-132.6406,54.0061],[-132.6325,54.0143],[-132.6309,54.0148],[-132.6284,54.0124],[-132.6219,54.013],[-132.5896,54.0249],[-132.5851,54.0294],[-132.5833,54.0373],[-132.5792,54.0399],[-132.5797,54.0428],[-132.5766,54.0466],[-132.5775,54.0477],[-132.5724,54.0484],[-132.5692,54.0466],[-132.5662,54.0524],[-132.5741,54.0577],[-132.584,54.0689],[-132.5845,54.0715],[-132.5819,54.0766],[-132.5714,54.085],[-132.5715,54.0887],[-132.5697,54.0902],[-132.5709,54.0932],[-132.5795,54.0998],[-132.5829,54.1017],[-132.5867,54.1015],[-132.5902,54.1048],[-132.5849,54.1082],[-132.5879,54.1105],[-132.5846,54.1131],[-132.5853,54.1148],[-132.5814,54.1187],[-132.582,54.1201],[-132.6063,54.1248],[-132.6162,54.1293],[-132.6155,54.1323],[-132.6189,54.1346],[-132.6234,54.1323],[-132.6316,54.1344],[-132.6363,54.1389],[-132.6405,54.1401],[-132.6398,54.1417],[-132.6561,54.1445],[-132.6559,54.1497],[-132.6613,54.1543],[-132.6655,54.1544],[-132.666,54.1556],[-132.6691,54.1547],[-132.6709,54.1564],[-132.6726,54.1549],[-132.6723,54.1509],[-132.6842,54.1499],[-132.6838,54.1486],[-132.6855,54.1476],[-132.6965,54.1468],[-132.7034,54.1509],[-132.7096,54.1469],[-132.7122,54.1432],[-132.7287,54.1406],[-132.7365,54.1411],[-132.745,54.1371],[-132.7575,54.1391],[-132.7596,54.138],[-132.7612,54.134],[-132.7673,54.1319],[-132.7839,54.1333],[-132.7903,54.1324],[-132.7986,54.1343],[-132.8033,54.1312],[-132.8038,54.1301],[-132.8005,54.128],[-132.8032,54.1265],[-132.8051,54.1289],[-132.8201,54.1278],[-132.8394,54.1322],[-132.8397,54.1343],[-132.8429,54.1335],[-132.8562,54.1371],[-132.8661,54.1365],[-132.8732,54.1421],[-132.8797,54.1433],[-132.8816,54.1458],[-132.8862,54.1455],[-132.8923,54.1476],[-132.8883,54.1502],[-132.8939,54.1531],[-132.8959,54.1526],[-132.8939,54.1502],[-132.8985,54.1478],[-132.9166,54.1481],[-132.9244,54.1527],[-132.925,54.1566],[-132.9311,54.1573],[-132.9291,54.1626],[-132.9405,54.167],[-132.9436,54.1712],[-132.9475,54.1677],[-132.9538,54.1661],[-132.9629,54.1655],[-132.962,54.1676],[-132.9656,54.1697],[-132.9768,54.166],[-132.9813,54.166],[-132.9868,54.1671],[-132.9865,54.1704],[-132.9888,54.1717],[-133,54.1732],[-133,54],[-132.5,54]],[[-132.5546,54.0888],[-132.5522,54.0896],[-132.5531,54.0909],[-132.5572,54.0893],[-132.5546,54.0888]],[[-132.564,54.0886],[-132.5612,54.0918],[-132.5658,54.0889],[-132.564,54.0886]],[[-132.9753,54.1971],[-132.973,54.2021],[-132.9747,54.2063],[-132.9796,54.208],[-132.9798,54.2108],[-132.9863,54.2168],[-132.9866,54.2191],[-132.9651,54.2244],[-132.9622,54.2272],[-132.9693,54.2288],[-132.971,54.232],[-132.9677,54.2351],[-132.9621,54.2368],[-132.9617,54.2384],[-132.9761,54.238],[-132.98,54.2406],[-132.9755,54.2438],[-132.9778,54.2491],[-132.9928,54.2514],[-133,54.2558],[-133,54.1917],[-132.9977,54.1897],[-132.9878,54.187],[-132.9797,54.1873],[-132.9741,54.1939],[-132.9753,54.1971]],[[-132.9791,54.1797],[-132.9727,54.1812],[-132.9768,54.1836],[-132.9909,54.1852],[-132.9953,54.1832],[-132.9791,54.1797]]],[[[-132,54],[-132.5,54],[-132.5,54.4117],[-132.3973,54.4131],[-132.3875,54.4154],[-132.3642,54.4151],[-132.248,54.405],[-132.0501,54.381],[-132,54.3967],[-132,54]],[[-132,54],[-132,54.0296],[-132.0495,54.0302],[-132.0576,54.0327],[-132.0784,54.0319],[-132.1001,54.0334],[-132.1171,54.0316],[-132.1459,54.0359],[-132.1693,54.0413],[-132.1875,54.0502],[-132.1955,54.0515],[-132.2,54.0486],[-132.1968,54.0427],[-132.1686,54.0283],[-132.1481,54.0086],[-132.144,54.007],[-132.1402,54.008],[-132.137,54.0132],[-132.1378,54.0152],[-132.1437,54.0217],[-132.1566,54.0289],[-132.1594,54.0325],[-132.141,54.0274],[-132.1329,54.0206],[-132.1204,54.016],[-132.1329,54.0132],[-132.1361,54.0101],[-132.1357,54.0076],[-132.1437,54.0018],[-132.1441,54],[-132.1728,54],[-132.178,54.0096],[-132.176,54.0155],[-132.1865,54.0196],[-132.1977,54.0197],[-132.2,54.0225],[-132.2035,54.0219],[-132.2034,54.0244],[-132.2233,54.0243],[-132.237,54.0285],[-132.2469,54.0344],[-132.25,54.0397],[-132.2436,54.0465],[-132.2422,54.0552],[-132.2374,54.0588],[-132.2377,54.0693],[-132.2436,54.0726],[-132.2431,54.0767],[-132.2498,54.0768],[-132.251,54.0783],[-132.2493,54.08],[-132.2501,54.0807],[-132.2629,54.0777],[-132.2623,54.0814],[-132.2657,54.0822],[-132.2644,54.0912],[-132.2662,54.0928],[-132.264,54.0957],[-132.267,54.0956],[-132.2697,54.0984],[-132.2724,54.098],[-132.2789,54.1012],[-132.2833,54.0988],[-132.2906,54.1069],[-132.295,54.1078],[-132.298,54.1067],[-132.3011,54.1092],[-132.3115,54.1111],[-132.3142,54.1127],[-132.3132,54.114],[-132.3201,54.115],[-132.322,54.1107],[-132.3296,54.1131],[-132.331,54.1106],[-132.3443,54.1076],[-132.3482,54.1076],[-132.3491,54.1104],[-132.3514,54.1088],[-132.3538,54.1101],[-132.3553,54.1086],[-132.3628,54.11],[-132.3638,54.1078],[-132.3697,54.1081],[-132.3769,54.1059],[-132.3811,54.1022],[-132.3835,54.1043],[-132.3863,54.1019],[-132.3853,54.1046],[-132.3918,54.102],[-132.409,54.1005],[-132.4178,54.1024],[-132.4221,54.1004],[-132.4294,54.0999],[-132.434,54.1022],[-132.4388,54.0967],[-132.4374,54.0947],[-132.432,54.0935],[-132.4296,54.0868],[-132.4316,54.0847],[-132.4442,54.0893],[-132.4462,54.0837],[-132.4537,54.0832],[-132.4561,54.0789],[-132.467,54.0748],[-132.4719,54.069],[-132.487,54.0651],[-132.5,54.0637],[-132.5,54],[-132,54]],[[-132.1618,54.0015],[-132.1728,54.0121],[-132.1739,54.0105],[-132.1656,54],[-132.1616,54],[-132.1618,54.0015]],[[-132.2564,54.0857],[-132.2545,54.0874],[-132.2555,54.0912],[-132.2586,54.0895],[-132.2586,54.0851],[-132.2564,54.0857]],[[-132.2839,54.1019],[-132.2836,54.1045],[-132.2866,54.1048],[-132.2839,54.1019]],[[-132.3083,54.1117],[-132.305,54.1114],[-132.3039,54.1144],[-132.3056,54.1153],[-132.3083,54.1117]]],[[[-131.5,54.5],[-131.5,54],[-132,54],[-132,54.3967],[-131.9728,54.4052],[-131.6044,54.5],[-131.5,54.5]],[[-132,54],[-131.6959,54],[-131.6898,54.0169],[-131.6911,54.0237],[-131.6832,54.0373],[-131.6816,54.0504],[-131.677,54.0585],[-131.6737,54.0696],[-131.6734,54.0772],[-131.6754,54.0804],[-131.6746,54.09],[-131.6686,54.1045],[-131.6702,54.1072],[-131.6629,54.1277],[-131.6632,54.1326],[-131.6604,54.1377],[-131.6617,54.1394],[-131.6587,54.1491],[-131.6596,54.1546],[-131.6572,54.1656],[-131.6409,54.1922],[-131.6515,54.1818],[-131.6588,54.1679],[-131.6653,54.1603],[-131.6845,54.1406],[-131.7149,54.1121],[-131.7357,54.0985],[-131.7905,54.0737],[-131.7925,54.074],[-131.7926,54.0777],[-131.7951,54.0791],[-131.7993,54.0751],[-131.8198,54.0692],[-131.8288,54.0684],[-131.8369,54.0708],[-131.8457,54.065],[-131.8907,54.0486],[-131.9392,54.0368],[-131.9865,54.03],[-131.9926,54.0278],[-132,54.0296],[-132,54]]],[[[-131.5,54.5],[-131.6044,54.5],[-131.5842,54.5602],[-131.5,54.5928],[-131.5,54.5]]]]}}]}
